inventory_serial,slide_no,state,district,slide_name,location_description,latitude,longitude,material_involved,movement_type,history_raw,reported_history_date,source_pdf_path,source_pdf_page,source_table_label,source_row_text,spatial_linkage_status,matched_village_lgd_code,matched_village_name_en
27421,TN/NIL/58A12/2015-16/233,Tamil Nadu,Nilgiri,,Melkundah to Konnakorai,11.210556,76.644722,Earth,Slide,NA,,data/raw/events/landslide_report.pdf,693,LANDSLIDE INVENTORY (Field vaidated),27421 TN/NIL/58A12/2015-16/233 Tamil Nadu Nilgiri Melkundah to Konnakorai 11.210556 76.644722 Earth Slide NA,EXACT_POLYGON_MATCH,635121,Kinnakorai
27422,TN/NIL/58A12/2015-16/234,Tamil Nadu,Nilgiri,,Melkundah to Konnakorai,11.210556,76.645,Earth,Slide,NA,,data/raw/events/landslide_report.pdf,693,LANDSLIDE INVENTORY (Field vaidated),27422 TN/NIL/58A12/2015-16/234 Tamil Nadu Nilgiri Melkundah to Konnakorai 11.210556 76.645 Earth Slide NA,EXACT_POLYGON_MATCH,635121,Kinnakorai
27424,TN/NIL/58A12/2015-16/231,Tamil Nadu,Nilgiri,,Melkundah to Konnakorai,11.211111,76.629167,Debris,Slide,NA,,data/raw/events/landslide_report.pdf,693,LANDSLIDE INVENTORY (Field vaidated),27424 TN/NIL/58A12/2015-16/231 Tamil Nadu Nilgiri Melkundah to Konnakorai 11.211111 76.629167 Debris Slide NA,EXACT_POLYGON_MATCH,635120,Mel-Kundah
27425,TN/NIL/58A12/2015-16/232,Tamil Nadu,Nilgiri,,Melkundah to Konnakorai,11.211389,76.643889,Debris,Slide,NA,,data/raw/events/landslide_report.pdf,693,LANDSLIDE INVENTORY (Field vaidated),27425 TN/NIL/58A12/2015-16/232 Tamil Nadu Nilgiri Melkundah to Konnakorai 11.211389 76.643889 Debris Slide NA,EXACT_POLYGON_MATCH,635121,Kinnakorai
27426,TN/NIL/58A12/2015-16/230,Tamil Nadu,Nilgiri,,Melkundah to Konnakorai,11.213333,76.626111,Debris,Slide,NA,,data/raw/events/landslide_report.pdf,693,LANDSLIDE INVENTORY (Field vaidated),27426 TN/NIL/58A12/2015-16/230 Tamil Nadu Nilgiri Melkundah to Konnakorai 11.213333 76.626111 Debris Slide NA,EXACT_POLYGON_MATCH,635120,Mel-Kundah
27427,TN/NIL/58A12/2015-16/227,Tamil Nadu,Nilgiri,,Thiashola Tea Estate,11.215833,76.606111,Debris,Slide,NA,,data/raw/events/landslide_report.pdf,693,LANDSLIDE INVENTORY (Field vaidated),27427 TN/NIL/58A12/2015-16/227 Tamil Nadu Nilgiri Thiashola Tea Estate 11.215833 76.606111 Debris Slide NA,EXACT_POLYGON_MATCH,635120,Mel-Kundah
27428,TN/NIL/58A12/2015-16/226,Tamil Nadu,Nilgiri,,Thiashola Tea Estate,11.216111,76.606667,Debris,Slide,NA,,data/raw/events/landslide_report.pdf,693,LANDSLIDE INVENTORY (Field vaidated),27428 TN/NIL/58A12/2015-16/226 Tamil Nadu Nilgiri Thiashola Tea Estate 11.216111 76.606667 Debris Slide NA,EXACT_POLYGON_MATCH,635120,Mel-Kundah
27429,TN/NIL/58A12/2015-16/225,Tamil Nadu,Nilgiri,,Thiashola Tea Estate,11.217222,76.608889,Debris,Subsidence,NA,,data/raw/events/landslide_report.pdf,694,LANDSLIDE INVENTORY (Field vaidated),27429 TN/NIL/58A12/2015-16/225 Tamil Nadu Nilgiri Thiashola Tea Estate 11.217222 76.608889 Debris Subsidence NA,EXACT_POLYGON_MATCH,635120,Mel-Kundah
27430,TN/NIL/58A12/2015-16/224,Tamil Nadu,Nilgiri,,Thiashola Tea Estate,11.218889,76.610278,Earth,Slide,NA,,data/raw/events/landslide_report.pdf,694,LANDSLIDE INVENTORY (Field vaidated),27430 TN/NIL/58A12/2015-16/224 Tamil Nadu Nilgiri Thiashola Tea Estate 11.218889 76.610278 Earth Slide NA,EXACT_POLYGON_MATCH,635120,Mel-Kundah
27431,TN/NIL/58A12/2015-16/228,Tamil Nadu,Nilgiri,,"Todukkodal Malai, Korakundah",11.219444,76.596667,Debris,Slide,NA,,data/raw/events/landslide_report.pdf,694,LANDSLIDE INVENTORY (Field vaidated),"27431 TN/NIL/58A12/2015-16/228 Tamil Nadu Nilgiri Todukkodal Malai, Korakundah 11.219444 76.596667 Debris Slide NA",EXACT_POLYGON_MATCH,635120,Mel-Kundah
27432,TN/NIL/58A12/2015-16/222,Tamil Nadu,Nilgiri,,Thiashola Tea Estate,11.228333,76.615278,Earth,Slide,NA,,data/raw/events/landslide_report.pdf,694,LANDSLIDE INVENTORY (Field vaidated),27432 TN/NIL/58A12/2015-16/222 Tamil Nadu Nilgiri Thiashola Tea Estate 11.228333 76.615278 Earth Slide NA,EXACT_POLYGON_MATCH,635120,Mel-Kundah
27433,TN/NIL/58A15/2015-16/259,Tamil Nadu,Nilgiri,,Uliattu Coffee Estate,11.229167,76.635556,Debris,Slide,NA,,data/raw/events/landslide_report.pdf,694,LANDSLIDE INVENTORY (Field vaidated),27433 TN/NIL/58A15/2015-16/259 Tamil Nadu Nilgiri Uliattu Coffee Estate 11.229167 76.635556 Debris Slide NA,EXACT_POLYGON_MATCH,635120,Mel-Kundah
27434,TN/NIL/58A12/2015-16/229,Tamil Nadu,Nilgiri,,Melkundah to Konnakorai,11.229444,76.619444,Debris,Slide,NA,,data/raw/events/landslide_report.pdf,694,LANDSLIDE INVENTORY (Field vaidated),27434 TN/NIL/58A12/2015-16/229 Tamil Nadu Nilgiri Melkundah to Konnakorai 11.229444 76.619444 Debris Slide NA,EXACT_POLYGON_MATCH,635120,Mel-Kundah
27435,TN/NIL/58A15/2015-16/258,Tamil Nadu,Nilgiri,,Uliattu Coffee Estate,11.229722,76.634722,Debris,Slide,NA,,data/raw/events/landslide_report.pdf,694,LANDSLIDE INVENTORY (Field vaidated),27435 TN/NIL/58A15/2015-16/258 Tamil Nadu Nilgiri Uliattu Coffee Estate 11.229722 76.634722 Debris Slide NA,EXACT_POLYGON_MATCH,635120,Mel-Kundah
27436,TN/NIL/58A12/2015-16/221,Tamil Nadu,Nilgiri,,Thiashola Tea Estate,11.23,76.620278,Earth,Slide,NA,,data/raw/events/landslide_report.pdf,694,LANDSLIDE INVENTORY (Field vaidated),27436 TN/NIL/58A12/2015-16/221 Tamil Nadu Nilgiri Thiashola Tea Estate 11.23 76.620278 Earth Slide NA,EXACT_POLYGON_MATCH,635120,Mel-Kundah
27437,TN/NIL/58A12/2015-16/223,Tamil Nadu,Nilgiri,,Thiashola Tea Estate,11.232778,76.613889,Debris,Slide,NA,,data/raw/events/landslide_report.pdf,694,LANDSLIDE INVENTORY (Field vaidated),27437 TN/NIL/58A12/2015-16/223 Tamil Nadu Nilgiri Thiashola Tea Estate 11.232778 76.613889 Debris Slide NA,EXACT_POLYGON_MATCH,635120,Mel-Kundah
27438,TN/NIL/58A12/2015-16/220,Tamil Nadu,Nilgiri,,Melkunda to Kaishola Tea Estate,11.233611,76.625278,Earth,Slide,NA,,data/raw/events/landslide_report.pdf,694,LANDSLIDE INVENTORY (Field vaidated),27438 TN/NIL/58A12/2015-16/220 Tamil Nadu Nilgiri Melkunda to Kaishola Tea 11.233611 76.625278 Earth Slide NA Estate,EXACT_POLYGON_MATCH,635120,Mel-Kundah
27439,TN/NIL/58A15/2015-16/243,Tamil Nadu,Nilgiri,,Near Geddai village,11.248333,76.664167,Earth,Slide,NA,,data/raw/events/landslide_report.pdf,694,LANDSLIDE INVENTORY (Field vaidated),27439 TN/NIL/58A15/2015-16/243 Tamil Nadu Nilgiri Near Geddai village 11.248333 76.664167 Earth Slide NA,NO_EXACT_POLYGON_MATCH,,
27440,TN/NIL/58A15/2015-16/242,Tamil Nadu,Nilgiri,,North of Geddai,11.249167,76.663889,Earth,Slide,NA,,data/raw/events/landslide_report.pdf,694,LANDSLIDE INVENTORY (Field vaidated),27440 TN/NIL/58A15/2015-16/242 Tamil Nadu Nilgiri North of Geddai 11.249167 76.663889 Earth Slide NA,NO_EXACT_POLYGON_MATCH,,
27441,TN/NIL/58A15/2015-16/241,Tamil Nadu,Nilgiri,,North of Geddai,11.25,76.665278,Debris,Slide,NA,,data/raw/events/landslide_report.pdf,694,LANDSLIDE INVENTORY (Field vaidated),27441 TN/NIL/58A15/2015-16/241 Tamil Nadu Nilgiri North of Geddai 11.25 76.665278 Debris Slide NA,NO_EXACT_POLYGON_MATCH,,
27442,TN/NIL/58A11/2015-16/152,Tamil Nadu,Nilgiri,,Avalanche,11.251667,76.691111,Debris,Slide,NA,,data/raw/events/landslide_report.pdf,694,LANDSLIDE INVENTORY (Field vaidated),27442 TN/NIL/58A11/2015-16/152 Tamil Nadu Nilgiri Avalanche 11.251667 76.691111 Debris Slide NA,NO_EXACT_POLYGON_MATCH,,
27443,TN/NIL/58A11/2015-16/145,Tamil Nadu,Nilgiri,,Cheranur village,11.251944,76.626944,Debris,Subsidence,NA,,data/raw/events/landslide_report.pdf,694,LANDSLIDE INVENTORY (Field vaidated),27443 TN/NIL/58A11/2015-16/145 Tamil Nadu Nilgiri Cheranur village 11.251944 76.626944 Debris Subsidence NA,NO_EXACT_POLYGON_MATCH,,
27444,TN/NIL/58A11/2015-16/144,Tamil Nadu,Nilgiri,,Cheranur village,11.253333,76.626111,Debris,Slide,NA,,data/raw/events/landslide_report.pdf,694,LANDSLIDE INVENTORY (Field vaidated),27444 TN/NIL/58A11/2015-16/144 Tamil Nadu Nilgiri Cheranur village 11.253333 76.626111 Debris Slide NA,NO_EXACT_POLYGON_MATCH,,
27445,TN/NIL/58A11/2015-16/146,Tamil Nadu,Nilgiri,,Doddakambo village,11.254444,76.626667,Earth,Slide,NA,,data/raw/events/landslide_report.pdf,694,LANDSLIDE INVENTORY (Field vaidated),27445 TN/NIL/58A11/2015-16/146 Tamil Nadu Nilgiri Doddakambo village 11.254444 76.626667 Earth Slide NA,NO_EXACT_POLYGON_MATCH,,
27446,TN/NIL/58A11/2015-16/150,Tamil Nadu,Nilgiri,,"Nariadu Betta hill, Avalanche",11.254444,76.626667,Debris,Slide,NA,,data/raw/events/landslide_report.pdf,694,LANDSLIDE INVENTORY (Field vaidated),"27446 TN/NIL/58A11/2015-16/150 Tamil Nadu Nilgiri Nariadu Betta hill, Avalanche 11.254444 76.626667 Debris Slide NA",NO_EXACT_POLYGON_MATCH,,
27447,TN/NIL/58A11/2015-16/147,Tamil Nadu,Nilgiri,,Cheranur village,11.254722,76.6275,Earth,Slide,NA,,data/raw/events/landslide_report.pdf,694,LANDSLIDE INVENTORY (Field vaidated),27447 TN/NIL/58A11/2015-16/147 Tamil Nadu Nilgiri Cheranur village 11.254722 76.6275 Earth Slide NA,NO_EXACT_POLYGON_MATCH,,
27448,TN/NIL/58A11/2015-16/143,Tamil Nadu,Nilgiri,,Devashola village,11.255278,76.628611,Earth,Slide,NA,,data/raw/events/landslide_report.pdf,694,LANDSLIDE INVENTORY (Field vaidated),27448 TN/NIL/58A11/2015-16/143 Tamil Nadu Nilgiri Devashola village 11.255278 76.628611 Earth Slide NA,NO_EXACT_POLYGON_MATCH,,
27449,TN/NIL/58A11/2015-16/142,Tamil Nadu,Nilgiri,,Mullimalai village,11.256389,76.631389,Debris,Slide,NA,,data/raw/events/landslide_report.pdf,694,LANDSLIDE INVENTORY (Field vaidated),27449 TN/NIL/58A11/2015-16/142 Tamil Nadu Nilgiri Mullimalai village 11.256389 76.631389 Debris Slide NA,NO_EXACT_POLYGON_MATCH,,
27450,TN/NIL/58A11/2015-16/148,Tamil Nadu,Nilgiri,,Doddakambo village,11.258333,76.619444,Debris,Slide,NA,,data/raw/events/landslide_report.pdf,694,LANDSLIDE INVENTORY (Field vaidated),27450 TN/NIL/58A11/2015-16/148 Tamil Nadu Nilgiri Doddakambo village 11.258333 76.619444 Debris Slide NA,NO_EXACT_POLYGON_MATCH,,
27451,TN/NIL/58A11/2015-16/154,Tamil Nadu,Nilgiri,,"Avalanche, towards Devar Betta",11.258611,76.574444,Debris,Slide,NA,,data/raw/events/landslide_report.pdf,694,LANDSLIDE INVENTORY (Field vaidated),"27451 TN/NIL/58A11/2015-16/154 Tamil Nadu Nilgiri Avalanche, towards Devar Betta 11.258611 76.574444 Debris Slide NA",EXACT_POLYGON_MATCH,635118,Mulligoor
27452,TN/NIL/58A11/2015-16/92,Tamil Nadu,Nilgiri,,Mulligur village,11.276111,76.621111,Debris,Slide,NA,,data/raw/events/landslide_report.pdf,694,LANDSLIDE INVENTORY (Field vaidated),27452 TN/NIL/58A11/2015-16/92 Tamil Nadu Nilgiri Mulligur village 11.276111 76.621111 Debris Slide NA,EXACT_POLYGON_MATCH,635118,Mulligoor
27453,TN/NIL/58A11/2015-16/105,Tamil Nadu,Nilgiri,,Kundapalem to Bengal Mattam,11.280556,76.651111,Debris,Slide,NA,,data/raw/events/landslide_report.pdf,694,LANDSLIDE INVENTORY (Field vaidated),27453 TN/NIL/58A11/2015-16/105 Tamil Nadu Nilgiri Kundapalem to Bengal Mattam 11.280556 76.651111 Debris Slide NA,NO_EXACT_POLYGON_MATCH,,
27454,TN/NIL/58A11/2015-16/107,Tamil Nadu,Nilgiri,,Kundapalem to Bengal Mattam,11.280833,76.656667,Rock,Slide,NA,,data/raw/events/landslide_report.pdf,694,LANDSLIDE INVENTORY (Field vaidated),27454 TN/NIL/58A11/2015-16/107 Tamil Nadu Nilgiri Kundapalem to Bengal Mattam 11.280833 76.656667 Rock Slide NA,EXACT_POLYGON_MATCH,635119,Balacola-1
27455,TN/NIL/58A11/2015-16/108,Tamil Nadu,Nilgiri,,"Kundapalem to Bengal Mattam, HPB no. 6/9",11.281389,76.658611,Earth,Slide,NA,,data/raw/events/landslide_report.pdf,694,LANDSLIDE INVENTORY (Field vaidated),"27455 TN/NIL/58A11/2015-16/108 Tamil Nadu Nilgiri Kundapalem to Bengal Mattam, 11.281389 76.658611 Earth Slide NA HPB no. 6/9",EXACT_POLYGON_MATCH,635119,Balacola-1
27456,TN/NIL/58A11/2015-16/106,Tamil Nadu,Nilgiri,,Kunda power house,11.283333,76.65,Debris,Slide,NA,,data/raw/events/landslide_report.pdf,694,LANDSLIDE INVENTORY (Field vaidated),27456 TN/NIL/58A11/2015-16/106 Tamil Nadu Nilgiri Kunda power house 11.283333 76.65 Debris Slide NA,NO_EXACT_POLYGON_MATCH,,
27457,TN/NIL/58A11/2015-16/151,Tamil Nadu,Nilgiri,,"Nariadu Betta hill, Avalanche",11.284722,76.579167,Debris,Slide,NA,,data/raw/events/landslide_report.pdf,694,LANDSLIDE INVENTORY (Field vaidated),"27457 TN/NIL/58A11/2015-16/151 Tamil Nadu Nilgiri Nariadu Betta hill, Avalanche 11.284722 76.579167 Debris Slide NA",EXACT_POLYGON_MATCH,635118,Mulligoor
27458,TN/NIL/58A11/2015-16/153,Tamil Nadu,Nilgiri,,"Avalanche, towards Devar Betta",11.285,76.575556,Debris,Slide,NA,,data/raw/events/landslide_report.pdf,694,LANDSLIDE INVENTORY (Field vaidated),"27458 TN/NIL/58A11/2015-16/153 Tamil Nadu Nilgiri Avalanche, towards Devar 11.285 76.575556 Debris Slide NA Betta",EXACT_POLYGON_MATCH,635118,Mulligoor
27459,TN/NIL/58A11/2015-16/124,Tamil Nadu,Nilgiri,,Manjakambe to Melur road,11.286111,76.690278,Debris,Slide,NA,,data/raw/events/landslide_report.pdf,694,LANDSLIDE INVENTORY (Field vaidated),27459 TN/NIL/58A11/2015-16/124 Tamil Nadu Nilgiri Manjakambe to Melur road 11.286111 76.690278 Debris Slide NA,EXACT_POLYGON_MATCH,635119,Balacola-1
27460,TN/NIL/58A11/2015-16/155,Tamil Nadu,Nilgiri,,"Nariadu Betta, Avalanche",11.288056,76.585278,Debris,Slide,NA,,data/raw/events/landslide_report.pdf,694,LANDSLIDE INVENTORY (Field vaidated),"27460 TN/NIL/58A11/2015-16/155 Tamil Nadu Nilgiri Nariadu Betta, Avalanche 11.288056 76.585278 Debris Slide NA",EXACT_POLYGON_MATCH,635118,Mulligoor
27461,TN/NIL/58A11/2015-16/109,Tamil Nadu,Nilgiri,,"Kundapalam to Bengal Mattam, HPB no. 4 25/4",11.288333,76.668333,Debris,Slide,NA,,data/raw/events/landslide_report.pdf,694,LANDSLIDE INVENTORY (Field vaidated),"27461 TN/NIL/58A11/2015-16/109 Tamil Nadu Nilgiri Kundapalam to Bengal Mattam, 11.288333 76.668333 Debris Slide NA HPB no. 4 25/4",EXACT_POLYGON_MATCH,635119,Balacola-1
27462,TN/NIL/58A11/2015-16/156,Tamil Nadu,Nilgiri,,Avalanche,11.288889,76.578611,Earth,Slide,NA,,data/raw/events/landslide_report.pdf,694,LANDSLIDE INVENTORY (Field vaidated),27462 TN/NIL/58A11/2015-16/156 Tamil Nadu Nilgiri Avalanche 11.288889 76.578611 Earth Slide NA,EXACT_POLYGON_MATCH,635118,Mulligoor
27463,TN/NIL/58A11/2015-16/104,Tamil Nadu,Nilgiri,,"Yedakad to Bengal Mattam, HPB no:13/34",11.289722,76.646667,Debris,Slide,NA,,data/raw/events/landslide_report.pdf,694,LANDSLIDE INVENTORY (Field vaidated),"27463 TN/NIL/58A11/2015-16/104 Tamil Nadu Nilgiri Yedakad to Bengal Mattam, 11.289722 76.646667 Debris Slide NA HPB no:13/34",NO_EXACT_POLYGON_MATCH,,
27464,TN/NIL/58A11/2015-16/158,Tamil Nadu,Nilgiri,,"Kudiakadu Betta, Avalanche",11.291667,76.575,Debris,Slide,NA,,data/raw/events/landslide_report.pdf,694,LANDSLIDE INVENTORY (Field vaidated),"27464 TN/NIL/58A11/2015-16/158 Tamil Nadu Nilgiri Kudiakadu Betta, Avalanche 11.291667 76.575 Debris Slide NA",EXACT_POLYGON_MATCH,635118,Mulligoor
27465,TN/NIL/58A11/2015-16/157,Tamil Nadu,Nilgiri,,Avalanche,11.292778,76.581667,Debris,Slide,NA,,data/raw/events/landslide_report.pdf,694,LANDSLIDE INVENTORY (Field vaidated),27465 TN/NIL/58A11/2015-16/157 Tamil Nadu Nilgiri Avalanche 11.292778 76.581667 Debris Slide NA,EXACT_POLYGON_MATCH,635118,Mulligoor
27466,TN/NIL/58A11/2015-16/110,Tamil Nadu,Nilgiri,,Kothi Ben village C.No: 24/2,11.293611,76.679722,Earth,Slide,NA,,data/raw/events/landslide_report.pdf,694,LANDSLIDE INVENTORY (Field vaidated),27466 TN/NIL/58A11/2015-16/110 Tamil Nadu Nilgiri Kothi Ben village C.No: 24/2 11.293611 76.679722 Earth Slide NA,EXACT_POLYGON_MATCH,635119,Balacola-1
27467,TN/NIL/58A11/2015-16/115,Tamil Nadu,Nilgiri,,Near Katteri Dam,11.293611,76.679722,Earth,Slide,NA,,data/raw/events/landslide_report.pdf,694,LANDSLIDE INVENTORY (Field vaidated),27467 TN/NIL/58A11/2015-16/115 Tamil Nadu Nilgiri Near Katteri Dam 11.293611 76.679722 Earth Slide NA,EXACT_POLYGON_MATCH,635119,Balacola-1
27468,TN/NIL/58A11/2015-16/159,Tamil Nadu,Nilgiri,,Avalanche check post,11.295833,76.595833,Debris,Slide,NA,,data/raw/events/landslide_report.pdf,694,LANDSLIDE INVENTORY (Field vaidated),27468 TN/NIL/58A11/2015-16/159 Tamil Nadu Nilgiri Avalanche check post 11.295833 76.595833 Debris Slide NA,EXACT_POLYGON_MATCH,635118,Mulligoor
27469,TN/NIL/58A11/2015-16/111,Tamil Nadu,Nilgiri,,Kothi Ben C.No: 24/2 towards Devashola,11.296111,76.679444,Debris,Slide,NA,,data/raw/events/landslide_report.pdf,695,LANDSLIDE INVENTORY (Field vaidated),27469 TN/NIL/58A11/2015-16/111 Tamil Nadu Nilgiri Kothi Ben C.No: 24/2 towards 11.296111 76.679444 Debris Slide NA Devashola,EXACT_POLYGON_MATCH,635119,Balacola-1
27470,TN/NIL/58A11/2015-16/112,Tamil Nadu,Nilgiri,,"Rock Land, PC.No:21/5",11.302222,76.688611,Debris,Slide,NA,,data/raw/events/landslide_report.pdf,695,LANDSLIDE INVENTORY (Field vaidated),"27470 TN/NIL/58A11/2015-16/112 Tamil Nadu Nilgiri Rock Land, PC.No:21/5 11.302222 76.688611 Debris Slide NA",EXACT_POLYGON_MATCH,635119,Balacola-1
27471,TN/NIL/58A11/2015-16/100,Tamil Nadu,Nilgiri,,Kanneri to Yedakad village,11.302222,76.647778,Debris,Slide,NA,,data/raw/events/landslide_report.pdf,695,LANDSLIDE INVENTORY (Field vaidated),27471 TN/NIL/58A11/2015-16/100 Tamil Nadu Nilgiri Kanneri to Yedakad village 11.302222 76.647778 Debris Slide NA,EXACT_POLYGON_MATCH,635117,Ithalar 1
27472,TN/NIL/58A11/2015-16/113,Tamil Nadu,Nilgiri,,Rock Land to Devashola,11.3025,76.69,Debris,Slide,NA,,data/raw/events/landslide_report.pdf,695,LANDSLIDE INVENTORY (Field vaidated),27472 TN/NIL/58A11/2015-16/113 Tamil Nadu Nilgiri Rock Land to Devashola 11.3025 76.69 Debris Slide NA,EXACT_POLYGON_MATCH,635119,Balacola-1
27473,TN/NIL/58A11/2015-16/122,Tamil Nadu,Nilgiri,,"MS.No:25/2, Kilinchada towards Kolakombai",11.302778,76.745833,Debris,Slide,NA,,data/raw/events/landslide_report.pdf,695,LANDSLIDE INVENTORY (Field vaidated),"27473 TN/NIL/58A11/2015-16/122 Tamil Nadu Nilgiri MS.No:25/2, Kilinchada towards 11.302778 76.745833 Debris Slide NA Kolakombai",NO_EXACT_POLYGON_MATCH,,
27474,TN/NIL/58A11/2015-16/133,Tamil Nadu,Nilgiri,,Alhada Valley Tea Estate,11.303611,76.731667,Debris,Slide,NA,,data/raw/events/landslide_report.pdf,695,LANDSLIDE INVENTORY (Field vaidated),27474 TN/NIL/58A11/2015-16/133 Tamil Nadu Nilgiri Alhada Valley Tea Estate 11.303611 76.731667 Debris Slide NA,NO_EXACT_POLYGON_MATCH,,
27475,TN/NIL/58A11/2015-16/91,Tamil Nadu,Nilgiri,,"Gandhi Puthur to Kunda Kotagiri, PC.No: 22/4",11.303889,76.631944,Debris,Slide,NA,,data/raw/events/landslide_report.pdf,695,LANDSLIDE INVENTORY (Field vaidated),"27475 TN/NIL/58A11/2015-16/91 Tamil Nadu Nilgiri Gandhi Puthur to Kunda 11.303889 76.631944 Debris Slide NA Kotagiri, PC.No: 22/4",EXACT_POLYGON_MATCH,635118,Mulligoor
27476,TN/NIL/58A15/2015-16/312,Tamil Nadu,Nilgiri,,North of Thangadu,11.304167,76.681944,Debris,Slide,NA,,data/raw/events/landslide_report.pdf,695,LANDSLIDE INVENTORY (Field vaidated),27476 TN/NIL/58A15/2015-16/312 Tamil Nadu Nilgiri North of Thangadu 11.304167 76.681944 Debris Slide NA,EXACT_POLYGON_MATCH,635119,Balacola-1
27477,TN/NIL/58A11/2015-16/90,Tamil Nadu,Nilgiri,,Gandhi Puthur MS.No: 66/2,11.305278,76.626111,Debris,Subsidence,NA,,data/raw/events/landslide_report.pdf,695,LANDSLIDE INVENTORY (Field vaidated),27477 TN/NIL/58A11/2015-16/90 Tamil Nadu Nilgiri Gandhi Puthur MS.No: 66/2 11.305278 76.626111 Debris Subsidence NA,EXACT_POLYGON_MATCH,635118,Mulligoor
27478,TN/NIL/58A11/2015-16/99,Tamil Nadu,Nilgiri,,Kanneri to Yedakad village,11.308333,76.653056,Debris,Slide,NA,,data/raw/events/landslide_report.pdf,695,LANDSLIDE INVENTORY (Field vaidated),27478 TN/NIL/58A11/2015-16/99 Tamil Nadu Nilgiri Kanneri to Yedakad village 11.308333 76.653056 Debris Slide NA,EXACT_POLYGON_MATCH,635119,Balacola-1
27479,TN/NIL/58A11/2015-16/103,Tamil Nadu,Nilgiri,,"PC.No:19/2, Emarald towards Yedakad",11.308333,76.623611,Debris,Slide,NA,,data/raw/events/landslide_report.pdf,695,LANDSLIDE INVENTORY (Field vaidated),"27479 TN/NIL/58A11/2015-16/103 Tamil Nadu Nilgiri PC.No:19/2, Emarald towards 11.308333 76.623611 Debris Slide NA Yedakad",EXACT_POLYGON_MATCH,635118,Mulligoor
27480,TN/NIL/58A11/2015-16/123,Tamil Nadu,Nilgiri,,2 Km SE of Hulikal village,11.309722,76.748611,Earth,Slide,NA,,data/raw/events/landslide_report.pdf,695,LANDSLIDE INVENTORY (Field vaidated),27480 TN/NIL/58A11/2015-16/123 Tamil Nadu Nilgiri 2 Km SE of Hulikal village 11.309722 76.748611 Earth Slide NA,NO_EXACT_POLYGON_MATCH,,
27481,TN/NIL/58A11/2015-16/98,Tamil Nadu,Nilgiri,,Kanneri to Yedakad village,11.309722,76.6575,Earth,Slide,NA,,data/raw/events/landslide_report.pdf,695,LANDSLIDE INVENTORY (Field vaidated),27481 TN/NIL/58A11/2015-16/98 Tamil Nadu Nilgiri Kanneri to Yedakad village 11.309722 76.6575 Earth Slide NA,EXACT_POLYGON_MATCH,635119,Balacola-1
27482,TN/NIL/58A11/2015-16/102,Tamil Nadu,Nilgiri,,Tangadu village,11.310278,76.642778,Debris,Slide,NA,,data/raw/events/landslide_report.pdf,695,LANDSLIDE INVENTORY (Field vaidated),27482 TN/NIL/58A11/2015-16/102 Tamil Nadu Nilgiri Tangadu village 11.310278 76.642778 Debris Slide NA,EXACT_POLYGON_MATCH,635117,Ithalar 1
27483,TN/NIL/58A11/2015-16/97,Tamil Nadu,Nilgiri,,Mandanai village,11.310556,76.661944,Debris,Slide,NA,,data/raw/events/landslide_report.pdf,695,LANDSLIDE INVENTORY (Field vaidated),27483 TN/NIL/58A11/2015-16/97 Tamil Nadu Nilgiri Mandanai village 11.310556 76.661944 Debris Slide NA,EXACT_POLYGON_MATCH,635119,Balacola-1
27484,TN/NIL/58A11/2015-16/135,Tamil Nadu,Nilgiri,,Kaichola to Devashola village,11.311667,76.691111,Debris,Slide,NA,,data/raw/events/landslide_report.pdf,695,LANDSLIDE INVENTORY (Field vaidated),27484 TN/NIL/58A11/2015-16/135 Tamil Nadu Nilgiri Kaichola to Devashola village 11.311667 76.691111 Debris Slide NA,NO_EXACT_POLYGON_MATCH,,
27485,TN/NIL/58A11/2015-16/96,Tamil Nadu,Nilgiri,,"T.Oranali,HPB.No: 2/9",11.311667,76.661944,Debris,Slide,NA,,data/raw/events/landslide_report.pdf,695,LANDSLIDE INVENTORY (Field vaidated),"27485 TN/NIL/58A11/2015-16/96 Tamil Nadu Nilgiri T.Oranali,HPB.No: 2/9 11.311667 76.661944 Debris Slide NA",EXACT_POLYGON_MATCH,635119,Balacola-1
27486,TN/NIL/58A11/2015-16/78,Tamil Nadu,Nilgiri,,Emarald village,11.311944,76.625556,Earth,Slide,NA,,data/raw/events/landslide_report.pdf,695,LANDSLIDE INVENTORY (Field vaidated),27486 TN/NIL/58A11/2015-16/78 Tamil Nadu Nilgiri Emarald village 11.311944 76.625556 Earth Slide NA,EXACT_POLYGON_MATCH,635118,Mulligoor
27487,TN/NIL/58A11/2015-16/134,Tamil Nadu,Nilgiri,,Kaichola village,11.311944,76.698056,Debris,Slide,NA,,data/raw/events/landslide_report.pdf,695,LANDSLIDE INVENTORY (Field vaidated),27487 TN/NIL/58A11/2015-16/134 Tamil Nadu Nilgiri Kaichola village 11.311944 76.698056 Debris Slide NA,NO_EXACT_POLYGON_MATCH,,
27488,TN/NIL/58A11/2015-16/132,Tamil Nadu,Nilgiri,,Kunnakambe Village,11.312778,76.712222,Debris,Slide,NA,,data/raw/events/landslide_report.pdf,695,LANDSLIDE INVENTORY (Field vaidated),27488 TN/NIL/58A11/2015-16/132 Tamil Nadu Nilgiri Kunnakambe Village 11.312778 76.712222 Debris Slide NA,NO_EXACT_POLYGON_MATCH,,
27489,TN/NIL/58A11/2015-16/340,Tamil Nadu,Nilgiri,,Sillahalla,11.313611,76.648333,Debris,Slide,NA,,data/raw/events/landslide_report.pdf,695,LANDSLIDE INVENTORY (Field vaidated),27489 TN/NIL/58A11/2015-16/340 Tamil Nadu Nilgiri Sillahalla 11.313611 76.648333 Debris Slide NA,EXACT_POLYGON_MATCH,635117,Ithalar 1
27490,TN/NIL/58A11/2015-16/339,Tamil Nadu,Nilgiri,,Sillahalla,11.313889,76.650278,Debris,Slide,NA,,data/raw/events/landslide_report.pdf,695,LANDSLIDE INVENTORY (Field vaidated),27490 TN/NIL/58A11/2015-16/339 Tamil Nadu Nilgiri Sillahalla 11.313889 76.650278 Debris Slide NA,EXACT_POLYGON_MATCH,635117,Ithalar 1
27491,TN/NIL/58A11/2015-16/341,Tamil Nadu,Nilgiri,,Sillahalla,11.313889,76.648611,Debris,Slide,NA,,data/raw/events/landslide_report.pdf,695,LANDSLIDE INVENTORY (Field vaidated),27491 TN/NIL/58A11/2015-16/341 Tamil Nadu Nilgiri Sillahalla 11.313889 76.648611 Debris Slide NA,EXACT_POLYGON_MATCH,635117,Ithalar 1
27492,TN/NIL/58A11/2015-16/342,Tamil Nadu,Nilgiri,,Sillahalla,11.314444,76.648333,Debris,Slide,NA,,data/raw/events/landslide_report.pdf,695,LANDSLIDE INVENTORY (Field vaidated),27492 TN/NIL/58A11/2015-16/342 Tamil Nadu Nilgiri Sillahalla 11.314444 76.648333 Debris Slide NA,EXACT_POLYGON_MATCH,635117,Ithalar 1
27493,TN/NIL/58A15/2015-16/287,Tamil Nadu,Nilgiri,,Sillahalla,11.31472,76.64861,Debris,Slide,NA,,data/raw/events/landslide_report.pdf,695,LANDSLIDE INVENTORY (Field vaidated),27493 TN/NIL/58A15/2015-16/287 Tamil Nadu Nilgiri Sillahalla 11.31472 76.64861 Debris Slide NA,EXACT_POLYGON_MATCH,635117,Ithalar 1
27494,TN/NIL/58A11/2015-16/138,Tamil Nadu,Nilgiri,,Devashola village,11.314722,76.686944,Debris,Subsidence,NA,,data/raw/events/landslide_report.pdf,695,LANDSLIDE INVENTORY (Field vaidated),27494 TN/NIL/58A11/2015-16/138 Tamil Nadu Nilgiri Devashola village 11.314722 76.686944 Debris Subsidence NA,EXACT_POLYGON_MATCH,635119,Balacola-1
27495,TN/NIL/58A11/2015-16/338,Tamil Nadu,Nilgiri,,Sillahalla,11.315556,76.65,Debris,Slide,NA,,data/raw/events/landslide_report.pdf,695,LANDSLIDE INVENTORY (Field vaidated),27495 TN/NIL/58A11/2015-16/338 Tamil Nadu Nilgiri Sillahalla 11.315556 76.65 Debris Slide NA,EXACT_POLYGON_MATCH,635117,Ithalar 1
27496,TN/NIL/58A11/2015-16/160,Tamil Nadu,Nilgiri,,Emarald village,11.315833,76.622222,Debris,Slide,NA,,data/raw/events/landslide_report.pdf,695,LANDSLIDE INVENTORY (Field vaidated),27496 TN/NIL/58A11/2015-16/160 Tamil Nadu Nilgiri Emarald village 11.315833 76.622222 Debris Slide NA,EXACT_POLYGON_MATCH,635118,Mulligoor
27497,TN/NIL/58A11/2015-16/136,Tamil Nadu,Nilgiri,,Kaichola to Devashola village,11.316389,76.688333,Debris,Slide,NA,,data/raw/events/landslide_report.pdf,695,LANDSLIDE INVENTORY (Field vaidated),27497 TN/NIL/58A11/2015-16/136 Tamil Nadu Nilgiri Kaichola to Devashola village 11.316389 76.688333 Debris Slide NA,EXACT_POLYGON_MATCH,635119,Balacola-1
27498,TN/NIL/58A11/2015-16/137,Tamil Nadu,Nilgiri,,Devashola village,11.316389,76.688333,Debris,Slide,NA,,data/raw/events/landslide_report.pdf,695,LANDSLIDE INVENTORY (Field vaidated),27498 TN/NIL/58A11/2015-16/137 Tamil Nadu Nilgiri Devashola village 11.316389 76.688333 Debris Slide NA,EXACT_POLYGON_MATCH,635119,Balacola-1
27499,TN/NIL/58A11/2015-16/139,Tamil Nadu,Nilgiri,,Devashola village,11.3175,76.69,Debris,Slide,NA,,data/raw/events/landslide_report.pdf,695,LANDSLIDE INVENTORY (Field vaidated),27499 TN/NIL/58A11/2015-16/139 Tamil Nadu Nilgiri Devashola village 11.3175 76.69 Debris Slide NA,EXACT_POLYGON_MATCH,635119,Balacola-1
27500,TN/NIL/58A11/2015-16/141,Tamil Nadu,Nilgiri,,Devashola village,11.3175,76.690833,Debris,Slide,NA,,data/raw/events/landslide_report.pdf,695,LANDSLIDE INVENTORY (Field vaidated),27500 TN/NIL/58A11/2015-16/141 Tamil Nadu Nilgiri Devashola village 11.3175 76.690833 Debris Slide NA,EXACT_POLYGON_MATCH,635119,Balacola-1
27501,TN/NIL/58A11/2015-16/75,Tamil Nadu,Nilgiri,,"Emarald to Avalanche, MS.No:17/4",11.318333,76.624444,Debris,Slide,NA,,data/raw/events/landslide_report.pdf,695,LANDSLIDE INVENTORY (Field vaidated),"27501 TN/NIL/58A11/2015-16/75 Tamil Nadu Nilgiri Emarald to Avalanche, 11.318333 76.624444 Debris Slide NA MS.No:17/4",EXACT_POLYGON_MATCH,635117,Ithalar 1
27502,TN/NIL/58A11/2015-16/149,Tamil Nadu,Nilgiri,,Devashola village,11.318333,76.691111,Debris,Subsidence,NA,,data/raw/events/landslide_report.pdf,695,LANDSLIDE INVENTORY (Field vaidated),27502 TN/NIL/58A11/2015-16/149 Tamil Nadu Nilgiri Devashola village 11.318333 76.691111 Debris Subsidence NA,EXACT_POLYGON_MATCH,635119,Balacola-1
27503,TN/NIL/58A15/2015-16/313,Tamil Nadu,Nilgiri,,"HPB.No: 1/8, Thangadu to Kathadimattam",11.318333,76.678611,Debris,Slide,NA,,data/raw/events/landslide_report.pdf,695,LANDSLIDE INVENTORY (Field vaidated),"27503 TN/NIL/58A15/2015-16/313 Tamil Nadu Nilgiri HPB.No: 1/8, Thangadu to 11.318333 76.678611 Debris Slide NA Kathadimattam",EXACT_POLYGON_MATCH,635119,Balacola-1
27504,TN/NIL/58A11/2015-16/95,Tamil Nadu,Nilgiri,,Tangadu village,11.318611,76.663889,Debris,Slide,NA,,data/raw/events/landslide_report.pdf,695,LANDSLIDE INVENTORY (Field vaidated),27504 TN/NIL/58A11/2015-16/95 Tamil Nadu Nilgiri Tangadu village 11.318611 76.663889 Debris Slide NA,EXACT_POLYGON_MATCH,635119,Balacola-1
27505,TN/NIL/58A11/2015-16/94,Tamil Nadu,Nilgiri,,Tangadu village,11.318889,76.666389,Earth,Slide,NA,,data/raw/events/landslide_report.pdf,695,LANDSLIDE INVENTORY (Field vaidated),27505 TN/NIL/58A11/2015-16/94 Tamil Nadu Nilgiri Tangadu village 11.318889 76.666389 Earth Slide NA,EXACT_POLYGON_MATCH,635119,Balacola-1
27506,TN/NIL/58A11/2015-16/77,Tamil Nadu,Nilgiri,,Emarald village,11.319444,76.622222,Debris,Slide,NA,,data/raw/events/landslide_report.pdf,695,LANDSLIDE INVENTORY (Field vaidated),27506 TN/NIL/58A11/2015-16/77 Tamil Nadu Nilgiri Emarald village 11.319444 76.622222 Debris Slide NA,EXACT_POLYGON_MATCH,635117,Ithalar 1
27507,TN/NIL/58A15/2015-16/314,Tamil Nadu,Nilgiri,,Thangadu to Kathadimattam,11.319722,76.680278,Debris,Slide,NA,,data/raw/events/landslide_report.pdf,695,LANDSLIDE INVENTORY (Field vaidated),27507 TN/NIL/58A15/2015-16/314 Tamil Nadu Nilgiri Thangadu to Kathadimattam 11.319722 76.680278 Debris Slide NA,EXACT_POLYGON_MATCH,635119,Balacola-1
27508,TN/NIL/58A11/2015-16/131,Tamil Nadu,Nilgiri,,Sunny Dale Tea Estate,11.320833,76.726389,Debris,Slide,NA,,data/raw/events/landslide_report.pdf,695,LANDSLIDE INVENTORY (Field vaidated),27508 TN/NIL/58A11/2015-16/131 Tamil Nadu Nilgiri Sunny Dale Tea Estate 11.320833 76.726389 Debris Slide NA,NO_EXACT_POLYGON_MATCH,,
27509,TN/NIL/58A11/2015-16/128,Tamil Nadu,Nilgiri,,2.5 km ESE of Koderi village,11.320833,76.726389,Debris,Slide,NA,,data/raw/events/landslide_report.pdf,695,LANDSLIDE INVENTORY (Field vaidated),27509 TN/NIL/58A11/2015-16/128 Tamil Nadu Nilgiri 2.5 km ESE of Koderi village 11.320833 76.726389 Debris Slide NA,NO_EXACT_POLYGON_MATCH,,
27510,TN/NIL/58A11/2015-16/118,Tamil Nadu,Nilgiri,,Selas village,11.321111,76.75,Debris,Slide,NA,,data/raw/events/landslide_report.pdf,695,LANDSLIDE INVENTORY (Field vaidated),27510 TN/NIL/58A11/2015-16/118 Tamil Nadu Nilgiri Selas village 11.321111 76.75 Debris Slide NA,NO_EXACT_POLYGON_MATCH,,
27511,TN/NIL/58A11/2015-16/129,Tamil Nadu,Nilgiri,,Kanthala towards Kundha,11.321667,76.726389,Debris,Slide,NA,,data/raw/events/landslide_report.pdf,695,LANDSLIDE INVENTORY (Field vaidated),27511 TN/NIL/58A11/2015-16/129 Tamil Nadu Nilgiri Kanthala towards Kundha 11.321667 76.726389 Debris Slide NA,NO_EXACT_POLYGON_MATCH,,
27512,TN/NIL/58A11/2015-16/120,Tamil Nadu,Nilgiri,,Kakkachi village,11.321944,76.741389,Earth,Slide,NA,,data/raw/events/landslide_report.pdf,696,LANDSLIDE INVENTORY (Field vaidated),27512 TN/NIL/58A11/2015-16/120 Tamil Nadu Nilgiri Kakkachi village 11.321944 76.741389 Earth Slide NA,NO_EXACT_POLYGON_MATCH,,
27513,TN/NIL/58A11/2015-16/117,Tamil Nadu,Nilgiri,,Selas village,11.322778,76.747222,Debris,Slide,NA,,data/raw/events/landslide_report.pdf,696,LANDSLIDE INVENTORY (Field vaidated),27513 TN/NIL/58A11/2015-16/117 Tamil Nadu Nilgiri Selas village 11.322778 76.747222 Debris Slide NA,NO_EXACT_POLYGON_MATCH,,
27514,TN/NIL/58A11/2015-16/76,Tamil Nadu,Nilgiri,,Tea garden in Emerald village,11.323611,76.629167,Earth,Slide,NA,,data/raw/events/landslide_report.pdf,696,LANDSLIDE INVENTORY (Field vaidated),27514 TN/NIL/58A11/2015-16/76 Tamil Nadu Nilgiri Tea garden in Emerald village 11.323611 76.629167 Earth Slide NA,EXACT_POLYGON_MATCH,635117,Ithalar 1
27515,TN/NIL/58A11/2015-16/119,Tamil Nadu,Nilgiri,,Selas village near outlet of tunnel,11.323611,76.739167,Debris,Slide,NA,,data/raw/events/landslide_report.pdf,696,LANDSLIDE INVENTORY (Field vaidated),27515 TN/NIL/58A11/2015-16/119 Tamil Nadu Nilgiri Selas village near outlet of 11.323611 76.739167 Debris Slide NA tunnel,NO_EXACT_POLYGON_MATCH,,
27516,TN/NIL/58A15/2015-16/308,Tamil Nadu,Nilgiri,,Runnymede Tea Estate,11.323611,76.791389,Debris,Slide,NA,,data/raw/events/landslide_report.pdf,696,LANDSLIDE INVENTORY (Field vaidated),27516 TN/NIL/58A15/2015-16/308 Tamil Nadu Nilgiri Runnymede Tea Estate 11.323611 76.791389 Debris Slide NA,NO_EXACT_POLYGON_MATCH,,
27517,TN/NIL/58A11/2015-16/116,Tamil Nadu,Nilgiri,,Selas village,11.324444,76.748333,Debris,Slide,NA,,data/raw/events/landslide_report.pdf,696,LANDSLIDE INVENTORY (Field vaidated),27517 TN/NIL/58A11/2015-16/116 Tamil Nadu Nilgiri Selas village 11.324444 76.748333 Debris Slide NA,NO_EXACT_POLYGON_MATCH,,
27518,TN/NIL/58A15/2015-16/307,Tamil Nadu,Nilgiri,,Runnymede Tea Estate,11.324444,76.793056,Debris,Slide,NA,,data/raw/events/landslide_report.pdf,696,LANDSLIDE INVENTORY (Field vaidated),27518 TN/NIL/58A15/2015-16/307 Tamil Nadu Nilgiri Runnymede Tea Estate 11.324444 76.793056 Debris Slide NA,NO_EXACT_POLYGON_MATCH,,
27519,TN/NIL/58A15/2015-16/310,Tamil Nadu,Nilgiri,,Runnymede Tea Estate,11.324444,76.790278,Debris,Slide,NA,,data/raw/events/landslide_report.pdf,696,LANDSLIDE INVENTORY (Field vaidated),27519 TN/NIL/58A15/2015-16/310 Tamil Nadu Nilgiri Runnymede Tea Estate 11.324444 76.790278 Debris Slide NA,NO_EXACT_POLYGON_MATCH,,
27520,TN/NIL/58A11/2015-16/93,Tamil Nadu,Nilgiri,,B. Manihatti towards Tangadu,11.325278,76.665556,Debris,Subsidence,NA,,data/raw/events/landslide_report.pdf,696,LANDSLIDE INVENTORY (Field vaidated),27520 TN/NIL/58A11/2015-16/93 Tamil Nadu Nilgiri B. Manihatti towards Tangadu 11.325278 76.665556 Debris Subsidence NA,EXACT_POLYGON_MATCH,635119,Balacola-1
27521,TN/NIL/58A15/2015-16/309,Tamil Nadu,Nilgiri,,Runnymede Tea Estate,11.325556,76.790833,Debris,Slide,NA,,data/raw/events/landslide_report.pdf,696,LANDSLIDE INVENTORY (Field vaidated),27521 TN/NIL/58A15/2015-16/309 Tamil Nadu Nilgiri Runnymede Tea Estate 11.325556 76.790833 Debris Slide NA,NO_EXACT_POLYGON_MATCH,,
27522,TN/NIL/58A15/2015-16/311,Tamil Nadu,Nilgiri,,Runnymede Tea Estate,11.325833,76.790556,Debris,Slide,NA,,data/raw/events/landslide_report.pdf,696,LANDSLIDE INVENTORY (Field vaidated),27522 TN/NIL/58A15/2015-16/311 Tamil Nadu Nilgiri Runnymede Tea Estate 11.325833 76.790556 Debris Slide NA,NO_EXACT_POLYGON_MATCH,,
27523,TN/NIL/58A11/2015-16/130,Tamil Nadu,Nilgiri,,"Culvert no. 13/2, Kanthala towards Kunda",11.326389,76.7275,Debris,Slide,NA,,data/raw/events/landslide_report.pdf,696,LANDSLIDE INVENTORY (Field vaidated),"27523 TN/NIL/58A11/2015-16/130 Tamil Nadu Nilgiri Culvert no. 13/2, Kanthala 11.326389 76.7275 Debris Slide NA towards Kunda",NO_EXACT_POLYGON_MATCH,,
27524,TN/NIL/58A15/2015-16/300,Tamil Nadu,Nilgiri,,Glendale Tea Estate,11.326389,76.798333,Debris,Slide,NA,,data/raw/events/landslide_report.pdf,696,LANDSLIDE INVENTORY (Field vaidated),27524 TN/NIL/58A15/2015-16/300 Tamil Nadu Nilgiri Glendale Tea Estate 11.326389 76.798333 Debris Slide NA,NO_EXACT_POLYGON_MATCH,,
27525,TN/NIL/2009/0009,Tamil Nadu,Nilgiri,,,11.32722,76.80389,,NA,,,data/raw/events/landslide_report.pdf,696,LANDSLIDE INVENTORY (Field vaidated),27525 TN/NIL/2009/0009 Tamil Nadu Nilgiri 11.32722 76.80389 NA NA,NO_EXACT_POLYGON_MATCH,,
27526,TN/NIL/58A15/2015-16/184,Tamil Nadu,Nilgiri,,Runnymede Tea Estate,11.327222,76.804167,Debris,Slide,NA,,data/raw/events/landslide_report.pdf,696,LANDSLIDE INVENTORY (Field vaidated),27526 TN/NIL/58A15/2015-16/184 Tamil Nadu Nilgiri Runnymede Tea Estate 11.327222 76.804167 Debris Slide NA,NO_EXACT_POLYGON_MATCH,,
27527,TN/NIL/58A15/2015-16/325,Tamil Nadu,Nilgiri,,Runnymede Tea Estate,11.3275,76.793889,Debris,Slide,NA,,data/raw/events/landslide_report.pdf,696,LANDSLIDE INVENTORY (Field vaidated),27527 TN/NIL/58A15/2015-16/325 Tamil Nadu Nilgiri Runnymede Tea Estate 11.3275 76.793889 Debris Slide NA,NO_EXACT_POLYGON_MATCH,,
27528,TN/NIL/58A15/2015-16/185,Tamil Nadu,Nilgiri,,Runnymede Tea Estate,11.327778,76.804167,Debris,Slide,NA,,data/raw/events/landslide_report.pdf,696,LANDSLIDE INVENTORY (Field vaidated),27528 TN/NIL/58A15/2015-16/185 Tamil Nadu Nilgiri Runnymede Tea Estate 11.327778 76.804167 Debris Slide NA,NO_EXACT_POLYGON_MATCH,,
27529,TN/NIL/58A11/2015-16/125,Tamil Nadu,Nilgiri,,"PC.No:. 11/7, Kanthala towards Kunda",11.328333,76.749722,Debris,Slide,NA,,data/raw/events/landslide_report.pdf,696,LANDSLIDE INVENTORY (Field vaidated),"27529 TN/NIL/58A11/2015-16/125 Tamil Nadu Nilgiri PC.No:. 11/7, Kanthala towards 11.328333 76.749722 Debris Slide NA Kunda",NO_EXACT_POLYGON_MATCH,,
27530,TN/NIL/58A15/2015-16/323,Tamil Nadu,Nilgiri,,"Katteri park,Runnymede railway station",11.328333,76.801111,Debris,Slide,NA,,data/raw/events/landslide_report.pdf,696,LANDSLIDE INVENTORY (Field vaidated),"27530 TN/NIL/58A15/2015-16/323 Tamil Nadu Nilgiri Katteri park,Runnymede railway 11.328333 76.801111 Debris Slide NA station",NO_EXACT_POLYGON_MATCH,,
27531,TN/NIL/58A11/2015-16/126,Tamil Nadu,Nilgiri,,"MS.No:.19/11, Kanthala towards Kundha",11.328611,76.735278,Debris,Slide,NA,,data/raw/events/landslide_report.pdf,696,LANDSLIDE INVENTORY (Field vaidated),"27531 TN/NIL/58A11/2015-16/126 Tamil Nadu Nilgiri MS.No:.19/11, Kanthala 11.328611 76.735278 Debris Slide NA towards Kundha",NO_EXACT_POLYGON_MATCH,,
27532,TN/NIL/58A11/2015-16/74,Tamil Nadu,Nilgiri,,"MS.No:.614/6, Ithalar towards Porthi",11.329167,76.630556,Debris,Slide,NA,,data/raw/events/landslide_report.pdf,696,LANDSLIDE INVENTORY (Field vaidated),"27532 TN/NIL/58A11/2015-16/74 Tamil Nadu Nilgiri MS.No:.614/6, Ithalar towards 11.329167 76.630556 Debris Slide NA Porthi",EXACT_POLYGON_MATCH,635117,Ithalar 1
27533,TN/NIL/58A11/2015-16/127,Tamil Nadu,Nilgiri,,"Culvert no. 12/5, near Shiv Temple",11.329167,76.747778,Debris,Slide,NA,,data/raw/events/landslide_report.pdf,696,LANDSLIDE INVENTORY (Field vaidated),"27533 TN/NIL/58A11/2015-16/127 Tamil Nadu Nilgiri Culvert no. 12/5, near Shiv 11.329167 76.747778 Debris Slide NA Temple",NO_EXACT_POLYGON_MATCH,,
27534,TN/NIL/58A11/2015-16/101,Tamil Nadu,Nilgiri,,Ittalar to Bembatti,11.33,76.645833,Debris,Slide,NA,,data/raw/events/landslide_report.pdf,696,LANDSLIDE INVENTORY (Field vaidated),27534 TN/NIL/58A11/2015-16/101 Tamil Nadu Nilgiri Ittalar to Bembatti 11.33 76.645833 Debris Slide NA,EXACT_POLYGON_MATCH,635117,Ithalar 1
27535,TN/NIL/58A15/2015-16/324,Tamil Nadu,Nilgiri,,Runnymede railway track,11.330278,76.800556,Debris,Slide,NA,,data/raw/events/landslide_report.pdf,696,LANDSLIDE INVENTORY (Field vaidated),27535 TN/NIL/58A15/2015-16/324 Tamil Nadu Nilgiri Runnymede railway track 11.330278 76.800556 Debris Slide NA,NO_EXACT_POLYGON_MATCH,,
27536,TN/NIL/58A15/2015-16/326,Tamil Nadu,Nilgiri,,Near Glendale Tea Factory,11.330278,76.788889,Debris,Slide,NA,,data/raw/events/landslide_report.pdf,696,LANDSLIDE INVENTORY (Field vaidated),27536 TN/NIL/58A15/2015-16/326 Tamil Nadu Nilgiri Near Glendale Tea Factory 11.330278 76.788889 Debris Slide NA,NO_EXACT_POLYGON_MATCH,,
27537,TN/NIL/58A11/2015-16/73,Tamil Nadu,Nilgiri,,"MS.No: 614 /6, Ithalar towards Porthi.",11.330556,76.633333,Debris,Slide,NA,,data/raw/events/landslide_report.pdf,696,LANDSLIDE INVENTORY (Field vaidated),"27537 TN/NIL/58A11/2015-16/73 Tamil Nadu Nilgiri MS.No: 614 /6, Ithalar towards 11.330556 76.633333 Debris Slide NA Porthi.",EXACT_POLYGON_MATCH,635117,Ithalar 1
27538,TN/NIL/58A15/2015-16/251,Tamil Nadu,Nilgiri,,"NH-67, Katteri to Buliyar",11.330833,76.795,Debris,Slide,NA,,data/raw/events/landslide_report.pdf,696,LANDSLIDE INVENTORY (Field vaidated),"27538 TN/NIL/58A15/2015-16/251 Tamil Nadu Nilgiri NH-67, Katteri to Buliyar 11.330833 76.795 Debris Slide NA",NO_EXACT_POLYGON_MATCH,,
27539,TN/NIL/58A15/2015-16/333,Tamil Nadu,Nilgiri,,Along Railway track,11.330833,76.808611,Debris,Slide,NA,,data/raw/events/landslide_report.pdf,696,LANDSLIDE INVENTORY (Field vaidated),27539 TN/NIL/58A15/2015-16/333 Tamil Nadu Nilgiri Along Railway track 11.330833 76.808611 Debris Slide NA,NO_EXACT_POLYGON_MATCH,,
27540,TN/NIL/58A11/2015-16/121,Tamil Nadu,Nilgiri,,Kilinchada village,11.331111,76.739444,Debris,Slide,NA,,data/raw/events/landslide_report.pdf,696,LANDSLIDE INVENTORY (Field vaidated),27540 TN/NIL/58A11/2015-16/121 Tamil Nadu Nilgiri Kilinchada village 11.331111 76.739444 Debris Slide NA,NO_EXACT_POLYGON_MATCH,,
27541,TN/NIL/58A15/2015-16/250,Tamil Nadu,Nilgiri,,"NH-67, Katteri to Buliyar",11.331389,76.793889,Debris,Slide,NA,,data/raw/events/landslide_report.pdf,696,LANDSLIDE INVENTORY (Field vaidated),"27541 TN/NIL/58A15/2015-16/250 Tamil Nadu Nilgiri NH-67, Katteri to Buliyar 11.331389 76.793889 Debris Slide NA",NO_EXACT_POLYGON_MATCH,,
27542,TN/NIL/58A15/2015-16/327,Tamil Nadu,Nilgiri,,Near Katteri bend,11.331389,76.7875,Debris,Slide,NA,,data/raw/events/landslide_report.pdf,696,LANDSLIDE INVENTORY (Field vaidated),27542 TN/NIL/58A15/2015-16/327 Tamil Nadu Nilgiri Near Katteri bend 11.331389 76.7875 Debris Slide NA,NO_EXACT_POLYGON_MATCH,,
27543,TN/NIL/58A15/2015-16/304,Tamil Nadu,Nilgiri,,"Glendale Tea Estate, Karpuswami temple",11.331389,76.786667,Debris,Slide,NA,,data/raw/events/landslide_report.pdf,696,LANDSLIDE INVENTORY (Field vaidated),"27543 TN/NIL/58A15/2015-16/304 Tamil Nadu Nilgiri Glendale Tea Estate, 11.331389 76.786667 Debris Slide NA Karpuswami temple",NO_EXACT_POLYGON_MATCH,,
27544,TN/NIL/58A15/2015-16/253,Tamil Nadu,Nilgiri,,NH-67,11.331609,76.808422,Debris,Slide,NA,,data/raw/events/landslide_report.pdf,696,LANDSLIDE INVENTORY (Field vaidated),27544 TN/NIL/58A15/2015-16/253 Tamil Nadu Nilgiri NH-67 11.331609 76.808422 Debris Slide NA,NO_EXACT_POLYGON_MATCH,,
27545,TN/NIL/58A15/2015-16/306,Tamil Nadu,Nilgiri,,Glendale Tea Estate,11.331667,76.784722,Debris,Slide,NA,,data/raw/events/landslide_report.pdf,696,LANDSLIDE INVENTORY (Field vaidated),27545 TN/NIL/58A15/2015-16/306 Tamil Nadu Nilgiri Glendale Tea Estate 11.331667 76.784722 Debris Slide NA,NO_EXACT_POLYGON_MATCH,,
27546,TN/NIL/58A15/2015-16/305,Tamil Nadu,Nilgiri,,Glendale Tea Estate,11.331944,76.785,Earth,Slide,NA,,data/raw/events/landslide_report.pdf,696,LANDSLIDE INVENTORY (Field vaidated),27546 TN/NIL/58A15/2015-16/305 Tamil Nadu Nilgiri Glendale Tea Estate 11.331944 76.785 Earth Slide NA,NO_EXACT_POLYGON_MATCH,,
27547,TN/NIL/58A15/2015-16/286,Tamil Nadu,Nilgiri,,Gandhipuram village,11.332222,76.798056,Debris,Slide,NA,,data/raw/events/landslide_report.pdf,696,LANDSLIDE INVENTORY (Field vaidated),27547 TN/NIL/58A15/2015-16/286 Tamil Nadu Nilgiri Gandhipuram village 11.332222 76.798056 Debris Slide NA,NO_EXACT_POLYGON_MATCH,,
27548,TN/NIL/58A15/2015-16/294,Tamil Nadu,Nilgiri,,"Mile stone no. 4, Katteri to Karumapalam",11.332222,76.779167,Debris,Slide,NA,,data/raw/events/landslide_report.pdf,696,LANDSLIDE INVENTORY (Field vaidated),"27548 TN/NIL/58A15/2015-16/294 Tamil Nadu Nilgiri Mile stone no. 4, Katteri to 11.332222 76.779167 Debris Slide NA Karumapalam",NO_EXACT_POLYGON_MATCH,,
27549,TN/NIL/58A15/2015-16/295,Tamil Nadu,Nilgiri,,Chinna Karumapalam village,11.332222,76.7675,Debris,Slide,NA,,data/raw/events/landslide_report.pdf,696,LANDSLIDE INVENTORY (Field vaidated),27549 TN/NIL/58A15/2015-16/295 Tamil Nadu Nilgiri Chinna Karumapalam village 11.332222 76.7675 Debris Slide NA,NO_EXACT_POLYGON_MATCH,,
27550,TN/NIL/58A15/2015-16/249,Tamil Nadu,Nilgiri,,"Katteri Junction, Katteri to Burliyar",11.3325,76.791667,Debris,Slide,NA,,data/raw/events/landslide_report.pdf,697,LANDSLIDE INVENTORY (Field vaidated),"27550 TN/NIL/58A15/2015-16/249 Tamil Nadu Nilgiri Katteri Junction, Katteri to 11.3325 76.791667 Debris Slide NA Burliyar",NO_EXACT_POLYGON_MATCH,,
27551,TN/NIL/58A15/2015-16/289,Tamil Nadu,Nilgiri,,West of Katteri road junction,11.3325,76.787778,Debris,Slide,NA,,data/raw/events/landslide_report.pdf,697,LANDSLIDE INVENTORY (Field vaidated),27551 TN/NIL/58A15/2015-16/289 Tamil Nadu Nilgiri West of Katteri road junction 11.3325 76.787778 Debris Slide NA,NO_EXACT_POLYGON_MATCH,,
27552,TN/NIL/58A15/2015-16/291,Tamil Nadu,Nilgiri,,"PC.No:4/7, Katteri to Karumapalam",11.3325,76.784722,Debris,Slide,NA,,data/raw/events/landslide_report.pdf,697,LANDSLIDE INVENTORY (Field vaidated),"27552 TN/NIL/58A15/2015-16/291 Tamil Nadu Nilgiri PC.No:4/7, Katteri to 11.3325 76.784722 Debris Slide NA Karumapalam",NO_EXACT_POLYGON_MATCH,,
27553,TN/NIL/58A15/2015-16/252,Tamil Nadu,Nilgiri,,NH-67,11.33272,76.793978,Debris,Slide,NA,,data/raw/events/landslide_report.pdf,697,LANDSLIDE INVENTORY (Field vaidated),27553 TN/NIL/58A15/2015-16/252 Tamil Nadu Nilgiri NH-67 11.33272 76.793978 Debris Slide NA,NO_EXACT_POLYGON_MATCH,,
27554,TN/NIL/58A15/2015-16/290,Tamil Nadu,Nilgiri,,"PC.No: 4/5, Katteri to Karumapalam",11.332778,76.785278,Debris,Slide,NA,,data/raw/events/landslide_report.pdf,697,LANDSLIDE INVENTORY (Field vaidated),"27554 TN/NIL/58A15/2015-16/290 Tamil Nadu Nilgiri PC.No: 4/5, Katteri to 11.332778 76.785278 Debris Slide NA Karumapalam",NO_EXACT_POLYGON_MATCH,,
27555,TN/NIL/58A15/2015-16/292,Tamil Nadu,Nilgiri,,"PC.No:4/8, Katteri to Karumapalam",11.332778,76.783333,Debris,Slide,NA,,data/raw/events/landslide_report.pdf,697,LANDSLIDE INVENTORY (Field vaidated),"27555 TN/NIL/58A15/2015-16/292 Tamil Nadu Nilgiri PC.No:4/8, Katteri to 11.332778 76.783333 Debris Slide NA Karumapalam",NO_EXACT_POLYGON_MATCH,,
27556,TN/NIL/58A15/2015-16/293,Tamil Nadu,Nilgiri,,Katteri to Karumapalam,11.332778,76.7825,Earth,Slide,NA,,data/raw/events/landslide_report.pdf,697,LANDSLIDE INVENTORY (Field vaidated),27556 TN/NIL/58A15/2015-16/293 Tamil Nadu Nilgiri Katteri to Karumapalam 11.332778 76.7825 Earth Slide NA,NO_EXACT_POLYGON_MATCH,,
27557,TN/NIL/58A15/2015-16/296,Tamil Nadu,Nilgiri,,Near Sivaram Tea Factory,11.332778,76.763889,Debris,Slide,NA,,data/raw/events/landslide_report.pdf,697,LANDSLIDE INVENTORY (Field vaidated),27557 TN/NIL/58A15/2015-16/296 Tamil Nadu Nilgiri Near Sivaram Tea Factory 11.332778 76.763889 Debris Slide NA,NO_EXACT_POLYGON_MATCH,,
27558,TN/NIL/58A15/2015-16/167,Tamil Nadu,Nilgiri,,"HPB: 9/14, NH-67",11.333889,76.821389,Debris,Slide,NA,,data/raw/events/landslide_report.pdf,697,LANDSLIDE INVENTORY (Field vaidated),"27558 TN/NIL/58A15/2015-16/167 Tamil Nadu Nilgiri HPB: 9/14, NH-67 11.333889 76.821389 Debris Slide NA",EXACT_POLYGON_MATCH,635113,Coonoor Rural
27559,TN/NIL/58A15/2015-16/318,Tamil Nadu,Nilgiri,,Katteri to Selas,11.333889,76.753333,Debris,Slide,NA,,data/raw/events/landslide_report.pdf,697,LANDSLIDE INVENTORY (Field vaidated),27559 TN/NIL/58A15/2015-16/318 Tamil Nadu Nilgiri Katteri to Selas 11.333889 76.753333 Debris Slide NA,NO_EXACT_POLYGON_MATCH,,
27560,TN/NIL/58A15/2015-16/280,Tamil Nadu,Nilgiri,,"HPB.No: 11/4, NH-67",11.334167,76.82,Debris,Slide,NA,,data/raw/events/landslide_report.pdf,697,LANDSLIDE INVENTORY (Field vaidated),"27560 TN/NIL/58A15/2015-16/280 Tamil Nadu Nilgiri HPB.No: 11/4, NH-67 11.334167 76.82 Debris Slide NA",EXACT_POLYGON_MATCH,635113,Coonoor Rural
27561,TN/NIL/58A15/2015-16/288,Tamil Nadu,Nilgiri,,Downslope of Sagaimatha hospital,11.334444,76.793333,Debris,Slide,NA,,data/raw/events/landslide_report.pdf,697,LANDSLIDE INVENTORY (Field vaidated),27561 TN/NIL/58A15/2015-16/288 Tamil Nadu Nilgiri Downslope of Sagaimatha 11.334444 76.793333 Debris Slide NA hospital,NO_EXACT_POLYGON_MATCH,,
27562,TN/NIL/58A15/2015-16/166,Tamil Nadu,Nilgiri,,NH-67,11.334665,76.818422,Debris,Slide,NA,,data/raw/events/landslide_report.pdf,697,LANDSLIDE INVENTORY (Field vaidated),27562 TN/NIL/58A15/2015-16/166 Tamil Nadu Nilgiri NH-67 11.334665 76.818422 Debris Slide NA,EXACT_POLYGON_MATCH,635113,Coonoor Rural
27563,TN/NIL/58A11/2015-16/114,Tamil Nadu,Nilgiri,,"Palada to Selas, near Katteri Dam",11.334722,76.736389,Debris,Slide,NA,,data/raw/events/landslide_report.pdf,697,LANDSLIDE INVENTORY (Field vaidated),"27563 TN/NIL/58A11/2015-16/114 Tamil Nadu Nilgiri Palada to Selas, near Katteri 11.334722 76.736389 Debris Slide NA Dam",NO_EXACT_POLYGON_MATCH,,
27564,TN/NIL/58A15/2015-16/334,Tamil Nadu,Nilgiri,,Along Railway track,11.334722,76.813611,Earth,Slide,NA,,data/raw/events/landslide_report.pdf,697,LANDSLIDE INVENTORY (Field vaidated),27564 TN/NIL/58A15/2015-16/334 Tamil Nadu Nilgiri Along Railway track 11.334722 76.813611 Earth Slide NA,NO_EXACT_POLYGON_MATCH,,
27565,TN/NIL/58A15/2015-16/285,Tamil Nadu,Nilgiri,,Gandhipuram village,11.334722,76.799722,Earth,Slide,NA,,data/raw/events/landslide_report.pdf,697,LANDSLIDE INVENTORY (Field vaidated),27565 TN/NIL/58A15/2015-16/285 Tamil Nadu Nilgiri Gandhipuram village 11.334722 76.799722 Earth Slide NA,NO_EXACT_POLYGON_MATCH,,
27566,TN/NIL/58A11/2015-16/45,Tamil Nadu,Nilgiri,,Kallakorai to Tulitalai road,11.335,76.665833,Debris,Slide,NA,,data/raw/events/landslide_report.pdf,697,LANDSLIDE INVENTORY (Field vaidated),27566 TN/NIL/58A11/2015-16/45 Tamil Nadu Nilgiri Kallakorai to Tulitalai road 11.335 76.665833 Debris Slide NA,EXACT_POLYGON_MATCH,635117,Ithalar 1
27567,TN/NIL/58A15/2015-16/168,Tamil Nadu,Nilgiri,,"MS.No:2/402, NH-67",11.335278,76.822222,Debris,Slide,NA,,data/raw/events/landslide_report.pdf,697,LANDSLIDE INVENTORY (Field vaidated),"27567 TN/NIL/58A15/2015-16/168 Tamil Nadu Nilgiri MS.No:2/402, NH-67 11.335278 76.822222 Debris Slide NA",EXACT_POLYGON_MATCH,635113,Coonoor Rural
27568,TN/NIL/58A15/2015-16/165,Tamil Nadu,Nilgiri,,NH-67,11.335498,76.818422,Earth,Slide,NA,,data/raw/events/landslide_report.pdf,697,LANDSLIDE INVENTORY (Field vaidated),27568 TN/NIL/58A15/2015-16/165 Tamil Nadu Nilgiri NH-67 11.335498 76.818422 Earth Slide NA,EXACT_POLYGON_MATCH,635113,Coonoor Rural
27569,TN/NIL/58A15/2015-16/173,Tamil Nadu,Nilgiri,,NH-67,11.336054,76.825922,Debris,Slide,NA,,data/raw/events/landslide_report.pdf,697,LANDSLIDE INVENTORY (Field vaidated),27569 TN/NIL/58A15/2015-16/173 Tamil Nadu Nilgiri NH-67 11.336054 76.825922 Debris Slide NA,EXACT_POLYGON_MATCH,635113,Coonoor Rural
27570,TN/NIL/58A15/2015-16/176,Tamil Nadu,Nilgiri,,NH-67,11.336054,76.827867,Debris,Slide,NA,,data/raw/events/landslide_report.pdf,697,LANDSLIDE INVENTORY (Field vaidated),27570 TN/NIL/58A15/2015-16/176 Tamil Nadu Nilgiri NH-67 11.336054 76.827867 Debris Slide NA,EXACT_POLYGON_MATCH,635112,Burliar
27571,TN/NIL/58A11/2015-16/46,Tamil Nadu,Nilgiri,,Tulitalai village,11.336111,76.663889,Earth,Slide,NA,,data/raw/events/landslide_report.pdf,697,LANDSLIDE INVENTORY (Field vaidated),27571 TN/NIL/58A11/2015-16/46 Tamil Nadu Nilgiri Tulitalai village 11.336111 76.663889 Earth Slide NA,EXACT_POLYGON_MATCH,635117,Ithalar 1
27572,TN/NIL/58A15/2015-16/317,Tamil Nadu,Nilgiri,,Ennkadu Tea Estate,11.336111,76.756944,Earth,Slide,NA,,data/raw/events/landslide_report.pdf,697,LANDSLIDE INVENTORY (Field vaidated),27572 TN/NIL/58A15/2015-16/317 Tamil Nadu Nilgiri Ennkadu Tea Estate 11.336111 76.756944 Earth Slide NA,NO_EXACT_POLYGON_MATCH,,
27573,TN/NIL/58A15/2015-16/174,Tamil Nadu,Nilgiri,,NH-67,11.336332,76.827033,Debris,Slide,NA,,data/raw/events/landslide_report.pdf,697,LANDSLIDE INVENTORY (Field vaidated),27573 TN/NIL/58A15/2015-16/174 Tamil Nadu Nilgiri NH-67 11.336332 76.827033 Debris Slide NA,EXACT_POLYGON_MATCH,635112,Burliar
27574,TN/NIL/58A15/2015-16/335,Tamil Nadu,Nilgiri,,Along Railway track,11.336389,76.818611,Earth,Slide,NA,,data/raw/events/landslide_report.pdf,697,LANDSLIDE INVENTORY (Field vaidated),27574 TN/NIL/58A15/2015-16/335 Tamil Nadu Nilgiri Along Railway track 11.336389 76.818611 Earth Slide NA,EXACT_POLYGON_MATCH,635113,Coonoor Rural
27575,TN/NIL/58A15/2015-16/172,Tamil Nadu,Nilgiri,,"HPB.No:8/1,NH-67",11.336667,76.827778,Debris,Slide,NA,,data/raw/events/landslide_report.pdf,697,LANDSLIDE INVENTORY (Field vaidated),"27575 TN/NIL/58A15/2015-16/172 Tamil Nadu Nilgiri HPB.No:8/1,NH-67 11.336667 76.827778 Debris Slide NA",EXACT_POLYGON_MATCH,635112,Burliar
27576,TN/NIL/58A15/2015-16/179,Tamil Nadu,Nilgiri,,"NH-67, near Burliyar",11.336667,76.839722,Debris,Slide,NA,,data/raw/events/landslide_report.pdf,697,LANDSLIDE INVENTORY (Field vaidated),"27576 TN/NIL/58A15/2015-16/179 Tamil Nadu Nilgiri NH-67, near Burliyar 11.336667 76.839722 Debris Slide NA",EXACT_POLYGON_MATCH,635112,Burliar
27577,TN/NIL/58A15/2015-16/171,Tamil Nadu,Nilgiri,,NH-67,11.336887,76.825922,Debris,Slide,NA,,data/raw/events/landslide_report.pdf,697,LANDSLIDE INVENTORY (Field vaidated),27577 TN/NIL/58A15/2015-16/171 Tamil Nadu Nilgiri NH-67 11.336887 76.825922 Debris Slide NA,EXACT_POLYGON_MATCH,635113,Coonoor Rural
27578,TN/NIL/58A15/2015-16/178,Tamil Nadu,Nilgiri,,"NH-67, near Burliyar",11.336944,76.837222,Earth,Slide,NA,,data/raw/events/landslide_report.pdf,697,LANDSLIDE INVENTORY (Field vaidated),"27578 TN/NIL/58A15/2015-16/178 Tamil Nadu Nilgiri NH-67, near Burliyar 11.336944 76.837222 Earth Slide NA",EXACT_POLYGON_MATCH,635112,Burliar
27579,TN/NIL/58A15/2015-16/170,Tamil Nadu,Nilgiri,,NH-67,11.337443,76.825089,Debris,Slide,NA,,data/raw/events/landslide_report.pdf,697,LANDSLIDE INVENTORY (Field vaidated),27579 TN/NIL/58A15/2015-16/170 Tamil Nadu Nilgiri NH-67 11.337443 76.825089 Debris Slide NA,EXACT_POLYGON_MATCH,635113,Coonoor Rural
27580,TN/NIL/58A15/2015-16/180,Tamil Nadu,Nilgiri,,"NH-67, near Burliyar",11.3375,76.843333,Earth,Slide,NA,,data/raw/events/landslide_report.pdf,697,LANDSLIDE INVENTORY (Field vaidated),"27580 TN/NIL/58A15/2015-16/180 Tamil Nadu Nilgiri NH-67, near Burliyar 11.3375 76.843333 Earth Slide NA",EXACT_POLYGON_MATCH,635112,Burliar
27581,TN/NIL/58A15/2015-16/169,Tamil Nadu,Nilgiri,,NH-67,11.33772,76.8237,Debris,Slide,NA,,data/raw/events/landslide_report.pdf,697,LANDSLIDE INVENTORY (Field vaidated),27581 TN/NIL/58A15/2015-16/169 Tamil Nadu Nilgiri NH-67 11.33772 76.8237 Debris Slide NA,EXACT_POLYGON_MATCH,635113,Coonoor Rural
27582,TN/NIL/58A15/2015-16/177,Tamil Nadu,Nilgiri,,NH-67,11.33772,76.832033,Debris,Slide,NA,,data/raw/events/landslide_report.pdf,697,LANDSLIDE INVENTORY (Field vaidated),27582 TN/NIL/58A15/2015-16/177 Tamil Nadu Nilgiri NH-67 11.33772 76.832033 Debris Slide NA,EXACT_POLYGON_MATCH,635112,Burliar
27584,TN/NIL/58A15/2015-16/175,Tamil Nadu,Nilgiri,,NH-67,11.338554,76.827867,Debris,Slide,NA,,data/raw/events/landslide_report.pdf,697,LANDSLIDE INVENTORY (Field vaidated),27584 TN/NIL/58A15/2015-16/175 Tamil Nadu Nilgiri NH-67 11.338554 76.827867 Debris Slide NA,EXACT_POLYGON_MATCH,635113,Coonoor Rural
27585,TN/NIL/58A15/2015-16/284,Tamil Nadu,Nilgiri,,NH-67,11.338554,76.798422,Debris,Slide,NA,,data/raw/events/landslide_report.pdf,697,LANDSLIDE INVENTORY (Field vaidated),27585 TN/NIL/58A15/2015-16/284 Tamil Nadu Nilgiri NH-67 11.338554 76.798422 Debris Slide NA,NO_EXACT_POLYGON_MATCH,,
27586,TN/NIL/58A15/2015-16/303,Tamil Nadu,Nilgiri,,Kannimariamman Koil,11.338889,76.801667,Debris,Slide,NA,,data/raw/events/landslide_report.pdf,697,LANDSLIDE INVENTORY (Field vaidated),27586 TN/NIL/58A15/2015-16/303 Tamil Nadu Nilgiri Kannimariamman Koil 11.338889 76.801667 Debris Slide NA,NO_EXACT_POLYGON_MATCH,,
27588,TN/NIL/58A11/2015-16/47,Tamil Nadu,Nilgiri,,Balakola village - Tea Estate,11.339444,76.682222,Debris,Subsidence,NA,,data/raw/events/landslide_report.pdf,697,LANDSLIDE INVENTORY (Field vaidated),27588 TN/NIL/58A11/2015-16/47 Tamil Nadu Nilgiri Balakola village - Tea Estate 11.339444 76.682222 Debris Subsidence NA,EXACT_POLYGON_MATCH,635117,Ithalar 1
27589,TN/NIL/58A15/2015-16/272,Tamil Nadu,Nilgiri,,NH-67,11.339665,76.855089,Debris,Slide,NA,,data/raw/events/landslide_report.pdf,697,LANDSLIDE INVENTORY (Field vaidated),27589 TN/NIL/58A15/2015-16/272 Tamil Nadu Nilgiri NH-67 11.339665 76.855089 Debris Slide NA,NO_EXACT_POLYGON_MATCH,,
27590,TN/NIL/58A11/2015-16/71,Tamil Nadu,Nilgiri,,Ithalar village,11.339722,76.635,Debris,Slide,NA,,data/raw/events/landslide_report.pdf,697,LANDSLIDE INVENTORY (Field vaidated),27590 TN/NIL/58A11/2015-16/71 Tamil Nadu Nilgiri Ithalar village 11.339722 76.635 Debris Slide NA,EXACT_POLYGON_MATCH,635117,Ithalar 1
27591,TN/NIL/58A15/2015-16/181,Tamil Nadu,Nilgiri,,NH-67,11.339943,76.8437,Debris,Slide,NA,,data/raw/events/landslide_report.pdf,697,LANDSLIDE INVENTORY (Field vaidated),27591 TN/NIL/58A15/2015-16/181 Tamil Nadu Nilgiri NH-67 11.339943 76.8437 Debris Slide NA,EXACT_POLYGON_MATCH,635112,Burliar
27594,TN/NIL/58A15/2015-16/270,Tamil Nadu,Nilgiri,,NH-67,11.339943,76.852589,Debris,Slide,NA,,data/raw/events/landslide_report.pdf,697,LANDSLIDE INVENTORY (Field vaidated),27594 TN/NIL/58A15/2015-16/270 Tamil Nadu Nilgiri NH-67 11.339943 76.852589 Debris Slide NA,EXACT_POLYGON_MATCH,635112,Burliar
27595,TN/NIL/58A15/2015-16/271,Tamil Nadu,Nilgiri,,NH-67,11.339943,76.8537,Debris,Slide,NA,,data/raw/events/landslide_report.pdf,698,LANDSLIDE INVENTORY (Field vaidated),27595 TN/NIL/58A15/2015-16/271 Tamil Nadu Nilgiri NH-67 11.339943 76.8537 Debris Slide NA,EXACT_POLYGON_MATCH,635112,Burliar
27597,TN/NIL/58A15/2015-16/269,Tamil Nadu,Nilgiri,,NH-67,11.34022,76.849811,Debris,Slide,NA,,data/raw/events/landslide_report.pdf,698,LANDSLIDE INVENTORY (Field vaidated),27597 TN/NIL/58A15/2015-16/269 Tamil Nadu Nilgiri NH-67 11.34022 76.849811 Debris Slide NA,EXACT_POLYGON_MATCH,635112,Burliar
27598,TN/NIL/58A15/2015-16/281,Tamil Nadu,Nilgiri,,"NH-67, near Coonoor Rly. Station",11.340278,76.797222,Debris,Slide,NA,,data/raw/events/landslide_report.pdf,698,LANDSLIDE INVENTORY (Field vaidated),"27598 TN/NIL/58A15/2015-16/281 Tamil Nadu Nilgiri NH-67, near Coonoor Rly. 11.340278 76.797222 Debris Slide NA Station",NO_EXACT_POLYGON_MATCH,,
27599,TN/NIL/58A15/2015-16/282,Tamil Nadu,Nilgiri,,"NH-67, near Coonoor Rly. Station",11.340278,76.797778,Debris,Slide,NA,,data/raw/events/landslide_report.pdf,698,LANDSLIDE INVENTORY (Field vaidated),"27599 TN/NIL/58A15/2015-16/282 Tamil Nadu Nilgiri NH-67, near Coonoor Rly. 11.340278 76.797778 Debris Slide NA Station",NO_EXACT_POLYGON_MATCH,,
27601,TN/NIL/58A15/2015-16/188,Tamil Nadu,Nilgiri,,"NH-67, near Coonoor Rly. Station",11.340556,76.796667,Debris,Slide,NA,,data/raw/events/landslide_report.pdf,698,LANDSLIDE INVENTORY (Field vaidated),"27601 TN/NIL/58A15/2015-16/188 Tamil Nadu Nilgiri NH-67, near Coonoor Rly. 11.340556 76.796667 Debris Slide NA Station",NO_EXACT_POLYGON_MATCH,,
27603,TN/NIL/58A15/2015-16/283,Tamil Nadu,Nilgiri,,NH-67,11.341054,76.797867,Debris,Slide,NA,,data/raw/events/landslide_report.pdf,698,LANDSLIDE INVENTORY (Field vaidated),27603 TN/NIL/58A15/2015-16/283 Tamil Nadu Nilgiri NH-67 11.341054 76.797867 Debris Slide NA,NO_EXACT_POLYGON_MATCH,,
27604,TN/NIL/58A11/2015-16/72,Tamil Nadu,Nilgiri,,road from Ithalar to Porthi,11.341111,76.632222,Debris,Subsidence,NA,,data/raw/events/landslide_report.pdf,698,LANDSLIDE INVENTORY (Field vaidated),27604 TN/NIL/58A11/2015-16/72 Tamil Nadu Nilgiri road from Ithalar to Porthi 11.341111 76.632222 Debris Subsidence NA,EXACT_POLYGON_MATCH,635117,Ithalar 1
27607,TN/NIL/58A15/2015-16/268,Tamil Nadu,Nilgiri,,NH-67,11.342165,76.850089,Debris,Slide,NA,,data/raw/events/landslide_report.pdf,698,LANDSLIDE INVENTORY (Field vaidated),27607 TN/NIL/58A15/2015-16/268 Tamil Nadu Nilgiri NH-67 11.342165 76.850089 Debris Slide NA,EXACT_POLYGON_MATCH,635112,Burliar
27608,TN/NIL/58A15/2015-16/267,Tamil Nadu,Nilgiri,,NH-67 Burliyar checkpost,11.342222,76.850833,Debris,Slide,NA,,data/raw/events/landslide_report.pdf,698,LANDSLIDE INVENTORY (Field vaidated),27608 TN/NIL/58A15/2015-16/267 Tamil Nadu Nilgiri NH-67 Burliyar checkpost 11.342222 76.850833 Debris Slide NA,EXACT_POLYGON_MATCH,635112,Burliar
27609,TN/NIL/58A11/2015-16/161,Tamil Nadu,Nilgiri,,Emarald to ParsonΓò₧s Valley,11.3425,76.596389,Debris,Slide,NA,,data/raw/events/landslide_report.pdf,698,LANDSLIDE INVENTORY (Field vaidated),27609 TN/NIL/58A11/2015-16/161 Tamil Nadu Nilgiri Emarald to ParsonΓò₧s Valley 11.3425 76.596389 Debris Slide NA,EXACT_POLYGON_MATCH,635094,Nanjand1
27610,TN/NIL/58A15/2015-16/319,Tamil Nadu,Nilgiri,,Carolin Tea Estate,11.3425,76.775833,Debris,Slide,NA,,data/raw/events/landslide_report.pdf,698,LANDSLIDE INVENTORY (Field vaidated),27610 TN/NIL/58A15/2015-16/319 Tamil Nadu Nilgiri Carolin Tea Estate 11.3425 76.775833 Debris Slide NA,NO_EXACT_POLYGON_MATCH,,
27611,TN/NIL/58A15/2015-16/322,Tamil Nadu,Nilgiri,,"Near hair pin bend no. 4/14, NH-67",11.3425,76.849444,Earth,Slide,NA,,data/raw/events/landslide_report.pdf,698,LANDSLIDE INVENTORY (Field vaidated),"27611 TN/NIL/58A15/2015-16/322 Tamil Nadu Nilgiri Near hair pin bend no. 4/14, NH- 11.3425 76.849444 Earth Slide NA 67",EXACT_POLYGON_MATCH,635112,Burliar
27612,TN/NIL/58A15/2015-16/332,Tamil Nadu,Nilgiri,,Along Railway track,11.342778,76.853889,Debris,Slide,NA,,data/raw/events/landslide_report.pdf,698,LANDSLIDE INVENTORY (Field vaidated),27612 TN/NIL/58A15/2015-16/332 Tamil Nadu Nilgiri Along Railway track 11.342778 76.853889 Debris Slide NA,EXACT_POLYGON_MATCH,635112,Burliar
27613,TN/NIL/58A15/2015-16/266,Tamil Nadu,Nilgiri,,Burliyar checkpost,11.342778,76.850833,Debris,Slide,NA,,data/raw/events/landslide_report.pdf,698,LANDSLIDE INVENTORY (Field vaidated),27613 TN/NIL/58A15/2015-16/266 Tamil Nadu Nilgiri Burliyar checkpost 11.342778 76.850833 Debris Slide NA,EXACT_POLYGON_MATCH,635112,Burliar
27614,TN/NIL/58A15/2015-16/331,Tamil Nadu,Nilgiri,,Along Railway track,11.343056,76.855556,Debris,Slide,NA,,data/raw/events/landslide_report.pdf,698,LANDSLIDE INVENTORY (Field vaidated),27614 TN/NIL/58A15/2015-16/331 Tamil Nadu Nilgiri Along Railway track 11.343056 76.855556 Debris Slide NA,EXACT_POLYGON_MATCH,635112,Burliar
27615,TN/NIL/58A15/2015-16/183,Tamil Nadu,Nilgiri,,NH-67,11.343276,76.846755,Earth,Slide,NA,,data/raw/events/landslide_report.pdf,698,LANDSLIDE INVENTORY (Field vaidated),27615 TN/NIL/58A15/2015-16/183 Tamil Nadu Nilgiri NH-67 11.343276 76.846755 Earth Slide NA,EXACT_POLYGON_MATCH,635112,Burliar
27616,TN/NIL/58A15/2015-16/182,Tamil Nadu,Nilgiri,,NH-67,11.343554,76.847311,Debris,Slide,NA,,data/raw/events/landslide_report.pdf,698,LANDSLIDE INVENTORY (Field vaidated),27616 TN/NIL/58A15/2015-16/182 Tamil Nadu Nilgiri NH-67 11.343554 76.847311 Debris Slide NA,EXACT_POLYGON_MATCH,635112,Burliar
27620,TN/NIL/58A15/2015-16/236,Tamil Nadu,Nilgiri,,"NH-67, near Coonoor Rly. Station",11.344167,76.756944,Earth,Slide,NA,,data/raw/events/landslide_report.pdf,698,LANDSLIDE INVENTORY (Field vaidated),"27620 TN/NIL/58A15/2015-16/236 Tamil Nadu Nilgiri NH-67, near Coonoor Rly. 11.344167 76.756944 Earth Slide NA Station",NO_EXACT_POLYGON_MATCH,,
27622,TN/NIL/58A11/2015-16/38,Tamil Nadu,Nilgiri,,"PC.No:13/2, Yellakkandi towards Ittalar",11.346944,76.641389,Earth,Slide,NA,,data/raw/events/landslide_report.pdf,698,LANDSLIDE INVENTORY (Field vaidated),"27622 TN/NIL/58A11/2015-16/38 Tamil Nadu Nilgiri PC.No:13/2, Yellakkandi 11.346944 76.641389 Earth Slide NA towards Ittalar",EXACT_POLYGON_MATCH,635117,Ithalar 1
27623,TN/NIL/58A11/2015-16/40,Tamil Nadu,Nilgiri,,Tulitalai Village,11.347778,76.666944,Debris,Slide,NA,,data/raw/events/landslide_report.pdf,698,LANDSLIDE INVENTORY (Field vaidated),27623 TN/NIL/58A11/2015-16/40 Tamil Nadu Nilgiri Tulitalai Village 11.347778 76.666944 Debris Slide NA,EXACT_POLYGON_MATCH,635117,Ithalar 1
27624,TN/NIL/58A11/2015-16/164,Tamil Nadu,Nilgiri,,Porthimund Dam towards catchment-II,11.348333,76.577778,Debris,Slide,NA,,data/raw/events/landslide_report.pdf,698,LANDSLIDE INVENTORY (Field vaidated),27624 TN/NIL/58A11/2015-16/164 Tamil Nadu Nilgiri Porthimund Dam towards 11.348333 76.577778 Debris Slide NA catchment-II,EXACT_POLYGON_MATCH,635094,Nanjand1
27625,TN/NIL/58A11/2015-16/36,Tamil Nadu,Nilgiri,,"Yellakkandi to Ittalar, near Temple",11.348889,76.643333,Debris,Slide,NA,,data/raw/events/landslide_report.pdf,698,LANDSLIDE INVENTORY (Field vaidated),"27625 TN/NIL/58A11/2015-16/36 Tamil Nadu Nilgiri Yellakkandi to Ittalar, near 11.348889 76.643333 Debris Slide NA Temple",EXACT_POLYGON_MATCH,635117,Ithalar 1
27626,TN/NIL/58A11/2015-16/39,Tamil Nadu,Nilgiri,,Ittalar village,11.349444,76.6425,Debris,Slide,NA,,data/raw/events/landslide_report.pdf,698,LANDSLIDE INVENTORY (Field vaidated),27626 TN/NIL/58A11/2015-16/39 Tamil Nadu Nilgiri Ittalar village 11.349444 76.6425 Debris Slide NA,EXACT_POLYGON_MATCH,635094,Nanjand1
27627,TN/NIL/58A15/2015-16/320,Tamil Nadu,Nilgiri,,"Behind MGM Resort, Wellington",11.35,76.786389,Debris,Slide,NA,,data/raw/events/landslide_report.pdf,698,LANDSLIDE INVENTORY (Field vaidated),"27627 TN/NIL/58A15/2015-16/320 Tamil Nadu Nilgiri Behind MGM Resort, 11.35 76.786389 Debris Slide NA Wellington",NO_EXACT_POLYGON_MATCH,,
27628,TN/NIL/58A15/2015-16/316,Tamil Nadu,Nilgiri,,Palamtottam village,11.350556,76.763889,Debris,Slide,NA,,data/raw/events/landslide_report.pdf,698,LANDSLIDE INVENTORY (Field vaidated),27628 TN/NIL/58A15/2015-16/316 Tamil Nadu Nilgiri Palamtottam village 11.350556 76.763889 Debris Slide NA,NO_EXACT_POLYGON_MATCH,,
27629,TN/NIL/58A11/2015-16/163,Tamil Nadu,Nilgiri,,Porthimund Dam towards catchment-II,11.351944,76.578611,Debris,Slide,NA,,data/raw/events/landslide_report.pdf,698,LANDSLIDE INVENTORY (Field vaidated),27629 TN/NIL/58A11/2015-16/163 Tamil Nadu Nilgiri Porthimund Dam towards 11.351944 76.578611 Debris Slide NA catchment-II,EXACT_POLYGON_MATCH,635094,Nanjand1
27630,TN/NIL/58A11/2015-16/48,Tamil Nadu,Nilgiri,,"Nundala Junction to Nundala Mattam, PC.No:8/5",11.355278,76.693611,Debris,Slide,NA,,data/raw/events/landslide_report.pdf,698,LANDSLIDE INVENTORY (Field vaidated),"27630 TN/NIL/58A11/2015-16/48 Tamil Nadu Nilgiri Nundala Junction to Nundala 11.355278 76.693611 Debris Slide NA Mattam, PC.No:8/5",NO_EXACT_POLYGON_MATCH,,
27631,TN/NIL/58A11/2015-16/35,Tamil Nadu,Nilgiri,,"Vinobali Nagar, PC.No:10/5",11.357222,76.650833,Earth,Slide,NA,,data/raw/events/landslide_report.pdf,698,LANDSLIDE INVENTORY (Field vaidated),"27631 TN/NIL/58A11/2015-16/35 Tamil Nadu Nilgiri Vinobali Nagar, PC.No:10/5 11.357222 76.650833 Earth Slide NA",EXACT_POLYGON_MATCH,635094,Nanjand1
27632,TN/NIL/58A11/2015-16/49,Tamil Nadu,Nilgiri,,Nundala Junction to Nundala Mattam.,11.357778,76.696944,Debris,Slide,NA,,data/raw/events/landslide_report.pdf,698,LANDSLIDE INVENTORY (Field vaidated),27632 TN/NIL/58A11/2015-16/49 Tamil Nadu Nilgiri Nundala Junction to Nundala 11.357778 76.696944 Debris Slide NA Mattam.,NO_EXACT_POLYGON_MATCH,,
27633,TN/NIL/58A11/2015-16/44,Tamil Nadu,Nilgiri,,Kallakorai Village,11.358333,76.668056,Earth,Slide,NA,,data/raw/events/landslide_report.pdf,699,LANDSLIDE INVENTORY (Field vaidated),27633 TN/NIL/58A11/2015-16/44 Tamil Nadu Nilgiri Kallakorai Village 11.358333 76.668056 Earth Slide NA,EXACT_POLYGON_MATCH,635117,Ithalar 1
27634,TN/NIL/58A15/2015-16/265,Tamil Nadu,Nilgiri,,"HPB.No:4/7, Kotagiri to Mettupalayam",11.358333,76.606111,Debris,Slide,NA,,data/raw/events/landslide_report.pdf,699,LANDSLIDE INVENTORY (Field vaidated),"27634 TN/NIL/58A15/2015-16/265 Tamil Nadu Nilgiri HPB.No:4/7, Kotagiri to 11.358333 76.606111 Debris Slide NA Mettupalayam",EXACT_POLYGON_MATCH,635094,Nanjand1
27635,TN/NIL/58A15/2015-16/237,Tamil Nadu,Nilgiri,,"Black bridge, Willington Cantonment, NH-67",11.359444,76.781667,Debris,Slide,NA,,data/raw/events/landslide_report.pdf,699,LANDSLIDE INVENTORY (Field vaidated),"27635 TN/NIL/58A15/2015-16/237 Tamil Nadu Nilgiri Black bridge, Willington 11.359444 76.781667 Debris Slide NA Cantonment, NH-67",NO_EXACT_POLYGON_MATCH,,
27636,TN/NIL/58A15/2015-16/244,Tamil Nadu,Nilgiri,,"Coonoor to Kattabettu, PC.No: 14/15",11.359444,76.808889,Earth,Slide,NA,,data/raw/events/landslide_report.pdf,699,LANDSLIDE INVENTORY (Field vaidated),"27636 TN/NIL/58A15/2015-16/244 Tamil Nadu Nilgiri Coonoor to Kattabettu, PC.No: 11.359444 76.808889 Earth Slide NA 14/15",NO_EXACT_POLYGON_MATCH,,
27637,TN/NIL/58A15/2015-16/238,Tamil Nadu,Nilgiri,,"NH-67,BoyΓò₧s Company",11.36,76.775833,Debris,Slide,NA,,data/raw/events/landslide_report.pdf,699,LANDSLIDE INVENTORY (Field vaidated),"27637 TN/NIL/58A15/2015-16/238 Tamil Nadu Nilgiri NH-67,BoyΓò₧s Company 11.36 76.775833 Debris Slide NA",NO_EXACT_POLYGON_MATCH,,
27638,TN/NIL/58A11/2015-16/50,Tamil Nadu,Nilgiri,,Nundala Junction to Nundala Mattam.,11.360278,76.703056,Debris,Slide,NA,,data/raw/events/landslide_report.pdf,699,LANDSLIDE INVENTORY (Field vaidated),27638 TN/NIL/58A11/2015-16/50 Tamil Nadu Nilgiri Nundala Junction to Nundala 11.360278 76.703056 Debris Slide NA Mattam.,NO_EXACT_POLYGON_MATCH,,
27639,TN/NIL/58A11/2015-16/51,Tamil Nadu,Nilgiri,,Nundala Junction to Nundala Mattam.,11.360278,76.705833,Debris,Slide,NA,,data/raw/events/landslide_report.pdf,699,LANDSLIDE INVENTORY (Field vaidated),27639 TN/NIL/58A11/2015-16/51 Tamil Nadu Nilgiri Nundala Junction to Nundala 11.360278 76.705833 Debris Slide NA Mattam.,NO_EXACT_POLYGON_MATCH,,
27640,TN/NIL/58A15/2015-16/302,Tamil Nadu,Nilgiri,,Karanci village,11.3625,76.834167,Debris,Slide,NA,,data/raw/events/landslide_report.pdf,699,LANDSLIDE INVENTORY (Field vaidated),27640 TN/NIL/58A15/2015-16/302 Tamil Nadu Nilgiri Karanci village 11.3625 76.834167 Debris Slide NA,EXACT_POLYGON_MATCH,635111,Yedapally
27641,TN/NIL/58A11/2015-16/162,Tamil Nadu,Nilgiri,,"Near power house, towards Porthimund",11.362778,76.605,Earth,Slide,NA,,data/raw/events/landslide_report.pdf,699,LANDSLIDE INVENTORY (Field vaidated),"27641 TN/NIL/58A11/2015-16/162 Tamil Nadu Nilgiri Near power house, towards 11.362778 76.605 Earth Slide NA Porthimund",EXACT_POLYGON_MATCH,635094,Nanjand1
27642,TN/NIL/58A15/2015-16/315,Tamil Nadu,Nilgiri,,Kil Biketti to Ambikapuram,11.362778,76.761389,Debris,Slide,NA,,data/raw/events/landslide_report.pdf,699,LANDSLIDE INVENTORY (Field vaidated),27642 TN/NIL/58A15/2015-16/315 Tamil Nadu Nilgiri Kil Biketti to Ambikapuram 11.362778 76.761389 Debris Slide NA,NO_EXACT_POLYGON_MATCH,,
27643,TN/NIL/58A15/2015-16/264,Tamil Nadu,Nilgiri,,Fevendale Tea Estate,11.363333,76.903611,Debris,Slide,NA,,data/raw/events/landslide_report.pdf,699,LANDSLIDE INVENTORY (Field vaidated),27643 TN/NIL/58A15/2015-16/264 Tamil Nadu Nilgiri Fevendale Tea Estate 11.363333 76.903611 Debris Slide NA,EXACT_POLYGON_MATCH,635110,Jackanarai
27644,TN/NIL/58A11/2015-16/57,Tamil Nadu,Nilgiri,,"MS.No:24/2, NH 67",11.363889,76.722222,Earth,Slide,NA,,data/raw/events/landslide_report.pdf,699,LANDSLIDE INVENTORY (Field vaidated),"27644 TN/NIL/58A11/2015-16/57 Tamil Nadu Nilgiri MS.No:24/2, NH 67 11.363889 76.722222 Earth Slide NA",NO_EXACT_POLYGON_MATCH,,
27645,TN/NIL/58A11/2015-16/52,Tamil Nadu,Nilgiri,,Gandhi Pettai SC.No:5/6,11.365278,76.708611,Earth,Slide,NA,,data/raw/events/landslide_report.pdf,699,LANDSLIDE INVENTORY (Field vaidated),27645 TN/NIL/58A11/2015-16/52 Tamil Nadu Nilgiri Gandhi Pettai SC.No:5/6 11.365278 76.708611 Earth Slide NA,NO_EXACT_POLYGON_MATCH,,
27646,TN/NIL/58A15/2015-16/245,Tamil Nadu,Nilgiri,,"Coonoor to Kattabettu, MS.No:4 5/4",11.365278,76.818056,Earth,Slide,NA,,data/raw/events/landslide_report.pdf,699,LANDSLIDE INVENTORY (Field vaidated),"27646 TN/NIL/58A15/2015-16/245 Tamil Nadu Nilgiri Coonoor to Kattabettu, 11.365278 76.818056 Earth Slide NA MS.No:4 5/4",NO_EXACT_POLYGON_MATCH,,
27647,TN/NIL/58A11/2015-16/53,Tamil Nadu,Nilgiri,,"Gandhi Pettai,MS.No:84/8",11.365556,76.708056,Earth,Slide,NA,,data/raw/events/landslide_report.pdf,699,LANDSLIDE INVENTORY (Field vaidated),"27647 TN/NIL/58A11/2015-16/53 Tamil Nadu Nilgiri Gandhi Pettai,MS.No:84/8 11.365556 76.708056 Earth Slide NA",NO_EXACT_POLYGON_MATCH,,
27648,TN/NIL/58A11/2015-16/24,Tamil Nadu,Nilgiri,,"Near Tribal Museum, Kappatorai towards Palada",11.366667,76.6625,Earth,Slide,NA,,data/raw/events/landslide_report.pdf,699,LANDSLIDE INVENTORY (Field vaidated),"27648 TN/NIL/58A11/2015-16/24 Tamil Nadu Nilgiri Near Tribal Museum, 11.366667 76.6625 Earth Slide NA Kappatorai towards Palada",EXACT_POLYGON_MATCH,635094,Nanjand1
27649,TN/NIL/58A11/2015-16/4,Tamil Nadu,Nilgiri,,Tuneri village,11.368889,76.748056,Debris,Subsidence,NA,,data/raw/events/landslide_report.pdf,699,LANDSLIDE INVENTORY (Field vaidated),27649 TN/NIL/58A11/2015-16/4 Tamil Nadu Nilgiri Tuneri village 11.368889 76.748056 Debris Subsidence NA,NO_EXACT_POLYGON_MATCH,,
27650,TN/NIL/58A15/2015-16/301,Tamil Nadu,Nilgiri,,Mukkumalai Tea Estate,11.368889,76.855556,Debris,Slide,NA,,data/raw/events/landslide_report.pdf,699,LANDSLIDE INVENTORY (Field vaidated),27650 TN/NIL/58A15/2015-16/301 Tamil Nadu Nilgiri Mukkumalai Tea Estate 11.368889 76.855556 Debris Slide NA,EXACT_POLYGON_MATCH,635111,Yedapally
27651,TN/NIL/58A11/2015-16/5,Tamil Nadu,Nilgiri,,Tuneri village,11.369444,76.748889,Debris,Subsidence,NA,,data/raw/events/landslide_report.pdf,699,LANDSLIDE INVENTORY (Field vaidated),27651 TN/NIL/58A11/2015-16/5 Tamil Nadu Nilgiri Tuneri village 11.369444 76.748889 Debris Subsidence NA,NO_EXACT_POLYGON_MATCH,,
27652,TN/NIL/58A11/2015-16/25,Tamil Nadu,Nilgiri,,Kappatorai towards Palada; SC.No: 7/5,11.3725,76.664167,Earth,Slide,NA,,data/raw/events/landslide_report.pdf,699,LANDSLIDE INVENTORY (Field vaidated),27652 TN/NIL/58A11/2015-16/25 Tamil Nadu Nilgiri Kappatorai towards Palada; 11.3725 76.664167 Earth Slide NA SC.No: 7/5,EXACT_POLYGON_MATCH,635094,Nanjand1
27653,TN/NIL/58A11/2015-16/26,Tamil Nadu,Nilgiri,,Slab Culvert .No: 7/5,11.3725,76.664167,Earth,Flow,NA,,data/raw/events/landslide_report.pdf,699,LANDSLIDE INVENTORY (Field vaidated),27653 TN/NIL/58A11/2015-16/26 Tamil Nadu Nilgiri Slab Culvert .No: 7/5 11.3725 76.664167 Earth Flow NA,EXACT_POLYGON_MATCH,635094,Nanjand1
27654,TN/NIL/58A15/2015-16/246,Tamil Nadu,Nilgiri,,Bandishola village PC:No:7/6,11.373611,76.817222,Debris,Slide,NA,,data/raw/events/landslide_report.pdf,699,LANDSLIDE INVENTORY (Field vaidated),27654 TN/NIL/58A15/2015-16/246 Tamil Nadu Nilgiri Bandishola village PC:No:7/6 11.373611 76.817222 Debris Slide NA,EXACT_POLYGON_MATCH,635111,Yedapally
27655,TN/NIL/58A11/2015-16/55,Tamil Nadu,Nilgiri,,Alhada road junction,11.374444,76.711111,Earth,Slide,NA,,data/raw/events/landslide_report.pdf,699,LANDSLIDE INVENTORY (Field vaidated),27655 TN/NIL/58A11/2015-16/55 Tamil Nadu Nilgiri Alhada road junction 11.374444 76.711111 Earth Slide NA,NO_EXACT_POLYGON_MATCH,,
27656,TN/NIL/58A15/2015-16/239,Tamil Nadu,Nilgiri,,NH-67,11.374665,76.758422,Earth,Slide,NA,,data/raw/events/landslide_report.pdf,699,LANDSLIDE INVENTORY (Field vaidated),27656 TN/NIL/58A15/2015-16/239 Tamil Nadu Nilgiri NH-67 11.374665 76.758422 Earth Slide NA,NO_EXACT_POLYGON_MATCH,,
27657,TN/NIL/58A11/2015-16/84,Tamil Nadu,Nilgiri,,Lovedale Railway junction,11.374722,76.741389,Earth,Slide,NA,,data/raw/events/landslide_report.pdf,699,LANDSLIDE INVENTORY (Field vaidated),27657 TN/NIL/58A11/2015-16/84 Tamil Nadu Nilgiri Lovedale Railway junction 11.374722 76.741389 Earth Slide NA,NO_EXACT_POLYGON_MATCH,,
27658,TN/NIL/58A11/2015-16/70,Tamil Nadu,Nilgiri,,Porthimund dam,11.375,76.572222,Debris,Slide,NA,,data/raw/events/landslide_report.pdf,699,LANDSLIDE INVENTORY (Field vaidated),27658 TN/NIL/58A11/2015-16/70 Tamil Nadu Nilgiri Porthimund dam 11.375 76.572222 Debris Slide NA,EXACT_POLYGON_MATCH,635094,Nanjand1
27659,TN/NIL/58A11/2015-16/83,Tamil Nadu,Nilgiri,,Lovedale towards Allada,11.375,76.710278,Earth,Slide,NA,,data/raw/events/landslide_report.pdf,699,LANDSLIDE INVENTORY (Field vaidated),27659 TN/NIL/58A11/2015-16/83 Tamil Nadu Nilgiri Lovedale towards Allada 11.375 76.710278 Earth Slide NA,NO_EXACT_POLYGON_MATCH,,
27660,TN/NIL/58A15/2015-16/263,Tamil Nadu,Nilgiri,,"PC.No:38/8, Ubbekombai village",11.375,76.897222,Debris,Slide,NA,,data/raw/events/landslide_report.pdf,699,LANDSLIDE INVENTORY (Field vaidated),"27660 TN/NIL/58A15/2015-16/263 Tamil Nadu Nilgiri PC.No:38/8, Ubbekombai village 11.375 76.897222 Debris Slide NA",EXACT_POLYGON_MATCH,635110,Jackanarai
27661,TN/NIL/58A15/2015-16/240,Tamil Nadu,Nilgiri,,NH-67,11.37522,76.755922,Earth,Slide,NA,,data/raw/events/landslide_report.pdf,699,LANDSLIDE INVENTORY (Field vaidated),27661 TN/NIL/58A15/2015-16/240 Tamil Nadu Nilgiri NH-67 11.37522 76.755922 Earth Slide NA,NO_EXACT_POLYGON_MATCH,,
27662,TN/NIL/58A11/2015-16/189,Tamil Nadu,Nilgiri,,Porthimund village,11.376111,76.578889,Debris,Slide,NA,,data/raw/events/landslide_report.pdf,699,LANDSLIDE INVENTORY (Field vaidated),27662 TN/NIL/58A11/2015-16/189 Tamil Nadu Nilgiri Porthimund village 11.376111 76.578889 Debris Slide NA,EXACT_POLYGON_MATCH,635094,Nanjand1
27663,TN/NIL/58A11/2015-16/66,Tamil Nadu,Nilgiri,,"NH 67, west of Yellanhalli road junction",11.377778,76.743056,Earth,Slide,NA,,data/raw/events/landslide_report.pdf,699,LANDSLIDE INVENTORY (Field vaidated),"27663 TN/NIL/58A11/2015-16/66 Tamil Nadu Nilgiri NH 67, west of Yellanhalli road 11.377778 76.743056 Earth Slide NA junction",NO_EXACT_POLYGON_MATCH,,
27664,TN/NIL/58A11/2015-16/87,Tamil Nadu,Nilgiri,,"Ketti Railway station, PC.No: 1/7",11.378056,76.740278,Debris,Slide,NA,,data/raw/events/landslide_report.pdf,699,LANDSLIDE INVENTORY (Field vaidated),"27664 TN/NIL/58A11/2015-16/87 Tamil Nadu Nilgiri Ketti Railway station, PC.No: 11.378056 76.740278 Debris Slide NA 1/7",NO_EXACT_POLYGON_MATCH,,
27665,TN/NIL/58A11/2015-16/88,Tamil Nadu,Nilgiri,,"Ketti Railway Junction, PC.No: 1/7",11.378056,76.740278,Debris,Slide,NA,,data/raw/events/landslide_report.pdf,699,LANDSLIDE INVENTORY (Field vaidated),"27665 TN/NIL/58A11/2015-16/88 Tamil Nadu Nilgiri Ketti Railway Junction, PC.No: 11.378056 76.740278 Debris Slide NA 1/7",NO_EXACT_POLYGON_MATCH,,
27666,TN/NIL/58A15/2015-16/187,Tamil Nadu,Nilgiri,,Near Pachaikadu village,11.378056,76.833056,Debris,Slide,NA,,data/raw/events/landslide_report.pdf,699,LANDSLIDE INVENTORY (Field vaidated),27666 TN/NIL/58A15/2015-16/187 Tamil Nadu Nilgiri Near Pachaikadu village 11.378056 76.833056 Debris Slide NA,EXACT_POLYGON_MATCH,635108,Naduhatty-1
27667,TN/NIL/58A15/2015-16/257,Tamil Nadu,Nilgiri,,"PC.No. 37/6, Kotagiri to Mettupalayam",11.378889,76.899444,Debris,Slide,NA,,data/raw/events/landslide_report.pdf,699,LANDSLIDE INVENTORY (Field vaidated),"27667 TN/NIL/58A15/2015-16/257 Tamil Nadu Nilgiri PC.No. 37/6, Kotagiri to 11.378889 76.899444 Debris Slide NA Mettupalayam",EXACT_POLYGON_MATCH,635107,Konavakorai-I
27668,TN/NIL/58A11/2015-16/86,Tamil Nadu,Nilgiri,,Ketti to Achanakkal MS.No: 4 1/4,11.379167,76.7025,Debris,Slide,NA,,data/raw/events/landslide_report.pdf,699,LANDSLIDE INVENTORY (Field vaidated),27668 TN/NIL/58A11/2015-16/86 Tamil Nadu Nilgiri Ketti to Achanakkal MS.No: 4 11.379167 76.7025 Debris Slide NA 1/4,NO_EXACT_POLYGON_MATCH,,
27669,TN/NIL/58A11/2015-16/85,Tamil Nadu,Nilgiri,,Halada village,11.379444,76.715278,Debris,Slide,NA,,data/raw/events/landslide_report.pdf,700,LANDSLIDE INVENTORY (Field vaidated),27669 TN/NIL/58A11/2015-16/85 Tamil Nadu Nilgiri Halada village 11.379444 76.715278 Debris Slide NA,NO_EXACT_POLYGON_MATCH,,
27670,TN/NIL/58A15/2015-16/186,Tamil Nadu,Nilgiri,,Pachaikadu Tea Estate,11.380556,76.824444,Debris,Slide,NA,,data/raw/events/landslide_report.pdf,700,LANDSLIDE INVENTORY (Field vaidated),27670 TN/NIL/58A15/2015-16/186 Tamil Nadu Nilgiri Pachaikadu Tea Estate 11.380556 76.824444 Debris Slide NA,EXACT_POLYGON_MATCH,635108,Naduhatty-1
27671,TN/NIL/58A11/2015-16/37,Tamil Nadu,Nilgiri,,"PC.No:12/5, Yellakkandi to Ittalar Road",11.381111,76.641944,Earth,Slide,NA,,data/raw/events/landslide_report.pdf,700,LANDSLIDE INVENTORY (Field vaidated),"27671 TN/NIL/58A11/2015-16/37 Tamil Nadu Nilgiri PC.No:12/5, Yellakkandi to 11.381111 76.641944 Earth Slide NA Ittalar Road",EXACT_POLYGON_MATCH,635094,Nanjand1
27672,TN/NIL/58A11/2015-16/23,Tamil Nadu,Nilgiri,,1 km South of Kuruduguli village,11.381389,76.642778,Earth,Slide,NA,,data/raw/events/landslide_report.pdf,700,LANDSLIDE INVENTORY (Field vaidated),27672 TN/NIL/58A11/2015-16/23 Tamil Nadu Nilgiri 1 km South of Kuruduguli village 11.381389 76.642778 Earth Slide NA,EXACT_POLYGON_MATCH,635094,Nanjand1
27673,TN/NIL/58A11/2015-16/82,Tamil Nadu,Nilgiri,,Lovedale Railway junction,11.381667,76.706111,Earth,Slide,NA,,data/raw/events/landslide_report.pdf,700,LANDSLIDE INVENTORY (Field vaidated),27673 TN/NIL/58A11/2015-16/82 Tamil Nadu Nilgiri Lovedale Railway junction 11.381667 76.706111 Earth Slide NA,NO_EXACT_POLYGON_MATCH,,
27674,TN/NIL/58A15/2015-16/297,Tamil Nadu,Nilgiri,,Kambaishola village,11.381944,76.788611,Debris,Slide,NA,,data/raw/events/landslide_report.pdf,700,LANDSLIDE INVENTORY (Field vaidated),27674 TN/NIL/58A15/2015-16/297 Tamil Nadu Nilgiri Kambaishola village 11.381944 76.788611 Debris Slide NA,EXACT_POLYGON_MATCH,635113,Coonoor Rural
27675,TN/NIL/58A15/2015-16/256,Tamil Nadu,Nilgiri,,Tottapalam bus stop,11.382778,76.891944,Debris,Slide,NA,,data/raw/events/landslide_report.pdf,700,LANDSLIDE INVENTORY (Field vaidated),27675 TN/NIL/58A15/2015-16/256 Tamil Nadu Nilgiri Tottapalam bus stop 11.382778 76.891944 Debris Slide NA,EXACT_POLYGON_MATCH,635110,Jackanarai
27676,TN/NIL/58A11/2015-16/81,Tamil Nadu,Nilgiri,,Lovedale railway junction; MS.No: MD1077/2,11.383056,76.706389,Earth,Slide,NA,,data/raw/events/landslide_report.pdf,700,LANDSLIDE INVENTORY (Field vaidated),27676 TN/NIL/58A11/2015-16/81 Tamil Nadu Nilgiri Lovedale railway junction; 11.383056 76.706389 Earth Slide NA MS.No: MD1077/2,NO_EXACT_POLYGON_MATCH,,
27677,TN/NIL/58A11/2015-16/65,Tamil Nadu,Nilgiri,,Along NH 67,11.384167,76.735278,Earth,Slide,NA,,data/raw/events/landslide_report.pdf,700,LANDSLIDE INVENTORY (Field vaidated),27677 TN/NIL/58A11/2015-16/65 Tamil Nadu Nilgiri Along NH 67 11.384167 76.735278 Earth Slide NA,NO_EXACT_POLYGON_MATCH,,
27678,TN/NIL/58A11/2015-16/63,Tamil Nadu,Nilgiri,,"NH67, MS.No: 242 6/2",11.385,76.734167,Earth,Slide,NA,,data/raw/events/landslide_report.pdf,700,LANDSLIDE INVENTORY (Field vaidated),"27678 TN/NIL/58A11/2015-16/63 Tamil Nadu Nilgiri NH67, MS.No: 242 6/2 11.385 76.734167 Earth Slide NA",NO_EXACT_POLYGON_MATCH,,
27679,TN/NIL/58A11/2015-16/34,Tamil Nadu,Nilgiri,,"Mullikorai towards Palada, PC.No:5/1",11.385833,76.674444,Debris,Slide,NA,,data/raw/events/landslide_report.pdf,700,LANDSLIDE INVENTORY (Field vaidated),"27679 TN/NIL/58A11/2015-16/34 Tamil Nadu Nilgiri Mullikorai towards Palada, 11.385833 76.674444 Debris Slide NA PC.No:5/1",NO_EXACT_POLYGON_MATCH,,
27680,TN/NIL/58A11/2015-16/64,Tamil Nadu,Nilgiri,,Perinha Vilas├╖ K. Sukumar Bunglow,11.386389,76.734722,Earth,Slide,NA,,data/raw/events/landslide_report.pdf,700,LANDSLIDE INVENTORY (Field vaidated),27680 TN/NIL/58A11/2015-16/64 Tamil Nadu Nilgiri Perinha Vilas├╖ K. Sukumar 11.386389 76.734722 Earth Slide NA Bunglow,NO_EXACT_POLYGON_MATCH,,
27681,TN/NIL/58A11/2015-16/62,Tamil Nadu,Nilgiri,,"NH67, MS.No:242 6/2",11.386667,76.733333,Earth,Slide,NA,,data/raw/events/landslide_report.pdf,700,LANDSLIDE INVENTORY (Field vaidated),"27681 TN/NIL/58A11/2015-16/62 Tamil Nadu Nilgiri NH67, MS.No:242 6/2 11.386667 76.733333 Earth Slide NA",NO_EXACT_POLYGON_MATCH,,
27682,TN/NIL/58A11/2015-16/60,Tamil Nadu,Nilgiri,,"Telescope View Point, Divine Hills",11.387222,76.723333,Debris,Slide,NA,,data/raw/events/landslide_report.pdf,700,LANDSLIDE INVENTORY (Field vaidated),"27682 TN/NIL/58A11/2015-16/60 Tamil Nadu Nilgiri Telescope View Point, Divine 11.387222 76.723333 Debris Slide NA Hills",NO_EXACT_POLYGON_MATCH,,
27683,TN/NIL/58A11/2015-16/33,Tamil Nadu,Nilgiri,,PC.No: 3/7 road towards Palada,11.389444,76.674444,Earth,Slide,NA,,data/raw/events/landslide_report.pdf,700,LANDSLIDE INVENTORY (Field vaidated),27683 TN/NIL/58A11/2015-16/33 Tamil Nadu Nilgiri PC.No: 3/7 road towards Palada 11.389444 76.674444 Earth Slide NA,NO_EXACT_POLYGON_MATCH,,
27684,TN/NIL/58A11/2015-16/59,Tamil Nadu,Nilgiri,,"MS.No:24/2, NH 67",11.39,76.718611,Earth,Subsidence,NA,,data/raw/events/landslide_report.pdf,700,LANDSLIDE INVENTORY (Field vaidated),"27684 TN/NIL/58A11/2015-16/59 Tamil Nadu Nilgiri MS.No:24/2, NH 67 11.39 76.718611 Earth Subsidence NA",NO_EXACT_POLYGON_MATCH,,
27685,TN/NIL/58A11/2015-16/61,Tamil Nadu,Nilgiri,,"Manthada, Mariamman Koil temple",11.39,76.718611,Debris,Slide,NA,,data/raw/events/landslide_report.pdf,700,LANDSLIDE INVENTORY (Field vaidated),"27685 TN/NIL/58A11/2015-16/61 Tamil Nadu Nilgiri Manthada, Mariamman Koil 11.39 76.718611 Debris Slide NA temple",NO_EXACT_POLYGON_MATCH,,
27686,TN/NIL/58A11/2015-16/32,Tamil Nadu,Nilgiri,,Mullikorai PC. No: 3/7,11.391111,76.675556,Earth,Slide,NA,,data/raw/events/landslide_report.pdf,700,LANDSLIDE INVENTORY (Field vaidated),27686 TN/NIL/58A11/2015-16/32 Tamil Nadu Nilgiri Mullikorai PC. No: 3/7 11.391111 76.675556 Earth Slide NA,NO_EXACT_POLYGON_MATCH,,
27687,TN/NIL/58A11/2015-16/54,Tamil Nadu,Nilgiri,,"Lovedale Tea Estate, PC.No:1/5",11.391389,76.713889,Debris,Slide,NA,,data/raw/events/landslide_report.pdf,700,LANDSLIDE INVENTORY (Field vaidated),"27687 TN/NIL/58A11/2015-16/54 Tamil Nadu Nilgiri Lovedale Tea Estate, PC.No:1/5 11.391389 76.713889 Debris Slide NA",NO_EXACT_POLYGON_MATCH,,
27688,TN/NIL/58A11/2015-16/58,Tamil Nadu,Nilgiri,,Satyasai Nagar,11.391389,76.719444,Debris,Slide,NA,,data/raw/events/landslide_report.pdf,700,LANDSLIDE INVENTORY (Field vaidated),27688 TN/NIL/58A11/2015-16/58 Tamil Nadu Nilgiri Satyasai Nagar 11.391389 76.719444 Debris Slide NA,NO_EXACT_POLYGON_MATCH,,
27689,TN/NIL/58A11/2015-16/31,Tamil Nadu,Nilgiri,,Mullikorai PC. No:3/7,11.3925,76.676667,Earth,Slide,NA,,data/raw/events/landslide_report.pdf,700,LANDSLIDE INVENTORY (Field vaidated),27689 TN/NIL/58A11/2015-16/31 Tamil Nadu Nilgiri Mullikorai PC. No:3/7 11.3925 76.676667 Earth Slide NA,NO_EXACT_POLYGON_MATCH,,
27690,TN/NIL/58A11/2015-16/30,Tamil Nadu,Nilgiri,,Mullikorai MS.No: 2/8,11.392778,76.676667,Debris,Slide,NA,,data/raw/events/landslide_report.pdf,700,LANDSLIDE INVENTORY (Field vaidated),27690 TN/NIL/58A11/2015-16/30 Tamil Nadu Nilgiri Mullikorai MS.No: 2/8 11.392778 76.676667 Debris Slide NA,NO_EXACT_POLYGON_MATCH,,
27691,TN/NIL/58A11/2015-16/29,Tamil Nadu,Nilgiri,,Mullikorai village road towards Palada,11.393056,76.6775,Earth,Slide,NA,,data/raw/events/landslide_report.pdf,700,LANDSLIDE INVENTORY (Field vaidated),27691 TN/NIL/58A11/2015-16/29 Tamil Nadu Nilgiri Mullikorai village road towards 11.393056 76.6775 Earth Slide NA Palada,NO_EXACT_POLYGON_MATCH,,
27692,TN/NIL/58A15/2015-16/298,Tamil Nadu,Nilgiri,,"Anna Nagar, 1 Km NE Bettati junction",11.393056,76.815556,Debris,Slide,NA,,data/raw/events/landslide_report.pdf,700,LANDSLIDE INVENTORY (Field vaidated),"27692 TN/NIL/58A15/2015-16/298 Tamil Nadu Nilgiri Anna Nagar, 1 Km NE Bettati 11.393056 76.815556 Debris Slide NA junction",EXACT_POLYGON_MATCH,635108,Naduhatty-1
27693,TN/NIL/58A11/2015-16/28,Tamil Nadu,Nilgiri,,"Mullikorai village, road towards Palada",11.393333,76.6775,Debris,Slide,NA,,data/raw/events/landslide_report.pdf,700,LANDSLIDE INVENTORY (Field vaidated),"27693 TN/NIL/58A11/2015-16/28 Tamil Nadu Nilgiri Mullikorai village, road towards 11.393333 76.6775 Debris Slide NA Palada",NO_EXACT_POLYGON_MATCH,,
27694,TN/NIL/58A11/2015-16/27,Tamil Nadu,Nilgiri,,Mullikorai village; PC.No: 3/6,11.393611,76.678056,Debris,Slide,NA,,data/raw/events/landslide_report.pdf,700,LANDSLIDE INVENTORY (Field vaidated),27694 TN/NIL/58A11/2015-16/27 Tamil Nadu Nilgiri Mullikorai village; PC.No: 3/6 11.393611 76.678056 Debris Slide NA,NO_EXACT_POLYGON_MATCH,,
27695,TN/NIL/58A11/2015-16/56,Tamil Nadu,Nilgiri,,"NH 67, near Nondimedu Village",11.398056,76.718333,Earth,Slide,NA,,data/raw/events/landslide_report.pdf,700,LANDSLIDE INVENTORY (Field vaidated),"27695 TN/NIL/58A11/2015-16/56 Tamil Nadu Nilgiri NH 67, near Nondimedu Village 11.398056 76.718333 Earth Slide NA",NO_EXACT_POLYGON_MATCH,,
27696,TN/NIL/58A11/2015-16/79,Tamil Nadu,Nilgiri,,Elk hill,11.398611,76.708056,Debris,Slide,NA,,data/raw/events/landslide_report.pdf,700,LANDSLIDE INVENTORY (Field vaidated),27696 TN/NIL/58A11/2015-16/79 Tamil Nadu Nilgiri Elk hill 11.398611 76.708056 Debris Slide NA,NO_EXACT_POLYGON_MATCH,,
27697,TN/NIL/58A11/2015-16/80,Tamil Nadu,Nilgiri,,Elk hill,11.4,76.708333,Debris,Slide,NA,,data/raw/events/landslide_report.pdf,700,LANDSLIDE INVENTORY (Field vaidated),27697 TN/NIL/58A11/2015-16/80 Tamil Nadu Nilgiri Elk hill 11.4 76.708333 Debris Slide NA,NO_EXACT_POLYGON_MATCH,,
27698,TN/NIL/58A15/2015-16/247,Tamil Nadu,Nilgiri,,"Bandishola village, PC:No:7/6",11.400278,76.800556,Debris,Slide,NA,,data/raw/events/landslide_report.pdf,700,LANDSLIDE INVENTORY (Field vaidated),"27698 TN/NIL/58A15/2015-16/247 Tamil Nadu Nilgiri Bandishola village, PC:No:7/6 11.400278 76.800556 Debris Slide NA",NO_EXACT_POLYGON_MATCH,,
27699,TN/NIL/58A15/2015-16/248,Tamil Nadu,Nilgiri,,Coonoor to Kattabettu,11.400556,76.813056,Debris,Slide,NA,,data/raw/events/landslide_report.pdf,700,LANDSLIDE INVENTORY (Field vaidated),27699 TN/NIL/58A15/2015-16/248 Tamil Nadu Nilgiri Coonoor to Kattabettu 11.400556 76.813056 Debris Slide NA,EXACT_POLYGON_MATCH,635108,Naduhatty-1
27700,TN/NIL/58A11/2015-16/89,Tamil Nadu,Nilgiri,,Thalayatimund village,11.401389,76.721389,Earth,Slide,NA,,data/raw/events/landslide_report.pdf,700,LANDSLIDE INVENTORY (Field vaidated),27700 TN/NIL/58A11/2015-16/89 Tamil Nadu Nilgiri Thalayatimund village 11.401389 76.721389 Earth Slide NA,NO_EXACT_POLYGON_MATCH,,
27701,TN/NIL/58A11/2015-16/11,Tamil Nadu,Nilgiri,,Pudu Thottam.,11.404167,76.744444,Earth,Slide,NA,,data/raw/events/landslide_report.pdf,700,LANDSLIDE INVENTORY (Field vaidated),27701 TN/NIL/58A11/2015-16/11 Tamil Nadu Nilgiri Pudu Thottam. 11.404167 76.744444 Earth Slide NA,EXACT_POLYGON_MATCH,635095,Udhagai - Rural
27702,TN/NIL/58A11/2015-16/10,Tamil Nadu,Nilgiri,,PC.no: 8/13 Dodabetta towards Perar,11.405556,76.742778,Debris,Slide,NA,,data/raw/events/landslide_report.pdf,700,LANDSLIDE INVENTORY (Field vaidated),27702 TN/NIL/58A11/2015-16/10 Tamil Nadu Nilgiri PC.no: 8/13 Dodabetta towards 11.405556 76.742778 Debris Slide NA Perar,EXACT_POLYGON_MATCH,635095,Udhagai - Rural
27703,TN/NIL/58A15/2015-16/299,Tamil Nadu,Nilgiri,,Togalhatti,11.4075,76.820833,Debris,Slide,NA,,data/raw/events/landslide_report.pdf,700,LANDSLIDE INVENTORY (Field vaidated),27703 TN/NIL/58A15/2015-16/299 Tamil Nadu Nilgiri Togalhatti 11.4075 76.820833 Debris Slide NA,EXACT_POLYGON_MATCH,635108,Naduhatty-1
27704,TN/NIL/58A15/2015-16/219,Tamil Nadu,Nilgiri,,Perar to Kattabettu,11.4075,76.808611,Debris,Slide,NA,,data/raw/events/landslide_report.pdf,700,LANDSLIDE INVENTORY (Field vaidated),27704 TN/NIL/58A15/2015-16/219 Tamil Nadu Nilgiri Perar to Kattabettu 11.4075 76.808611 Debris Slide NA,EXACT_POLYGON_MATCH,635108,Naduhatty-1
27705,TN/NIL/58A15/2015-16/218,Tamil Nadu,Nilgiri,,"Perar to Kattabettu,PC.No:18/3",11.407778,76.808889,Earth,Slide,NA,,data/raw/events/landslide_report.pdf,701,LANDSLIDE INVENTORY (Field vaidated),"27705 TN/NIL/58A15/2015-16/218 Tamil Nadu Nilgiri Perar to Kattabettu,PC.No:18/3 11.407778 76.808889 Earth Slide NA",EXACT_POLYGON_MATCH,635108,Naduhatty-1
27706,TN/NIL/58A15/2015-16/217,Tamil Nadu,Nilgiri,,Perar to Kattabettu,11.408056,76.807778,Debris,Slide,NA,,data/raw/events/landslide_report.pdf,701,LANDSLIDE INVENTORY (Field vaidated),27706 TN/NIL/58A15/2015-16/217 Tamil Nadu Nilgiri Perar to Kattabettu 11.408056 76.807778 Debris Slide NA,EXACT_POLYGON_MATCH,635091,Kagguchi 1
27707,TN/NIL/58A15/2015-16/254,Tamil Nadu,Nilgiri,,"Betlada village, Kotagiri to Konnacombai",11.408521,76.884438,Debris,Slide,NA,,data/raw/events/landslide_report.pdf,701,LANDSLIDE INVENTORY (Field vaidated),"27707 TN/NIL/58A15/2015-16/254 Tamil Nadu Nilgiri Betlada village, Kotagiri to 11.408521 76.884438 Debris Slide NA Konnacombai",EXACT_POLYGON_MATCH,635107,Konavakorai-I
27708,TN/NIL/58A15/2015-16/205,Tamil Nadu,Nilgiri,,Perar to Kattabettu PC:No:12/2,11.409086,76.769849,Debris,Slide,NA,,data/raw/events/landslide_report.pdf,701,LANDSLIDE INVENTORY (Field vaidated),27708 TN/NIL/58A15/2015-16/205 Tamil Nadu Nilgiri Perar to Kattabettu PC:No:12/2 11.409086 76.769849 Debris Slide NA,EXACT_POLYGON_MATCH,635096,Thummanatty 1
27709,TN/NIL/58A15/2015-16/206,Tamil Nadu,Nilgiri,,Perar to Kattabettu PC:No:12/2,11.409364,76.772626,Debris,Slide,NA,,data/raw/events/landslide_report.pdf,701,LANDSLIDE INVENTORY (Field vaidated),27709 TN/NIL/58A15/2015-16/206 Tamil Nadu Nilgiri Perar to Kattabettu PC:No:12/2 11.409364 76.772626 Debris Slide NA,EXACT_POLYGON_MATCH,635096,Thummanatty 1
27710,TN/NIL/58A15/2015-16/255,Tamil Nadu,Nilgiri,,Robroy Tea Estate,11.409444,76.880833,Debris,Slide,NA,,data/raw/events/landslide_report.pdf,701,LANDSLIDE INVENTORY (Field vaidated),27710 TN/NIL/58A15/2015-16/255 Tamil Nadu Nilgiri Robroy Tea Estate 11.409444 76.880833 Debris Slide NA,EXACT_POLYGON_MATCH,635107,Konavakorai-I
27711,TN/NIL/58A11/2015-16/67,Tamil Nadu,Nilgiri,,Mukurthi Dam,11.410278,76.565833,Earth,Slide,NA,,data/raw/events/landslide_report.pdf,701,LANDSLIDE INVENTORY (Field vaidated),27711 TN/NIL/58A11/2015-16/67 Tamil Nadu Nilgiri Mukurthi Dam 11.410278 76.565833 Earth Slide NA,NO_EXACT_POLYGON_MATCH,,
27712,TN/NIL/58A15/2015-16/261,Tamil Nadu,Nilgiri,,Kattabettu road junction,11.410833,76.813889,Debris,Slide,NA,,data/raw/events/landslide_report.pdf,701,LANDSLIDE INVENTORY (Field vaidated),27712 TN/NIL/58A15/2015-16/261 Tamil Nadu Nilgiri Kattabettu road junction 11.410833 76.813889 Debris Slide NA,EXACT_POLYGON_MATCH,635108,Naduhatty-1
27713,TN/NIL/58A11/2015-16/22,Tamil Nadu,Nilgiri,,Anger Board Tea Estate towards Anikalmund,11.411389,76.6275,Earth,Subsidence,NA,,data/raw/events/landslide_report.pdf,701,LANDSLIDE INVENTORY (Field vaidated),27713 TN/NIL/58A11/2015-16/22 Tamil Nadu Nilgiri Anger Board Tea Estate towards 11.411389 76.6275 Earth Subsidence NA Anikalmund,EXACT_POLYGON_MATCH,635094,Nanjand1
27714,TN/NIL/58A15/2015-16/260,Tamil Nadu,Nilgiri,,Ambedkar Nagar,11.411389,76.814722,Debris,Slide,NA,,data/raw/events/landslide_report.pdf,701,LANDSLIDE INVENTORY (Field vaidated),27714 TN/NIL/58A15/2015-16/260 Tamil Nadu Nilgiri Ambedkar Nagar 11.411389 76.814722 Debris Slide NA,EXACT_POLYGON_MATCH,635108,Naduhatty-1
27715,TN/NIL/58A15/2015-16/208,Tamil Nadu,Nilgiri,,Perar to Kattabettu SC:13/2,11.411586,76.777349,Debris,Slide,NA,,data/raw/events/landslide_report.pdf,701,LANDSLIDE INVENTORY (Field vaidated),27715 TN/NIL/58A15/2015-16/208 Tamil Nadu Nilgiri Perar to Kattabettu SC:13/2 11.411586 76.777349 Debris Slide NA,EXACT_POLYGON_MATCH,635096,Thummanatty 1
27716,TN/NIL/58A11/2015-16/16,Tamil Nadu,Nilgiri,,"PC.No.: 4/4, Dodabetta towards Kodapamund",11.4125,76.726389,Earth,Slide,NA,,data/raw/events/landslide_report.pdf,701,LANDSLIDE INVENTORY (Field vaidated),"27716 TN/NIL/58A11/2015-16/16 Tamil Nadu Nilgiri PC.No.: 4/4, Dodabetta towards 11.4125 76.726389 Earth Slide NA Kodapamund",NO_EXACT_POLYGON_MATCH,,
27717,TN/NIL/58A15/2015-16/214,Tamil Nadu,Nilgiri,,"Ambedkar Nagar,Perar to Kattabettu-MS.No: 16",11.413253,76.79596,Debris,Slide,NA,,data/raw/events/landslide_report.pdf,701,LANDSLIDE INVENTORY (Field vaidated),"27717 TN/NIL/58A15/2015-16/214 Tamil Nadu Nilgiri Ambedkar Nagar,Perar to 11.413253 76.79596 Debris Slide NA Kattabettu-MS.No: 16",EXACT_POLYGON_MATCH,635091,Kagguchi 1
27718,TN/NIL/58A15/2015-16/209,Tamil Nadu,Nilgiri,,Perar to Kattabettu PC:No:13/7,11.413809,76.77846,Debris,Slide,NA,,data/raw/events/landslide_report.pdf,701,LANDSLIDE INVENTORY (Field vaidated),27718 TN/NIL/58A15/2015-16/209 Tamil Nadu Nilgiri Perar to Kattabettu PC:No:13/7 11.413809 76.77846 Debris Slide NA,EXACT_POLYGON_MATCH,635096,Thummanatty 1
27719,TN/NIL/58A15/2015-16/262,Tamil Nadu,Nilgiri,,"Kattabettu, Kotagiri",11.413889,76.816667,Debris,Slide,NA,,data/raw/events/landslide_report.pdf,701,LANDSLIDE INVENTORY (Field vaidated),"27719 TN/NIL/58A15/2015-16/262 Tamil Nadu Nilgiri Kattabettu, Kotagiri 11.413889 76.816667 Debris Slide NA",EXACT_POLYGON_MATCH,635108,Naduhatty-1
27720,TN/NIL/58A15/2015-16/210,Tamil Nadu,Nilgiri,,Perar to Kattabettu PC:No:13/11,11.414364,76.78096,Debris,Slide,NA,,data/raw/events/landslide_report.pdf,701,LANDSLIDE INVENTORY (Field vaidated),27720 TN/NIL/58A15/2015-16/210 Tamil Nadu Nilgiri Perar to Kattabettu 11.414364 76.78096 Debris Slide NA PC:No:13/11,EXACT_POLYGON_MATCH,635096,Thummanatty 1
27721,TN/NIL/58A15/2015-16/212,Tamil Nadu,Nilgiri,,Perar to Kattabettu HPB:3/7,11.414642,76.786515,Earth,Slide,NA,,data/raw/events/landslide_report.pdf,701,LANDSLIDE INVENTORY (Field vaidated),27721 TN/NIL/58A15/2015-16/212 Tamil Nadu Nilgiri Perar to Kattabettu HPB:3/7 11.414642 76.786515 Earth Slide NA,EXACT_POLYGON_MATCH,635091,Kagguchi 1
27722,TN/NIL/58A15/2015-16/211,Tamil Nadu,Nilgiri,,Perar to Kattabettu HPB:2/7,11.41492,76.788738,Debris,Slide,NA,,data/raw/events/landslide_report.pdf,701,LANDSLIDE INVENTORY (Field vaidated),27722 TN/NIL/58A15/2015-16/211 Tamil Nadu Nilgiri Perar to Kattabettu HPB:2/7 11.41492 76.788738 Debris Slide NA,EXACT_POLYGON_MATCH,635091,Kagguchi 1
27723,TN/NIL/58A15/2015-16/216,Tamil Nadu,Nilgiri,,"Perar to Kattabettu, PC.No:16",11.41492,76.792626,Debris,Slide,NA,,data/raw/events/landslide_report.pdf,701,LANDSLIDE INVENTORY (Field vaidated),"27723 TN/NIL/58A15/2015-16/216 Tamil Nadu Nilgiri Perar to Kattabettu, PC.No:16 11.41492 76.792626 Debris Slide NA",EXACT_POLYGON_MATCH,635091,Kagguchi 1
27724,TN/NIL/58A15/2015-16/190,Tamil Nadu,Nilgiri,,Kattabettu to Iduhatti,11.415,76.809444,Debris,Slide,NA,,data/raw/events/landslide_report.pdf,701,LANDSLIDE INVENTORY (Field vaidated),27724 TN/NIL/58A15/2015-16/190 Tamil Nadu Nilgiri Kattabettu to Iduhatti 11.415 76.809444 Debris Slide NA,EXACT_POLYGON_MATCH,635091,Kagguchi 1
27725,TN/NIL/58A11/2015-16/9,Tamil Nadu,Nilgiri,,SC.no: 4/7 Kodapamund towards Dodabetta,11.415556,76.744167,Debris,Slide,NA,,data/raw/events/landslide_report.pdf,701,LANDSLIDE INVENTORY (Field vaidated),27725 TN/NIL/58A11/2015-16/9 Tamil Nadu Nilgiri SC.no: 4/7 Kodapamund 11.415556 76.744167 Debris Slide NA towards Dodabetta,EXACT_POLYGON_MATCH,635096,Thummanatty 1
27726,TN/NIL/58A15/2015-16/213,Tamil Nadu,Nilgiri,,Perar to Kattabettu PC:No:15/8,11.415753,76.789571,Debris,Slide,NA,,data/raw/events/landslide_report.pdf,701,LANDSLIDE INVENTORY (Field vaidated),27726 TN/NIL/58A15/2015-16/213 Tamil Nadu Nilgiri Perar to Kattabettu PC:No:15/8 11.415753 76.789571 Debris Slide NA,EXACT_POLYGON_MATCH,635091,Kagguchi 1
27727,TN/NIL/58A15/2015-16/215,Tamil Nadu,Nilgiri,,"Ambedkar nagar, Perar to Kattabettu,MS.No:16",11.416586,76.796238,Debris,Slide,NA,,data/raw/events/landslide_report.pdf,701,LANDSLIDE INVENTORY (Field vaidated),"27727 TN/NIL/58A15/2015-16/215 Tamil Nadu Nilgiri Ambedkar nagar, Perar to 11.416586 76.796238 Debris Slide NA Kattabettu,MS.No:16",EXACT_POLYGON_MATCH,635091,Kagguchi 1
27728,TN/NIL/58A11/2015-16/8,Tamil Nadu,Nilgiri,,Ambedkar colony,11.4175,76.722778,Debris,Slide,NA,,data/raw/events/landslide_report.pdf,701,LANDSLIDE INVENTORY (Field vaidated),27728 TN/NIL/58A11/2015-16/8 Tamil Nadu Nilgiri Ambedkar colony 11.4175 76.722778 Debris Slide NA,NO_EXACT_POLYGON_MATCH,,
27729,TN/NIL/58A11/2015-16/12,Tamil Nadu,Nilgiri,,Butter Kombai Tea Estate,11.418889,76.740833,Debris,Slide,NA,,data/raw/events/landslide_report.pdf,701,LANDSLIDE INVENTORY (Field vaidated),27729 TN/NIL/58A11/2015-16/12 Tamil Nadu Nilgiri Butter Kombai Tea Estate 11.418889 76.740833 Debris Slide NA,EXACT_POLYGON_MATCH,635096,Thummanatty 1
27730,TN/NIL/58A11/2015-16/7,Tamil Nadu,Nilgiri,,Ambedkar Colony,11.419444,76.720833,Debris,Slide,NA,,data/raw/events/landslide_report.pdf,701,LANDSLIDE INVENTORY (Field vaidated),27730 TN/NIL/58A11/2015-16/7 Tamil Nadu Nilgiri Ambedkar Colony 11.419444 76.720833 Debris Slide NA,NO_EXACT_POLYGON_MATCH,,
27731,TN/NIL/58A11/2015-16/13,Tamil Nadu,Nilgiri,,Kunthachappa village,11.420556,76.830278,Debris,Subsidence,NA,,data/raw/events/landslide_report.pdf,701,LANDSLIDE INVENTORY (Field vaidated),27731 TN/NIL/58A11/2015-16/13 Tamil Nadu Nilgiri Kunthachappa village 11.420556 76.830278 Debris Subsidence NA,EXACT_POLYGON_MATCH,635108,Naduhatty-1
27732,TN/NIL/58A15/2015-16/194,Tamil Nadu,Nilgiri,,Tummanhatti village,11.425,76.780556,Debris,Slide,NA,,data/raw/events/landslide_report.pdf,701,LANDSLIDE INVENTORY (Field vaidated),27732 TN/NIL/58A15/2015-16/194 Tamil Nadu Nilgiri Tummanhatti village 11.425 76.780556 Debris Slide NA,EXACT_POLYGON_MATCH,635096,Thummanatty 1
27733,TN/NIL/58A11/2015-16/69,Tamil Nadu,Nilgiri,,Pykara towards Angerboard Tea Estate,11.425556,76.6275,Earth,Slide,NA,,data/raw/events/landslide_report.pdf,701,LANDSLIDE INVENTORY (Field vaidated),27733 TN/NIL/58A11/2015-16/69 Tamil Nadu Nilgiri Pykara towards Angerboard Tea 11.425556 76.6275 Earth Slide NA Estate,EXACT_POLYGON_MATCH,635094,Nanjand1
27734,TN/NIL/58A15/2015-16/195,Tamil Nadu,Nilgiri,,Approx. 3 km South East of Tummanhatti village,11.425556,76.779167,Debris,Slide,NA,,data/raw/events/landslide_report.pdf,701,LANDSLIDE INVENTORY (Field vaidated),27734 TN/NIL/58A15/2015-16/195 Tamil Nadu Nilgiri Approx. 3 km South East of 11.425556 76.779167 Debris Slide NA Tummanhatti village,EXACT_POLYGON_MATCH,635096,Thummanatty 1
27735,TN/NIL/58A11/2015-16/68,Tamil Nadu,Nilgiri,,Pykara towards Angerboard Tea Estate,11.428333,76.628333,Earth,Slide,NA,,data/raw/events/landslide_report.pdf,701,LANDSLIDE INVENTORY (Field vaidated),27735 TN/NIL/58A11/2015-16/68 Tamil Nadu Nilgiri Pykara towards Angerboard Tea 11.428333 76.628333 Earth Slide NA Estate,EXACT_POLYGON_MATCH,635094,Nanjand1
27736,TN/NIL/58A11/2015-16/2,Tamil Nadu,Nilgiri,,Near Watts Gate,11.431389,76.74475,Debris,Slide,NA,,data/raw/events/landslide_report.pdf,701,LANDSLIDE INVENTORY (Field vaidated),27736 TN/NIL/58A11/2015-16/2 Tamil Nadu Nilgiri Near Watts Gate 11.431389 76.74475 Debris Slide NA,EXACT_POLYGON_MATCH,635096,Thummanatty 1
27737,TN/NIL/58A11/2015-16/14,Tamil Nadu,Nilgiri,,"300 m from HPB no: 9, Nehruji Nagar towards Kendor",11.432222,76.738889,Debris,Slide,NA,,data/raw/events/landslide_report.pdf,701,LANDSLIDE INVENTORY (Field vaidated),"27737 TN/NIL/58A11/2015-16/14 Tamil Nadu Nilgiri 300 m from HPB no: 9, Nehruji 11.432222 76.738889 Debris Slide NA Nagar towards Kendor",EXACT_POLYGON_MATCH,635092,Thuneri
27738,TN/NIL/58A11/2015-16/15,Tamil Nadu,Nilgiri,,"Culvert no. 4/6, Karadi Kombai",11.435833,76.742222,Debris,Slide,NA,,data/raw/events/landslide_report.pdf,701,LANDSLIDE INVENTORY (Field vaidated),"27738 TN/NIL/58A11/2015-16/15 Tamil Nadu Nilgiri Culvert no. 4/6, Karadi Kombai 11.435833 76.742222 Debris Slide NA",EXACT_POLYGON_MATCH,635092,Thuneri
27739,TN/NIL/58A15/2015-16/235,Tamil Nadu,Nilgiri,,"Pipe culvert no. +, Pudur village",11.436944,76.885556,Debris,Slide,NA,,data/raw/events/landslide_report.pdf,702,LANDSLIDE INVENTORY (Field vaidated),"27739 TN/NIL/58A15/2015-16/235 Tamil Nadu Nilgiri Pipe culvert no. +, Pudur village 11.436944 76.885556 Debris Slide NA",EXACT_POLYGON_MATCH,635107,Konavakorai-I
27740,TN/NIL/58A15/2015-16/191,Tamil Nadu,Nilgiri,,Kattabettu to Iduhatti (Kudumanai village),11.437222,76.8,Debris,Subsidence,NA,,data/raw/events/landslide_report.pdf,702,LANDSLIDE INVENTORY (Field vaidated),27740 TN/NIL/58A15/2015-16/191 Tamil Nadu Nilgiri Kattabettu to Iduhatti 11.437222 76.8 Debris Subsidence NA (Kudumanai village),EXACT_POLYGON_MATCH,635091,Kagguchi 1
27741,TN/NIL/58A11/2015-16/1,Tamil Nadu,Nilgiri,,Kendorai village,11.438889,76.747778,Debris,Slide,NA,,data/raw/events/landslide_report.pdf,702,LANDSLIDE INVENTORY (Field vaidated),27741 TN/NIL/58A11/2015-16/1 Tamil Nadu Nilgiri Kendorai village 11.438889 76.747778 Debris Slide NA,EXACT_POLYGON_MATCH,635092,Thuneri
27742,TN/NIL/58A15/2015-16/192,Tamil Nadu,Nilgiri,,Banhatti bus stop,11.44,76.800833,Debris,Subsidence,NA,,data/raw/events/landslide_report.pdf,702,LANDSLIDE INVENTORY (Field vaidated),27742 TN/NIL/58A15/2015-16/192 Tamil Nadu Nilgiri Banhatti bus stop 11.44 76.800833 Debris Subsidence NA,EXACT_POLYGON_MATCH,635091,Kagguchi 1
27743,TN/NIL/58A15/2015-16/196,Tamil Nadu,Nilgiri,,Milinethi Village,11.442778,76.873611,Debris,Slide,NA,,data/raw/events/landslide_report.pdf,702,LANDSLIDE INVENTORY (Field vaidated),27743 TN/NIL/58A15/2015-16/196 Tamil Nadu Nilgiri Milinethi Village 11.442778 76.873611 Debris Slide NA,NO_EXACT_POLYGON_MATCH,,
27744,TN/NIL/58A11/2015-16/3,Tamil Nadu,Nilgiri,,Balani Village - 2 Km from Tuneri road junction,11.445556,76.744444,Debris,Slide,NA,,data/raw/events/landslide_report.pdf,702,LANDSLIDE INVENTORY (Field vaidated),27744 TN/NIL/58A11/2015-16/3 Tamil Nadu Nilgiri Balani Village - 2 Km from 11.445556 76.744444 Debris Slide NA Tuneri road junction,EXACT_POLYGON_MATCH,635092,Thuneri
27745,TN/NIL/58A15/2015-16/203,Tamil Nadu,Nilgiri,,"Hair Pin Bend no. 3/10, Gudakkalhalla to Sholur M",11.4475,76.900556,Debris,Slide,NA,,data/raw/events/landslide_report.pdf,702,LANDSLIDE INVENTORY (Field vaidated),"27745 TN/NIL/58A15/2015-16/203 Tamil Nadu Nilgiri Hair Pin Bend no. 3/10, 11.4475 76.900556 Debris Slide NA Gudakkalhalla to Sholur M",EXACT_POLYGON_MATCH,635107,Konavakorai-I
27746,TN/NIL/58A15/2015-16/204,Tamil Nadu,Nilgiri,,Gudakkalhatti to Sholur Mattam,11.450278,76.904167,Debris,Subsidence,NA,,data/raw/events/landslide_report.pdf,702,LANDSLIDE INVENTORY (Field vaidated),27746 TN/NIL/58A15/2015-16/204 Tamil Nadu Nilgiri Gudakkalhatti to Sholur Mattam 11.450278 76.904167 Debris Subsidence NA,EXACT_POLYGON_MATCH,635101,Denad-I
27747,TN/NIL/58A15/2015-16/207,Tamil Nadu,Nilgiri,,Perar to Kattabettu,11.450278,76.904167,Debris,Subsidence,NA,,data/raw/events/landslide_report.pdf,702,LANDSLIDE INVENTORY (Field vaidated),27747 TN/NIL/58A15/2015-16/207 Tamil Nadu Nilgiri Perar to Kattabettu 11.450278 76.904167 Debris Subsidence NA,EXACT_POLYGON_MATCH,635101,Denad-I
27748,TN/NIL/58A11/2015-16/19,Tamil Nadu,Nilgiri,,Somardale Tea Estate,11.452778,76.641667,Debris,Slide,NA,,data/raw/events/landslide_report.pdf,702,LANDSLIDE INVENTORY (Field vaidated),27748 TN/NIL/58A11/2015-16/19 Tamil Nadu Nilgiri Somardale Tea Estate 11.452778 76.641667 Debris Slide NA,NO_EXACT_POLYGON_MATCH,,
27749,TN/NIL/58A15/2015-16/193,Tamil Nadu,Nilgiri,,"Kendorai to Tuneri, MS.No:13/6",11.453056,76.757222,Debris,Slide,NA,,data/raw/events/landslide_report.pdf,702,LANDSLIDE INVENTORY (Field vaidated),"27749 TN/NIL/58A15/2015-16/193 Tamil Nadu Nilgiri Kendorai to Tuneri, MS.No:13/6 11.453056 76.757222 Debris Slide NA",EXACT_POLYGON_MATCH,635089,Ebbanad 1
27750,TN/NIL/58A11/2015-16/20,Tamil Nadu,Nilgiri,,Somardale Tea Estate,11.454167,76.645,Earth,Slide,NA,,data/raw/events/landslide_report.pdf,702,LANDSLIDE INVENTORY (Field vaidated),27750 TN/NIL/58A11/2015-16/20 Tamil Nadu Nilgiri Somardale Tea Estate 11.454167 76.645 Earth Slide NA,NO_EXACT_POLYGON_MATCH,,
27751,TN/NIL/58A11/2015-16/6,Tamil Nadu,Nilgiri,,Anikorai Village,11.454444,76.765556,Debris,Subsidence,NA,,data/raw/events/landslide_report.pdf,702,LANDSLIDE INVENTORY (Field vaidated),27751 TN/NIL/58A11/2015-16/6 Tamil Nadu Nilgiri Anikorai Village 11.454444 76.765556 Debris Subsidence NA,EXACT_POLYGON_MATCH,635089,Ebbanad 1
27752,TN/NIL/58A11/2015-16/21,Tamil Nadu,Nilgiri,,Somardale Tea Estate,11.454722,76.646111,Debris,Slide,NA,,data/raw/events/landslide_report.pdf,702,LANDSLIDE INVENTORY (Field vaidated),27752 TN/NIL/58A11/2015-16/21 Tamil Nadu Nilgiri Somardale Tea Estate 11.454722 76.646111 Debris Slide NA,NO_EXACT_POLYGON_MATCH,,
27753,TN/NIL/58A11/2015-16/18,Tamil Nadu,Nilgiri,,Alagarmalai village,11.455278,76.678056,Earth,Slide,NA,,data/raw/events/landslide_report.pdf,702,LANDSLIDE INVENTORY (Field vaidated),27753 TN/NIL/58A11/2015-16/18 Tamil Nadu Nilgiri Alagarmalai village 11.455278 76.678056 Earth Slide NA,EXACT_POLYGON_MATCH,635093,Hullathy
27754,TN/NIL/58A11/2015-16/17,Tamil Nadu,Nilgiri,,Alagarmalai,11.457222,76.678056,Debris,Slide,NA,,data/raw/events/landslide_report.pdf,702,LANDSLIDE INVENTORY (Field vaidated),27754 TN/NIL/58A11/2015-16/17 Tamil Nadu Nilgiri Alagarmalai 11.457222 76.678056 Debris Slide NA,EXACT_POLYGON_MATCH,635093,Hullathy
27755,TN/NIL/58A11/2015-16/41,Tamil Nadu,Nilgiri,,"Indra Nagar, Hunumapuram towards Indra Nagar.",11.4625,76.583889,Earth,Slide,NA,,data/raw/events/landslide_report.pdf,702,LANDSLIDE INVENTORY (Field vaidated),"27755 TN/NIL/58A11/2015-16/41 Tamil Nadu Nilgiri Indra Nagar, Hunumapuram 11.4625 76.583889 Earth Slide NA towards Indra Nagar.",NO_EXACT_POLYGON_MATCH,,
27756,TN/NIL/58A11/2015-16/42,Tamil Nadu,Nilgiri,,1 Km West of Indra Nagar.,11.466111,76.577778,Debris,Slide,NA,,data/raw/events/landslide_report.pdf,702,LANDSLIDE INVENTORY (Field vaidated),27756 TN/NIL/58A11/2015-16/42 Tamil Nadu Nilgiri 1 Km West of Indra Nagar. 11.466111 76.577778 Debris Slide NA,NO_EXACT_POLYGON_MATCH,,
27757,TN/NIL/58A11/2015-16/43,Tamil Nadu,Nilgiri,,Indra Nagar to Gudalur road,11.4675,76.575,Debris,Slide,NA,,data/raw/events/landslide_report.pdf,702,LANDSLIDE INVENTORY (Field vaidated),27757 TN/NIL/58A11/2015-16/43 Tamil Nadu Nilgiri Indra Nagar to Gudalur road 11.4675 76.575 Debris Slide NA,NO_EXACT_POLYGON_MATCH,,
27758,TN/NIL/58A07/2015-16/202,Tamil Nadu,Nilgiri,,"Nadugani village, towards Devala",11.469722,76.4125,Debris,Slide,NA,,data/raw/events/landslide_report.pdf,702,LANDSLIDE INVENTORY (Field vaidated),"27758 TN/NIL/58A07/2015-16/202 Tamil Nadu Nilgiri Nadugani village, towards 11.469722 76.4125 Debris Slide NA Devala",NO_EXACT_POLYGON_MATCH,,
27759,TN/NIL/58A07/2015-16/198,Tamil Nadu,Nilgiri,,"Cut stone culvert no. 116/4, Devala to Pandalur",11.475556,76.358333,Debris,Slide,NA,,data/raw/events/landslide_report.pdf,702,LANDSLIDE INVENTORY (Field vaidated),"27759 TN/NIL/58A07/2015-16/198 Tamil Nadu Nilgiri Cut stone culvert no. 116/4, 11.475556 76.358333 Debris Slide NA Devala to Pandalur",NO_EXACT_POLYGON_MATCH,,
27760,TN/NIL/58A06/2020/22,Tamil Nadu,Nilgiri,Pandalur road slide,Road towards Pandalur,11.48,76.36,Debris,Slide,NA,,data/raw/events/landslide_report.pdf,702,LANDSLIDE INVENTORY (Field vaidated),27760 TN/NIL/58A06/2020/22 Tamil Nadu Nilgiri Pandalur road slide Road towards Pandalur 11.48 76.36 Debris Slide NA,NO_EXACT_POLYGON_MATCH,,
27761,TN/NIL/58A07/2015-16/201,Tamil Nadu,Nilgiri,,Road towards Pandiar Tea Estate,11.484167,76.441667,Debris,Slide,NA,,data/raw/events/landslide_report.pdf,702,LANDSLIDE INVENTORY (Field vaidated),27761 TN/NIL/58A07/2015-16/201 Tamil Nadu Nilgiri Road towards Pandiar Tea 11.484167 76.441667 Debris Slide NA Estate,NO_EXACT_POLYGON_MATCH,,
27762,TN/NIL/58A15/2015-16/197,Tamil Nadu,Nilgiri,,Near Sundatti village,11.494167,76.885,Debris,Slide,NA,,data/raw/events/landslide_report.pdf,702,LANDSLIDE INVENTORY (Field vaidated),27762 TN/NIL/58A15/2015-16/197 Tamil Nadu Nilgiri Near Sundatti village 11.494167 76.885 Debris Slide NA,EXACT_POLYGON_MATCH,635099,Kodanad
27763,TN/NIL/58A07/2015-16/200,Tamil Nadu,Nilgiri,,Coomamalai village,11.495833,76.360556,Debris,Subsidence,NA,,data/raw/events/landslide_report.pdf,702,LANDSLIDE INVENTORY (Field vaidated),27763 TN/NIL/58A07/2015-16/200 Tamil Nadu Nilgiri Coomamalai village 11.495833 76.360556 Debris Subsidence NA,NO_EXACT_POLYGON_MATCH,,
27764,TN/NIL/58A07/2015-16/199,Tamil Nadu,Nilgiri,,Caroline Tea Estate,11.498056,76.334167,Debris,Slide,NA,,data/raw/events/landslide_report.pdf,702,LANDSLIDE INVENTORY (Field vaidated),27764 TN/NIL/58A07/2015-16/199 Tamil Nadu Nilgiri Caroline Tea Estate 11.498056 76.334167 Debris Slide NA,NO_EXACT_POLYGON_MATCH,,
27765,TN/NIL/58A10/2016/1,Tamil Nadu,Nilgiri,,Near Hukkar Village,11.500222,76.585917,Debris,Slide,NA,,data/raw/events/landslide_report.pdf,702,LANDSLIDE INVENTORY (Field vaidated),27765 TN/NIL/58A10/2016/1 Tamil Nadu Nilgiri Near Hukkar Village 11.500222 76.585917 Debris Slide NA,NO_EXACT_POLYGON_MATCH,,
27766,TN/NIL/58A06/2020/20,Tamil Nadu,Nilgiri,Cherambadi debris slide,Near Cherambadi,11.51,76.28,Debris,Slide,2020,,data/raw/events/landslide_report.pdf,702,LANDSLIDE INVENTORY (Field vaidated),27766 TN/NIL/58A06/2020/20 Tamil Nadu Nilgiri Cherambadi debris slide Near Cherambadi 11.51 76.28 Debris Slide 2020,EXACT_POLYGON_MATCH,635083,Cherangode1
27767,TN/NIL/58A06/2020/21,Tamil Nadu,Nilgiri,,Near Cherangode,11.51,76.3,Debris,Slide,NA,,data/raw/events/landslide_report.pdf,702,LANDSLIDE INVENTORY (Field vaidated),27767 TN/NIL/58A06/2020/21 Tamil Nadu Nilgiri Near Cherangode 11.51 76.3 Debris Slide NA,EXACT_POLYGON_MATCH,635083,Cherangode1
27768,TN/NIL/58A06/2020/23,Tamil Nadu,Nilgiri,,Road towards Cherambadi,11.51,76.32,Debris,Slide,NA,,data/raw/events/landslide_report.pdf,702,LANDSLIDE INVENTORY (Field vaidated),27768 TN/NIL/58A06/2020/23 Tamil Nadu Nilgiri Road towards Cherambadi 11.51 76.32 Debris Slide NA,EXACT_POLYGON_MATCH,635083,Cherangode1
27769,TN/NIL/58A06/2020/24,Tamil Nadu,Nilgiri,Cherambadi road debris flow Ro,ad towards Cherambadi,11.51,76.32,Debris,Flow,NA,,data/raw/events/landslide_report.pdf,702,LANDSLIDE INVENTORY (Field vaidated),27769 TN/NIL/58A06/2020/24 Tamil Nadu Nilgiri Cherambadi road debris flow Road towards Cherambadi 11.51 76.32 Debris Flow NA,EXACT_POLYGON_MATCH,635083,Cherangode1
27770,TN/NIL/58A06/2020/25,Tamil Nadu,Nilgiri,,Cherangode,11.51,76.31,Debris,Slide,NA,,data/raw/events/landslide_report.pdf,702,LANDSLIDE INVENTORY (Field vaidated),27770 TN/NIL/58A06/2020/25 Tamil Nadu Nilgiri Cherangode 11.51 76.31 Debris Slide NA,EXACT_POLYGON_MATCH,635083,Cherangode1
27771,TN/NIL/58A06/2020/26,Tamil Nadu,Nilgiri,Cherangode tea estate slide,Cherangode tea estate,11.51,76.32,Debris,Slide,NA,,data/raw/events/landslide_report.pdf,702,LANDSLIDE INVENTORY (Field vaidated),27771 TN/NIL/58A06/2020/26 Tamil Nadu Nilgiri Cherangode tea estate slide Cherangode tea estate 11.51 76.32 Debris Slide NA,EXACT_POLYGON_MATCH,635083,Cherangode1
27772,TN/NIL/58A06/2020/27,Tamil Nadu,Nilgiri,Cherangode tea Cut slope C,herangode tea estate,11.51,76.32,Debris,Slide,NA,,data/raw/events/landslide_report.pdf,702,LANDSLIDE INVENTORY (Field vaidated),27772 TN/NIL/58A06/2020/27 Tamil Nadu Nilgiri Cherangode tea Cut slope Cherangode tea estate 11.51 76.32 Debris Slide NA,EXACT_POLYGON_MATCH,635083,Cherangode1
27773,TN/NIL/58A06/2020/28,Tamil Nadu,Nilgiri,Cherangode tea Cut slope C,herangode tea estate,11.51,76.33,Debris,Slide,NA,,data/raw/events/landslide_report.pdf,702,LANDSLIDE INVENTORY (Field vaidated),27773 TN/NIL/58A06/2020/28 Tamil Nadu Nilgiri Cherangode tea Cut slope Cherangode tea estate 11.51 76.33 Debris Slide NA,NO_EXACT_POLYGON_MATCH,,
27774,TN/NIL/58A06/2020/2,Tamil Nadu,Nilgiri,,Road from Gudalur to Theppakadu,11.52,76.5,Debris,Slide,NA,,data/raw/events/landslide_report.pdf,702,LANDSLIDE INVENTORY (Field vaidated),27774 TN/NIL/58A06/2020/2 Tamil Nadu Nilgiri Road from Gudalur to 11.52 76.5 Debris Slide NA Theppakadu,NO_EXACT_POLYGON_MATCH,,
27775,TN/NIL/58A06/2020/3,Tamil Nadu,Nilgiri,,Road from Gudalur to Devarshola,11.53,76.47,Debris,Slide,NA,,data/raw/events/landslide_report.pdf,702,LANDSLIDE INVENTORY (Field vaidated),27775 TN/NIL/58A06/2020/3 Tamil Nadu Nilgiri Road from Gudalur to 11.53 76.47 Debris Slide NA Devarshola,NO_EXACT_POLYGON_MATCH,,
27776,TN/NIL/58A06/2020/4,Tamil Nadu,Nilgiri,,Road from Gudalur to Devarshola,11.53,76.47,Debris,Slide,NA,,data/raw/events/landslide_report.pdf,702,LANDSLIDE INVENTORY (Field vaidated),27776 TN/NIL/58A06/2020/4 Tamil Nadu Nilgiri Road from Gudalur to 11.53 76.47 Debris Slide NA Devarshola,NO_EXACT_POLYGON_MATCH,,
27777,TN/NIL/58A06/2020/5,Tamil Nadu,Nilgiri,,Mathukutti tea estate,11.53,76.47,Debris,Slide,NA,,data/raw/events/landslide_report.pdf,702,LANDSLIDE INVENTORY (Field vaidated),27777 TN/NIL/58A06/2020/5 Tamil Nadu Nilgiri Mathukutti tea estate 11.53 76.47 Debris Slide NA,NO_EXACT_POLYGON_MATCH,,
27778,TN/NIL/58A06/2020/6,Tamil Nadu,Nilgiri,,Mathukutti tea estate,11.53,76.47,Debris,Slide,NA,,data/raw/events/landslide_report.pdf,703,LANDSLIDE INVENTORY (Field vaidated),27778 TN/NIL/58A06/2020/6 Tamil Nadu Nilgiri Mathukutti tea estate 11.53 76.47 Debris Slide NA,NO_EXACT_POLYGON_MATCH,,
27779,TN/NIL/58A06/2020/7,Tamil Nadu,Nilgiri,,Pandanthorai,11.53,76.47,Debris,Slide,2019,,data/raw/events/landslide_report.pdf,703,LANDSLIDE INVENTORY (Field vaidated),27779 TN/NIL/58A06/2020/7 Tamil Nadu Nilgiri Pandanthorai 11.53 76.47 Debris Slide 2019,NO_EXACT_POLYGON_MATCH,,
27780,TN/NIL/58A06/2020/8,Tamil Nadu,Nilgiri,,Road from Pandanthorai to Devarshola,11.53,76.46,Debris,Slide,NA,,data/raw/events/landslide_report.pdf,703,LANDSLIDE INVENTORY (Field vaidated),27780 TN/NIL/58A06/2020/8 Tamil Nadu Nilgiri Road from Pandanthorai to 11.53 76.46 Debris Slide NA Devarshola,NO_EXACT_POLYGON_MATCH,,
27781,TN/NIL/58A06/2020/9,Tamil Nadu,Nilgiri,Devarsholai road debris slide1,Road from Pandanthorai to Devarshola,11.53,76.46,Debris,Slide,NA,,data/raw/events/landslide_report.pdf,703,LANDSLIDE INVENTORY (Field vaidated),27781 TN/NIL/58A06/2020/9 Tamil Nadu Nilgiri Devarsholai road debris slide1 Road from Pandanthorai to 11.53 76.46 Debris Slide NA Devarshola,NO_EXACT_POLYGON_MATCH,,
27782,TN/NIL/58A06/2020/17,Tamil Nadu,Nilgiri,Sulthan Bathery road debris slide R,oad from Nellakottai to Kariyashola,11.53,76.4,Debris,Slide,NA,,data/raw/events/landslide_report.pdf,703,LANDSLIDE INVENTORY (Field vaidated),27782 TN/NIL/58A06/2020/17 Tamil Nadu Nilgiri Sulthan Bathery road debris slide Road from Nellakottai to 11.53 76.4 Debris Slide NA Kariyashola,EXACT_POLYGON_MATCH,635082,Nelliyalam 1
27783,TN/NIL/58A06/2020/18,Tamil Nadu,Nilgiri,,Sulthan Bathery road,11.53,76.4,Debris,Slide,NA,,data/raw/events/landslide_report.pdf,703,LANDSLIDE INVENTORY (Field vaidated),27783 TN/NIL/58A06/2020/18 Tamil Nadu Nilgiri Sulthan Bathery road 11.53 76.4 Debris Slide NA,EXACT_POLYGON_MATCH,635082,Nelliyalam 1
27784,TN/NIL/58A06/2020/19,Tamil Nadu,Nilgiri,,Near Cherambadi,11.53,76.26,Debris,Slide,NA,,data/raw/events/landslide_report.pdf,703,LANDSLIDE INVENTORY (Field vaidated),27784 TN/NIL/58A06/2020/19 Tamil Nadu Nilgiri Near Cherambadi 11.53 76.26 Debris Slide NA,EXACT_POLYGON_MATCH,635083,Cherangode1
27785,TN/NIL/58A06/2020/1,Tamil Nadu,Nilgiri,,Road from Pandanthorai to Mukkur,11.54,76.48,Debris,Slide,NA,,data/raw/events/landslide_report.pdf,703,LANDSLIDE INVENTORY (Field vaidated),27785 TN/NIL/58A06/2020/1 Tamil Nadu Nilgiri Road from Pandanthorai to 11.54 76.48 Debris Slide NA Mukkur,NO_EXACT_POLYGON_MATCH,,
27786,TN/NIL/58A06/2020/13,Tamil Nadu,Nilgiri,Devarsholai road debris slide2,Road from Nellakottai to Kariyashola,11.54,76.41,Debris,Slide,2019,,data/raw/events/landslide_report.pdf,703,LANDSLIDE INVENTORY (Field vaidated),27786 TN/NIL/58A06/2020/13 Tamil Nadu Nilgiri Devarsholai road debris slide2 Road from Nellakottai to 11.54 76.41 Debris Slide 2019 Kariyashola,EXACT_POLYGON_MATCH,635082,Nelliyalam 1
27787,TN/NIL/58A06/2020/14,Tamil Nadu,Nilgiri,,Road from Nellakottai to Kariyashola,11.54,76.41,Debris,Slide,NA,,data/raw/events/landslide_report.pdf,703,LANDSLIDE INVENTORY (Field vaidated),27787 TN/NIL/58A06/2020/14 Tamil Nadu Nilgiri Road from Nellakottai to 11.54 76.41 Debris Slide NA Kariyashola,EXACT_POLYGON_MATCH,635082,Nelliyalam 1
27788,TN/NIL/58A06/2020/15,Tamil Nadu,Nilgiri,,Road from Nellakottai to Kariyashola,11.54,76.41,Debris,Slide,NA,,data/raw/events/landslide_report.pdf,703,LANDSLIDE INVENTORY (Field vaidated),27788 TN/NIL/58A06/2020/15 Tamil Nadu Nilgiri Road from Nellakottai to 11.54 76.41 Debris Slide NA Kariyashola,EXACT_POLYGON_MATCH,635082,Nelliyalam 1
27789,TN/NIL/58A06/2020/16,Tamil Nadu,Nilgiri,,Road from Nellakottai to Kariyashola,11.54,76.41,Debris,Slide,NA,,data/raw/events/landslide_report.pdf,703,LANDSLIDE INVENTORY (Field vaidated),27789 TN/NIL/58A06/2020/16 Tamil Nadu Nilgiri Road from Nellakottai to 11.54 76.41 Debris Slide NA Kariyashola,EXACT_POLYGON_MATCH,635082,Nelliyalam 1
27790,TN/NIL/58A06/2020/10,Tamil Nadu,Nilgiri,Nellakottai Cut slope,"Road from Pandanthorai to Devarshola, near Nellakottai",11.55,76.43,Debris,Slide,NA,,data/raw/events/landslide_report.pdf,703,LANDSLIDE INVENTORY (Field vaidated),"27790 TN/NIL/58A06/2020/10 Tamil Nadu Nilgiri Nellakottai Cut slope Road from Pandanthorai to 11.55 76.43 Debris Slide NA Devarshola, near Nellakottai",EXACT_POLYGON_MATCH,635082,Nelliyalam 1
27791,TN/NIL/58A06/2020/11,Tamil Nadu,Nilgiri,Nellakottai stream bank failure,Nelakottai,11.55,76.43,Debris,Slide,NA,,data/raw/events/landslide_report.pdf,703,LANDSLIDE INVENTORY (Field vaidated),27791 TN/NIL/58A06/2020/11 Tamil Nadu Nilgiri Nellakottai stream bank failure Nelakottai 11.55 76.43 Debris Slide NA,EXACT_POLYGON_MATCH,635082,Nelliyalam 1
27792,TN/NIL/58A06/2020/12,Tamil Nadu,Nilgiri,,Road from Nellakottai to Kariyashola,11.55,76.41,Debris,Slide,NA,,data/raw/events/landslide_report.pdf,703,LANDSLIDE INVENTORY (Field vaidated),27792 TN/NIL/58A06/2020/12 Tamil Nadu Nilgiri Road from Nellakottai to 11.55 76.41 Debris Slide NA Kariyashola,EXACT_POLYGON_MATCH,635082,Nelliyalam 1
27802,TN/NIL/58A7/2024/10,Tamil Nadu,Nilgiri,Gudalur GH slide,"NH-181, Gudalur Government hospital",11.4921,76.4997,Earth,Slide,26 June 2024,2024-06-26,data/raw/events/landslide_report.pdf,703,LANDSLIDE INVENTORY (Field vaidated),"27802 TN/NIL/58A7/2024/10 Tamil Nadu Nilgiri Gudalur GH slide NH-181, Gudalur Government 11.4921 76.4997 Earth Slide 26 June 2024 hospital",NO_EXACT_POLYGON_MATCH,,
27803,TN/NIL/58A11/2024/11,Tamil Nadu,Nilgiri,Ooty-Gudalur Road-NH-181 NH-,181,11.49052,76.527422,Debris,slide,29 August 2024,2024-08-29,data/raw/events/landslide_report.pdf,703,LANDSLIDE INVENTORY (Field vaidated),27803 TN/NIL/58A11/2024/11 Tamil Nadu Nilgiri Ooty-Gudalur Road-NH-181 NH-181 11.49052 76.527422 Debris slide 29 August 2024,NO_EXACT_POLYGON_MATCH,,
27804,TN/NIL/58A11/2024/12,Tamil Nadu,Nilgiri,Ooty-Gudalur Road-NH-181 NH-,181,11.490697,76.532657,Debris,slide,29 August 2024,2024-08-29,data/raw/events/landslide_report.pdf,703,LANDSLIDE INVENTORY (Field vaidated),27804 TN/NIL/58A11/2024/12 Tamil Nadu Nilgiri Ooty-Gudalur Road-NH-181 NH-181 11.490697 76.532657 Debris slide 29 August 2024,NO_EXACT_POLYGON_MATCH,,
27805,TN/NIL/58A11/2024/13,Tamil Nadu,Nilgiri,Gandhipettai,MDR,11.3645,76.705615,Earth,Slide,16 July 2024,2024-07-16,data/raw/events/landslide_report.pdf,703,LANDSLIDE INVENTORY (Field vaidated),27805 TN/NIL/58A11/2024/13 Tamil Nadu Nilgiri Gandhipettai MDR 11.3645 76.705615 Earth Slide 16 July 2024,NO_EXACT_POLYGON_MATCH,,
27806,TN/NIL/58A11/2024/14,Tamil Nadu,Nilgiri,Appukudu,MDR,11.359923,76.667,Debris,slide,16 July 2024,2024-07-16,data/raw/events/landslide_report.pdf,703,LANDSLIDE INVENTORY (Field vaidated),27806 TN/NIL/58A11/2024/14 Tamil Nadu Nilgiri Appukudu MDR 11.359923 76.667 Debris slide 16 July 2024,EXACT_POLYGON_MATCH,635117,Ithalar 1
27807,TN/NIL/58A11/2024/15,Tamil Nadu,Nilgiri,Emerald,Ooty-kundah road,11.327553,76.6317,Earth,Slide,19 July 2024,2024-07-19,data/raw/events/landslide_report.pdf,703,LANDSLIDE INVENTORY (Field vaidated),27807 TN/NIL/58A11/2024/15 Tamil Nadu Nilgiri Emerald Ooty-kundah road 11.327553 76.6317 Earth Slide 19 July 2024,EXACT_POLYGON_MATCH,635117,Ithalar 1
27808,TN/NIL/58A11/2024/16,Tamil Nadu,Nilgiri,Ithalar,Ooty-kundah road,11.34204,76.63419,Earth,Slide,19 July 2024,2024-07-19,data/raw/events/landslide_report.pdf,703,LANDSLIDE INVENTORY (Field vaidated),27808 TN/NIL/58A11/2024/16 Tamil Nadu Nilgiri Ithalar Ooty-kundah road 11.34204 76.63419 Earth Slide 19 July 2024,EXACT_POLYGON_MATCH,635117,Ithalar 1
27809,7152,Tamil Nadu,Nilgiri,NULL,NULL,11.347369,76.789377,Debris,Slide,1 January 2026,2026-01-01,data/raw/events/landslide_report.pdf,703,LANDSLIDE INVENTORY (Field vaidated),27809 7152 Tamil Nadu Nilgiri NULL NULL 11.347369 76.789377 Debris Slide 1 January 2026,NO_EXACT_POLYGON_MATCH,,
27810,7150,Tamil Nadu,Nilgiri,NULL,NULL,11.344605,76.792407,Debris,Slide,1 January 2026 at 05.00hrs,2026-01-01,data/raw/events/landslide_report.pdf,703,LANDSLIDE INVENTORY (Field vaidated),27810 7150 Tamil Nadu Nilgiri NULL NULL 11.344605 76.792407 Debris Slide 1 January 2026 at 05.00hrs,NO_EXACT_POLYGON_MATCH,,
27811,7154,Tamil Nadu,Nilgiri,NULL,NULL,11.349663,76.788382,Debris,Slide,1 January 2026,2026-01-01,data/raw/events/landslide_report.pdf,703,LANDSLIDE INVENTORY (Field vaidated),27811 7154 Tamil Nadu Nilgiri NULL NULL 11.349663 76.788382 Debris Slide 1 January 2026,NO_EXACT_POLYGON_MATCH,,
27812,7156,Tamil Nadu,Nilgiri,NULL,NULL,11.352623,76.786392,Debris,Slide,1 January 2026 at 01.30hrs,2026-01-01,data/raw/events/landslide_report.pdf,703,LANDSLIDE INVENTORY (Field vaidated),27812 7156 Tamil Nadu Nilgiri NULL NULL 11.352623 76.786392 Debris Slide 1 January 2026 at 01.30hrs,NO_EXACT_POLYGON_MATCH,,
27813,7176,Tamil Nadu,Nilgiri,NULL,NULL,11.346408,76.798896,Debris,Slide,1 January 2026 at 2.30hrs,2026-01-01,data/raw/events/landslide_report.pdf,703,LANDSLIDE INVENTORY (Field vaidated),27813 7176 Tamil Nadu Nilgiri NULL NULL 11.346408 76.798896 Debris Slide 1 January 2026 at 2.30hrs,NO_EXACT_POLYGON_MATCH,,
27814,TN/NIL/58A11/2025/1,Tamil Nadu,Nilgiri,NIL-1,Basavakkal Nanjanadu 2 village Ooty taluk,11.39636111,76.65091667,Earth,subsidence,27 May 2025,2025-05-27,data/raw/events/landslide_report.pdf,703,LANDSLIDE INVENTORY (Field vaidated),27814 TN/NIL/58A11/2025/1 Tamil Nadu Nilgiri NIL-1 Basavakkal Nanjanadu 2 village 11.39636111 76.65091667 Earth subsidence 27 May 2025 Ooty taluk,EXACT_POLYGON_MATCH,635094,Nanjand1
27815,TN/NIL/58A11/2025/2,Tamil Nadu,Nilgiri,NIL-2,Anbu Anna colony,11.38372222,76.69333333,earth,Slide,25 May 2025,2025-05-25,data/raw/events/landslide_report.pdf,704,LANDSLIDE INVENTORY (Field vaidated),27815 TN/NIL/58A11/2025/2 Tamil Nadu Nilgiri NIL-2 Anbu Anna colony 11.38372222 76.69333333 earth Slide 25 May 2025,NO_EXACT_POLYGON_MATCH,,
27816,TN/NIL/58A11/2025/3,Tamil Nadu,Nilgiri,NIL-3,Masinagudi-Ooty Road,11.48652778,76.68563889,Rock,Fall,26 May 2025,2025-05-26,data/raw/events/landslide_report.pdf,704,LANDSLIDE INVENTORY (Field vaidated),27816 TN/NIL/58A11/2025/3 Tamil Nadu Nilgiri NIL-3 Masinagudi-Ooty Road 11.48652778 76.68563889 Rock Fall 26 May 2025,EXACT_POLYGON_MATCH,635093,Hullathy
27817,TN/NIL/58A11/2025/4,Tamil Nadu,Nilgiri,NIL-4,Masinagudi-Ooty Road,11.48583333,76.68605556,Rock,Fall,26 May 2025,2025-05-26,data/raw/events/landslide_report.pdf,704,LANDSLIDE INVENTORY (Field vaidated),27817 TN/NIL/58A11/2025/4 Tamil Nadu Nilgiri NIL-4 Masinagudi-Ooty Road 11.48583333 76.68605556 Rock Fall 26 May 2025,EXACT_POLYGON_MATCH,635093,Hullathy
27818,TN/NIL/58A11/2025/5,Tamil Nadu,Nilgiri,NIL-5,"Ithalar, Bembatty",11.33669444,76.64225,Earth,Slide,26 May 2025,2025-05-26,data/raw/events/landslide_report.pdf,704,LANDSLIDE INVENTORY (Field vaidated),"27818 TN/NIL/58A11/2025/5 Tamil Nadu Nilgiri NIL-5 Ithalar, Bembatty 11.33669444 76.64225 Earth Slide 26 May 2025",EXACT_POLYGON_MATCH,635117,Ithalar 1
27819,TN/NIL/58A11/2025/6,Tamil Nadu,Nilgiri,NIL-6,Ithalar hatty,11.34302778,76.63919444,Earth,Slide,30 July 2024,2024-07-30,data/raw/events/landslide_report.pdf,704,LANDSLIDE INVENTORY (Field vaidated),27819 TN/NIL/58A11/2025/6 Tamil Nadu Nilgiri NIL-6 Ithalar hatty 11.34302778 76.63919444 Earth Slide 30 July 2024,EXACT_POLYGON_MATCH,635117,Ithalar 1
27820,TN/NIL/58A11/2025/7,Tamil Nadu,Nilgiri,NIL-7,Emerald Sathya Nagar,11.32233333,76.62216667,Earth,Slide,25 May 2025,2025-05-25,data/raw/events/landslide_report.pdf,704,LANDSLIDE INVENTORY (Field vaidated),27820 TN/NIL/58A11/2025/7 Tamil Nadu Nilgiri NIL-7 Emerald Sathya Nagar 11.32233333 76.62216667 Earth Slide 25 May 2025,EXACT_POLYGON_MATCH,635117,Ithalar 1
27821,TN/NIL/58A11/2025/8,Tamil Nadu,Nilgiri,NIL-8,Lawrence Avalanche junction Emerald,11.31261111,76.62380556,Earth,Slide,26 May 2025,2025-05-26,data/raw/events/landslide_report.pdf,704,LANDSLIDE INVENTORY (Field vaidated),27821 TN/NIL/58A11/2025/8 Tamil Nadu Nilgiri NIL-8 Lawrence Avalanche junction 11.31261111 76.62380556 Earth Slide 26 May 2025 Emerald,EXACT_POLYGON_MATCH,635118,Mulligoor
27822,TN/NIL/58A11/2025/9,Tamil Nadu,Nilgiri,NIL-9,Near Mukkimalai hairpin bend no. 14,11.29147222,76.64566667,Earth,slide,26 May 2025,2025-05-26,data/raw/events/landslide_report.pdf,704,LANDSLIDE INVENTORY (Field vaidated),27822 TN/NIL/58A11/2025/9 Tamil Nadu Nilgiri NIL-9 Near Mukkimalai hairpin bend 11.29147222 76.64566667 Earth slide 26 May 2025 no. 14,NO_EXACT_POLYGON_MATCH,,
27823,TN/NIL/58A11/2025/10,Tamil Nadu,Nilgiri,NIL-10,Pannimedu Kundah Palam – 1,11.28111111,76.64833333,soil,Slide,26 May 2025,2025-05-26,data/raw/events/landslide_report.pdf,704,LANDSLIDE INVENTORY (Field vaidated),27823 TN/NIL/58A11/2025/10 Tamil Nadu Nilgiri NIL-10 Pannimedu Kundah Palam – 1 11.28111111 76.64833333 soil Slide 26 May 2025,NO_EXACT_POLYGON_MATCH,,
27824,TN/NIL/58A11/2025/11,Tamil Nadu,Nilgiri,NIL-11,Pannimedu Kundah Palam – 2,11.28091667,76.648,Debris,Slide,26 May 2025,2025-05-26,data/raw/events/landslide_report.pdf,704,LANDSLIDE INVENTORY (Field vaidated),27824 TN/NIL/58A11/2025/11 Tamil Nadu Nilgiri NIL-11 Pannimedu Kundah Palam – 2 11.28091667 76.648 Debris Slide 26 May 2025,NO_EXACT_POLYGON_MATCH,,
27825,TN/NIL/58A11/2025/12,Tamil Nadu,Nilgiri,NIL-12,Pannimedu Kundah Palam – 3,11.28088889,76.64761111,Debris,Slide,26 May 2025,2025-05-26,data/raw/events/landslide_report.pdf,704,LANDSLIDE INVENTORY (Field vaidated),27825 TN/NIL/58A11/2025/12 Tamil Nadu Nilgiri NIL-12 Pannimedu Kundah Palam – 3 11.28088889 76.64761111 Debris Slide 26 May 2025,NO_EXACT_POLYGON_MATCH,,
27826,TN/NIL/58A11/2025/13,Tamil Nadu,Nilgiri,NIL-13,"Pannimedu Colony, Kundah Palam – 4",11.28072222,76.64813889,Soil,Slide,26 May 2025,2025-05-26,data/raw/events/landslide_report.pdf,704,LANDSLIDE INVENTORY (Field vaidated),"27826 TN/NIL/58A11/2025/13 Tamil Nadu Nilgiri NIL-13 Pannimedu Colony, Kundah 11.28072222 76.64813889 Soil Slide 26 May 2025 Palam – 4",NO_EXACT_POLYGON_MATCH,,
27827,TN/NIL/58A11/2025/14,Tamil Nadu,Nilgiri,NIL-14,"Cheranur, Kil Kudah-2, Mariamman temple",11.25669444,76.62744444,Debris,Slide,26 May 2025,2025-05-26,data/raw/events/landslide_report.pdf,704,LANDSLIDE INVENTORY (Field vaidated),"27827 TN/NIL/58A11/2025/14 Tamil Nadu Nilgiri NIL-14 Cheranur, Kil Kudah-2, 11.25669444 76.62744444 Debris Slide 26 May 2025 Mariamman temple",NO_EXACT_POLYGON_MATCH,,
27828,TN/NIL/58A12/2025/15,Tamil Nadu,Nilgiri,NIL-15,"Mel Kundah, Thiashola -Kinnakorai road",11.21705556,76.60447222,Debris,Slide,26 May 2025,2025-05-26,data/raw/events/landslide_report.pdf,704,LANDSLIDE INVENTORY (Field vaidated),"27828 TN/NIL/58A12/2025/15 Tamil Nadu Nilgiri NIL-15 Mel Kundah, Thiashola - 11.21705556 76.60447222 Debris Slide 26 May 2025 Kinnakorai road",EXACT_POLYGON_MATCH,635120,Mel-Kundah
27829,TN/NIL/58A11/2025/16,Tamil Nadu,Nilgiri,NIL-16,Gudalur Ooty road (Naduvattam),11.49063889,76.52758333,Debris,Slide,26 May 2025,2025-05-26,data/raw/events/landslide_report.pdf,704,LANDSLIDE INVENTORY (Field vaidated),27829 TN/NIL/58A11/2025/16 Tamil Nadu Nilgiri NIL-16 Gudalur Ooty road 11.49063889 76.52758333 Debris Slide 26 May 2025 (Naduvattam),NO_EXACT_POLYGON_MATCH,,
27830,TN/NIL/58A2/2025/17,Tamil Nadu,Nilgiri,NIL-17,Cholady near cherambadi,11.52344444,76.24775,Earth,Slide,25 May 2025,2025-05-25,data/raw/events/landslide_report.pdf,704,LANDSLIDE INVENTORY (Field vaidated),27830 TN/NIL/58A2/2025/17 Tamil Nadu Nilgiri NIL-17 Cholady near cherambadi 11.52344444 76.24775 Earth Slide 25 May 2025,EXACT_POLYGON_MATCH,635083,Cherangode1
27831,TN/NIL/58A2/2025/18,Tamil Nadu,Nilgiri,NIL-18,Cholady near cherambadi,11.52475,76.24763889,Debris,Slide,26 May 2025,2025-05-26,data/raw/events/landslide_report.pdf,704,LANDSLIDE INVENTORY (Field vaidated),27831 TN/NIL/58A2/2025/18 Tamil Nadu Nilgiri NIL-18 Cholady near cherambadi 11.52475 76.24763889 Debris Slide 26 May 2025,EXACT_POLYGON_MATCH,635083,Cherangode1
27832,TN/NIL/58A7/2025/19,Tamil Nadu,Nilgiri,NIL-19,O-Valley-2 Sea forth village,11.42786111,76.45422222,Earth,Slide,2017,,data/raw/events/landslide_report.pdf,704,LANDSLIDE INVENTORY (Field vaidated),27832 TN/NIL/58A7/2025/19 Tamil Nadu Nilgiri NIL-19 O-Valley-2 Sea forth village 11.42786111 76.45422222 Earth Slide 2017,NO_EXACT_POLYGON_MATCH,,
27833,TN/NIL/58A7/2025/20,Tamil Nadu,Nilgiri,NIL-20,"Seapuram, O’ Valley",11.42336111,76.46347222,Rock,Fall,3 July 2024,2024-07-03,data/raw/events/landslide_report.pdf,704,LANDSLIDE INVENTORY (Field vaidated),"27833 TN/NIL/58A7/2025/20 Tamil Nadu Nilgiri NIL-20 Seapuram, O’ Valley 11.42336111 76.46347222 Rock Fall 3 July 2024",NO_EXACT_POLYGON_MATCH,,
27834,TN/NIL/58A15/2025/1,Tamil Nadu,Nilgiri,ONR-1,Near DSP. Office mount pleasant road,11.3426,76.7901,Debris,Slide,17 October 2025,2025-10-17,data/raw/events/landslide_report.pdf,704,LANDSLIDE INVENTORY (Field vaidated),27834 TN/NIL/58A15/2025/1 Tamil Nadu Nilgiri ONR-1 Near DSP. Office mount 11.3426 76.7901 Debris Slide 17 October 2025 pleasant road,NO_EXACT_POLYGON_MATCH,,
27835,TN/NIL/58A15/2025/2,Tamil Nadu,Nilgiri,ONR-2,Near Palavasi petrol bunk,11.3494,76.7872,Debris,Slide,14 October 2025,2025-10-14,data/raw/events/landslide_report.pdf,704,LANDSLIDE INVENTORY (Field vaidated),27835 TN/NIL/58A15/2025/2 Tamil Nadu Nilgiri ONR-2 Near Palavasi petrol bunk 11.3494 76.7872 Debris Slide 14 October 2025,NO_EXACT_POLYGON_MATCH,,
27836,TN/NIL/58A15/2025/3,Tamil Nadu,Nilgiri,ONR-3,Coonoor to Ooty road near Coonoor town,11.3494,76.7959,Earth,Slide,19 October 2025,2025-10-19,data/raw/events/landslide_report.pdf,704,LANDSLIDE INVENTORY (Field vaidated),27836 TN/NIL/58A15/2025/3 Tamil Nadu Nilgiri ONR-3 Coonoor to Ooty road near 11.3494 76.7959 Earth Slide 19 October 2025 Coonoor town,NO_EXACT_POLYGON_MATCH,,
27837,TN/NIL/58A15/2025/4,Tamil Nadu,Nilgiri,ONR-4,Udhagai to Coonoor road Near Aruvankad,11.3533,76.785,Debris,Slide,21 October 2025,2025-10-21,data/raw/events/landslide_report.pdf,704,LANDSLIDE INVENTORY (Field vaidated),27837 TN/NIL/58A15/2025/4 Tamil Nadu Nilgiri ONR-4 Udhagai to Coonoor road Near 11.3533 76.785 Debris Slide 21 October 2025 Aruvankad,NO_EXACT_POLYGON_MATCH,,
27838,TN/NIL/58A15/2025/5,Tamil Nadu,Nilgiri,ONR-5,Coonoor to Udhagai road head and crown and slide at body and toe of the slide,11.359,76.7817,Rock and Debris,Fall near the,22 October 2025,2025-10-22,data/raw/events/landslide_report.pdf,704,LANDSLIDE INVENTORY (Field vaidated),27838 TN/NIL/58A15/2025/5 Tamil Nadu Nilgiri ONR-5 Coonoor to Udhagai road 11.359 76.7817 Rock and Debris Fall near the 22 October 2025 head and crown and slide at body and toe of the slide,NO_EXACT_POLYGON_MATCH,,
27839,TN/NIL/58A15/2025/6,Tamil Nadu,Nilgiri,ONR-6,TTK Road,11.3445,76.7924,Debris,Slide,17 October 2025,2025-10-17,data/raw/events/landslide_report.pdf,704,LANDSLIDE INVENTORY (Field vaidated),27839 TN/NIL/58A15/2025/6 Tamil Nadu Nilgiri ONR-6 TTK Road 11.3445 76.7924 Debris Slide 17 October 2025,NO_EXACT_POLYGON_MATCH,,
27840,TN/NIL/58A15/2025/7,Tamil Nadu,Nilgiri,ONR-7,Coonoor - Vennar pet Rd.,11.3509,76.7929,Debris,Slide,20 October 2025,2025-10-20,data/raw/events/landslide_report.pdf,704,LANDSLIDE INVENTORY (Field vaidated),27840 TN/NIL/58A15/2025/7 Tamil Nadu Nilgiri ONR-7 Coonoor - Vennar pet Rd. 11.3509 76.7929 Debris Slide 20 October 2025,NO_EXACT_POLYGON_MATCH,,
27841,TN/NIL/58A15/2025/8,Tamil Nadu,Nilgiri,ONR-8,Mel Vannarapettai Near Sarasini front house,11.3551,76.7902,NA,-,NA,,data/raw/events/landslide_report.pdf,704,LANDSLIDE INVENTORY (Field vaidated),27841 TN/NIL/58A15/2025/8 Tamil Nadu Nilgiri ONR-8 Mel Vannarapettai Near 11.3551 76.7902 NA - NA Sarasini front house,NO_EXACT_POLYGON_MATCH,,
27842,TN/NIL/58A15/2025/9,Tamil Nadu,Nilgiri,ONR-9,Attadi road,11.3571,76.8083,Earth,Slide,19 October 2025,2025-10-19,data/raw/events/landslide_report.pdf,704,LANDSLIDE INVENTORY (Field vaidated),27842 TN/NIL/58A15/2025/9 Tamil Nadu Nilgiri ONR-9 Attadi road 11.3571 76.8083 Earth Slide 19 October 2025,NO_EXACT_POLYGON_MATCH,,
27843,TN/NIL/58A15/2025/10,Tamil Nadu,Nilgiri,ONR-10,Coonoor to Kattabettu road near Bandishola,11.3665,76.8167,Debris,Slide,18 October 2025,2025-10-18,data/raw/events/landslide_report.pdf,704,LANDSLIDE INVENTORY (Field vaidated),27843 TN/NIL/58A15/2025/10 Tamil Nadu Nilgiri ONR-10 Coonoor to Kattabettu road 11.3665 76.8167 Debris Slide 18 October 2025 near Bandishola,NO_EXACT_POLYGON_MATCH,,
27844,TN/NIL/58A15/2025/11,Tamil Nadu,Nilgiri,ONR-11,Coonoor to Kattabettu Road,11.3752,76.8165,Loose debris,Slide,17 October 2025,2025-10-17,data/raw/events/landslide_report.pdf,704,LANDSLIDE INVENTORY (Field vaidated),27844 TN/NIL/58A15/2025/11 Tamil Nadu Nilgiri ONR-11 Coonoor to Kattabettu Road 11.3752 76.8165 Loose debris Slide 17 October 2025,EXACT_POLYGON_MATCH,635111,Yedapally
27845,TN/NIL/58A15/2025/12,Tamil Nadu,Nilgiri,ONR-12,"In backside of Tmt. Jayabhatathi house, Forestdale",11.3669,76.7992,Earth,Slide,22 October 2025,2025-10-22,data/raw/events/landslide_report.pdf,704,LANDSLIDE INVENTORY (Field vaidated),"27845 TN/NIL/58A15/2025/12 Tamil Nadu Nilgiri ONR-12 In backside of Tmt. Jayabhatathi 11.3669 76.7992 Earth Slide 22 October 2025 house, Forestdale",NO_EXACT_POLYGON_MATCH,,
27846,TN/NIL/58A15/2025/13,Tamil Nadu,Nilgiri,ONR-13,Near Gandipuram Railway track,11.3339,76.7981,Loose debris,Slide,18 October 2025,2025-10-18,data/raw/events/landslide_report.pdf,705,LANDSLIDE INVENTORY (Field vaidated),27846 TN/NIL/58A15/2025/13 Tamil Nadu Nilgiri ONR-13 Near Gandipuram Railway track 11.3339 76.7981 Loose debris Slide 18 October 2025,NO_EXACT_POLYGON_MATCH,,
27847,TN/NIL/58A15/2025/14,Tamil Nadu,Nilgiri,ONR-14,Gandhipuram - Indra Nagar,11.337,76.7982,Earth,Slide,21 October 2025,2025-10-21,data/raw/events/landslide_report.pdf,705,LANDSLIDE INVENTORY (Field vaidated),27847 TN/NIL/58A15/2025/14 Tamil Nadu Nilgiri ONR-14 Gandhipuram - Indra Nagar 11.337 76.7982 Earth Slide 21 October 2025,NO_EXACT_POLYGON_MATCH,,
27848,TN/NIL/58A15/2025/15,Tamil Nadu,Nilgiri,ONR-15,Coonoor to Mettupalayam road,11.3307,76.808,Debris,Slide,19 October 2025,2025-10-19,data/raw/events/landslide_report.pdf,705,LANDSLIDE INVENTORY (Field vaidated),27848 TN/NIL/58A15/2025/15 Tamil Nadu Nilgiri ONR-15 Coonoor to Mettupalayam road 11.3307 76.808 Debris Slide 19 October 2025,NO_EXACT_POLYGON_MATCH,,
27849,TN/NIL/58A15/2025/16,Tamil Nadu,Nilgiri,ONR-16,Coonoor to Mettupalayam road,11.3381,76.8278,Rock,Slide,2024,,data/raw/events/landslide_report.pdf,705,LANDSLIDE INVENTORY (Field vaidated),27849 TN/NIL/58A15/2025/16 Tamil Nadu Nilgiri ONR-16 Coonoor to Mettupalayam road 11.3381 76.8278 Rock Slide 2024,EXACT_POLYGON_MATCH,635113,Coonoor Rural
27850,TN/NIL/58A15/2025/17,Tamil Nadu,Nilgiri,KOT-1,In front of Palanimalai house at Kattabettu Bharathinagar,11.4139,76.8139,Earth,Slide,19 October 2025,2025-10-19,data/raw/events/landslide_report.pdf,705,LANDSLIDE INVENTORY (Field vaidated),27850 TN/NIL/58A15/2025/17 Tamil Nadu Nilgiri KOT-1 In front of Palanimalai house at 11.4139 76.8139 Earth Slide 19 October 2025 Kattabettu Bharathinagar,EXACT_POLYGON_MATCH,635108,Naduhatty-1
27851,TN/NIL/58A15/2025/18,Tamil Nadu,Nilgiri,KOT-2,"In front of Velusamy house, Bharthi Nagar",11.4146,76.8133,Earth,Slide,18 October 2025,2025-10-18,data/raw/events/landslide_report.pdf,705,LANDSLIDE INVENTORY (Field vaidated),"27851 TN/NIL/58A15/2025/18 Tamil Nadu Nilgiri KOT-2 In front of Velusamy house, 11.4146 76.8133 Earth Slide 18 October 2025 Bharthi Nagar",EXACT_POLYGON_MATCH,635108,Naduhatty-1
27852,TN/NIL/58A15/2025/19,Tamil Nadu,Nilgiri,KOT-3,Coonoor to Kattabettu road,11.4159,76.8172,Debris,Slide,19 October 2025,2025-10-19,data/raw/events/landslide_report.pdf,705,LANDSLIDE INVENTORY (Field vaidated),27852 TN/NIL/58A15/2025/19 Tamil Nadu Nilgiri KOT-3 Coonoor to Kattabettu road 11.4159 76.8172 Debris Slide 19 October 2025,EXACT_POLYGON_MATCH,635108,Naduhatty-1
27853,TN/NIL/58A15/2025/20,Tamil Nadu,Nilgiri,KOT-4,Kokkalthorai road near kaikatty,11.4588,76.8427,Earth,Slide,16 October 2025,2025-10-16,data/raw/events/landslide_report.pdf,705,LANDSLIDE INVENTORY (Field vaidated),27853 TN/NIL/58A15/2025/20 Tamil Nadu Nilgiri KOT-4 Kokkalthorai road near kaikatty 11.4588 76.8427 Earth Slide 16 October 2025,EXACT_POLYGON_MATCH,635100,Nedugula-I
27854,TN/NIL/58A15/2025/21,Tamil Nadu,Nilgiri,KOT-5,Keradamattam to Sundatty road,11.4939,76.8939,Debris,Slide,19 October 2025,2025-10-19,data/raw/events/landslide_report.pdf,705,LANDSLIDE INVENTORY (Field vaidated),27854 TN/NIL/58A15/2025/21 Tamil Nadu Nilgiri KOT-5 Keradamattam to Sundatty 11.4939 76.8939 Debris Slide 19 October 2025 road,EXACT_POLYGON_MATCH,635099,Kodanad
27855,TN/NIL/58A15/2025/22,Tamil Nadu,Nilgiri,KOT-6,"Sivakumar,S/o.Kuttan Rajnagar, backside of the house",11.4508,76.89,Earth,Fall,16 October 2025,2025-10-16,data/raw/events/landslide_report.pdf,705,LANDSLIDE INVENTORY (Field vaidated),"27855 TN/NIL/58A15/2025/22 Tamil Nadu Nilgiri KOT-6 Sivakumar,S/o.Kuttan Rajnagar, 11.4508 76.89 Earth Fall 16 October 2025 backside of the house",EXACT_POLYGON_MATCH,635100,Nedugula-I
27856,TN/NIL/58A15/2025/23,Tamil Nadu,Nilgiri,KOT-7,Club road lion house area,11.4317,76.8667,Earth,Slide,18 October 2025,2025-10-18,data/raw/events/landslide_report.pdf,705,LANDSLIDE INVENTORY (Field vaidated),27856 TN/NIL/58A15/2025/23 Tamil Nadu Nilgiri KOT-7 Club road lion house area 11.4317 76.8667 Earth Slide 18 October 2025,NO_EXACT_POLYGON_MATCH,,
27857,TN/NIL/58A15/2025/24,Tamil Nadu,Nilgiri,KOT-8,Kotagiri to Konavakkarai road,11.4174,76.8781,Debris,Slide,22 October 2025,2025-10-22,data/raw/events/landslide_report.pdf,705,LANDSLIDE INVENTORY (Field vaidated),27857 TN/NIL/58A15/2025/24 Tamil Nadu Nilgiri KOT-8 Kotagiri to Konavakkarai road 11.4174 76.8781 Debris Slide 22 October 2025,EXACT_POLYGON_MATCH,635107,Konavakorai-I
27858,TN/NIL/58A11/2025/25,Tamil Nadu,Nilgiri,ONR-17,Near Needle factory,11.3785,76.7444,Earth,Slide,19 October 2025,2025-10-19,data/raw/events/landslide_report.pdf,705,LANDSLIDE INVENTORY (Field vaidated),27858 TN/NIL/58A11/2025/25 Tamil Nadu Nilgiri ONR-17 Near Needle factory 11.3785 76.7444 Earth Slide 19 October 2025,NO_EXACT_POLYGON_MATCH,,
27859,TN/NIL/58A11/2025/26,Tamil Nadu,Nilgiri,ONR-18,Kenthala to Ketti palada road,11.3359,76.7345,Debris,Slide,22 October 2025,2025-10-22,data/raw/events/landslide_report.pdf,705,LANDSLIDE INVENTORY (Field vaidated),27859 TN/NIL/58A11/2025/26 Tamil Nadu Nilgiri ONR-18 Kenthala to Ketti palada road 11.3359 76.7345 Debris Slide 22 October 2025,NO_EXACT_POLYGON_MATCH,,
27860,TN/NIL/58A11/2025/27,Tamil Nadu,Nilgiri,ONR-19,Maniyapuram Temple area,11.3157,76.7068,Earth,Slide,18 October 2025,2025-10-18,data/raw/events/landslide_report.pdf,705,LANDSLIDE INVENTORY (Field vaidated),27860 TN/NIL/58A11/2025/27 Tamil Nadu Nilgiri ONR-19 Maniyapuram Temple area 11.3157 76.7068 Earth Slide 18 October 2025,NO_EXACT_POLYGON_MATCH,,
27861,TN/NIL/58A15/2025/28,Tamil Nadu,Nilgiri,ONR-20,"In backside of Tmt.Gomathi house, Palaya Aravankadu",11.3696,76.7517,Earth,Slide,22 October 2025,2025-10-22,data/raw/events/landslide_report.pdf,705,LANDSLIDE INVENTORY (Field vaidated),"27861 TN/NIL/58A15/2025/28 Tamil Nadu Nilgiri ONR-20 In backside of Tmt.Gomathi 11.3696 76.7517 Earth Slide 22 October 2025 house, Palaya Aravankadu",NO_EXACT_POLYGON_MATCH,,
27862,TN/NIL/58A15/2025/29,Tamil Nadu,Nilgiri,ONR-21,"In backside of Tmt.Saroja Sandha house, Chinna Bikkatty",11.3718,76.7561,Earth,Slide,22 October 2025,2025-10-22,data/raw/events/landslide_report.pdf,705,LANDSLIDE INVENTORY (Field vaidated),"27862 TN/NIL/58A15/2025/29 Tamil Nadu Nilgiri ONR-21 In backside of Tmt.Saroja 11.3718 76.7561 Earth Slide 22 October 2025 Sandha house, Chinna Bikkatty",NO_EXACT_POLYGON_MATCH,,
27863,TN/NIL/58A15/2025/30,Tamil Nadu,Nilgiri,ONR-23,"Tmt.Mumtaj, W/o.Anwer Ambikapuram house backside",11.3556,76.771,Debris,Slide,16 October 2025,2025-10-16,data/raw/events/landslide_report.pdf,705,LANDSLIDE INVENTORY (Field vaidated),"27863 TN/NIL/58A15/2025/30 Tamil Nadu Nilgiri ONR-23 Tmt.Mumtaj, W/o.Anwer 11.3556 76.771 Debris Slide 16 October 2025 Ambikapuram house backside",NO_EXACT_POLYGON_MATCH,,
27864,TN/NIL/58A15/2025/31,Tamil Nadu,Nilgiri,ONR-24,Periyar Nagar,11.3375,76.7769,Debris,Slide,22 October 2025,2025-10-22,data/raw/events/landslide_report.pdf,705,LANDSLIDE INVENTORY (Field vaidated),27864 TN/NIL/58A15/2025/31 Tamil Nadu Nilgiri ONR-24 Periyar Nagar 11.3375 76.7769 Debris Slide 22 October 2025,NO_EXACT_POLYGON_MATCH,,
27865,TN/NIL/58A15/2025/32,Tamil Nadu,Nilgiri,ONR-25,"Nearby Deepa's house, Karancy",11.3608,76.834,Debris,Slide,16 October 2025,2025-10-16,data/raw/events/landslide_report.pdf,705,LANDSLIDE INVENTORY (Field vaidated),"27865 TN/NIL/58A15/2025/32 Tamil Nadu Nilgiri ONR-25 Nearby Deepa's house, Karancy 11.3608 76.834 Debris Slide 16 October 2025",EXACT_POLYGON_MATCH,635111,Yedapally
27866,TN/NIL/58A15/2025/33,Tamil Nadu,Nilgiri,KOT-10,S.N.Nagar to Semmanarai Rd.,11.3935,76.9317,Debris,Slide,20 October 2025,2025-10-20,data/raw/events/landslide_report.pdf,705,LANDSLIDE INVENTORY (Field vaidated),27866 TN/NIL/58A15/2025/33 Tamil Nadu Nilgiri KOT-10 S.N.Nagar to Semmanarai Rd. 11.3935 76.9317 Debris Slide 20 October 2025,EXACT_POLYGON_MATCH,635107,Konavakorai-I
27867,TN/NIL/58A15/2025/34,Tamil Nadu,Nilgiri,ONR-26,Near Nansach,11.3203,76.7985,Debris,Slide,16 October 2025,2025-10-16,data/raw/events/landslide_report.pdf,705,LANDSLIDE INVENTORY (Field vaidated),27867 TN/NIL/58A15/2025/34 Tamil Nadu Nilgiri ONR-26 Near Nansach 11.3203 76.7985 Debris Slide 16 October 2025,EXACT_POLYGON_MATCH,635113,Coonoor Rural
27868,TN/NIL/58A11/2025/35,Tamil Nadu,Nilgiri,ONR-27,Palaniyappa Estate road,11.2653,76.7448,Earth,Slide,16 October 2025,2025-10-16,data/raw/events/landslide_report.pdf,705,LANDSLIDE INVENTORY (Field vaidated),27868 TN/NIL/58A11/2025/35 Tamil Nadu Nilgiri ONR-27 Palaniyappa Estate road 11.2653 76.7448 Earth Slide 16 October 2025,EXACT_POLYGON_MATCH,635114,Melur 1
27869,TN/NIL/58A11/2025/36,Tamil Nadu,Nilgiri,ONR-28,Dickland lease,11.2774,76.6898,Debris,Slide,22 October 2025,2025-10-22,data/raw/events/landslide_report.pdf,705,LANDSLIDE INVENTORY (Field vaidated),27869 TN/NIL/58A11/2025/36 Tamil Nadu Nilgiri ONR-28 Dickland lease 11.2774 76.6898 Debris Slide 22 October 2025,EXACT_POLYGON_MATCH,635119,Balacola-1
27870,TN/NIL/58A11/2025/37,Tamil Nadu,Nilgiri,KUN-1,Ketchikatti to Mullimalai road,11.2617,76.6327,Earth,Slide,18 October 2025,2025-10-18,data/raw/events/landslide_report.pdf,705,LANDSLIDE INVENTORY (Field vaidated),27870 TN/NIL/58A11/2025/37 Tamil Nadu Nilgiri KUN-1 Ketchikatti to Mullimalai road 11.2617 76.6327 Earth Slide 18 October 2025,NO_EXACT_POLYGON_MATCH,,
27871,TN/NIL/58A15/2025/38,Tamil Nadu,Nilgiri,KUN-2,Onikandi to Coimbatore road,11.2659,76.6572,Earth,Slide,18 October 2025,2025-10-18,data/raw/events/landslide_report.pdf,705,LANDSLIDE INVENTORY (Field vaidated),27871 TN/NIL/58A15/2025/38 Tamil Nadu Nilgiri KUN-2 Onikandi to Coimbatore road 11.2659 76.6572 Earth Slide 18 October 2025,NO_EXACT_POLYGON_MATCH,,
27872,TN/NIL/58A11/2025/39,Tamil Nadu,Nilgiri,KUN-3,"Manjoor to Greddai road, near Onikandi",11.2643,76.6583,Earth,Slide,19 October 2025,2025-10-19,data/raw/events/landslide_report.pdf,705,LANDSLIDE INVENTORY (Field vaidated),"27872 TN/NIL/58A11/2025/39 Tamil Nadu Nilgiri KUN-3 Manjoor to Greddai road, near 11.2643 76.6583 Earth Slide 19 October 2025 Onikandi",NO_EXACT_POLYGON_MATCH,,
27873,TN/NIL/58A11/2025/40,Tamil Nadu,Nilgiri,KUN-4,"Primary Health Centre, Kundah palam",11.2818,76.65,Earth,Slide,19 October 2025,2025-10-19,data/raw/events/landslide_report.pdf,705,LANDSLIDE INVENTORY (Field vaidated),"27873 TN/NIL/58A11/2025/40 Tamil Nadu Nilgiri KUN-4 Primary Health Centre, Kundah 11.2818 76.65 Earth Slide 19 October 2025 palam",NO_EXACT_POLYGON_MATCH,,
27874,TN/NIL/58A11/2025/41,Tamil Nadu,Nilgiri,KUN-5,"Nagaraj,S/o.Raman house, backside",11.3206,76.6903,Earth,Slide,14 October 2025,2025-10-14,data/raw/events/landslide_report.pdf,705,LANDSLIDE INVENTORY (Field vaidated),"27874 TN/NIL/58A11/2025/41 Tamil Nadu Nilgiri KUN-5 Nagaraj,S/o.Raman house, 11.3206 76.6903 Earth Slide 14 October 2025 backside",EXACT_POLYGON_MATCH,635119,Balacola-1
27875,TN/NIL/58A15/2025/42,Tamil Nadu,Nilgiri,KOT-11,Marvalla road,11.4723,76.8408,Debris,Slide,19 October 2025,2025-10-19,data/raw/events/landslide_report.pdf,706,LANDSLIDE INVENTORY (Field vaidated),27875 TN/NIL/58A15/2025/42 Tamil Nadu Nilgiri KOT-11 Marvalla road 11.4723 76.8408 Debris Slide 19 October 2025,EXACT_POLYGON_MATCH,635100,Nedugula-I
27876,TN/NIL/58A15/2025/43,Tamil Nadu,Nilgiri,ONR-29,Coonoor to Udhagai road,11.3599,76.7814,Debris,Slide,22 October 2025,2025-10-22,data/raw/events/landslide_report.pdf,706,LANDSLIDE INVENTORY (Field vaidated),27876 TN/NIL/58A15/2025/43 Tamil Nadu Nilgiri ONR-29 Coonoor to Udhagai road 11.3599 76.7814 Debris Slide 22 October 2025,NO_EXACT_POLYGON_MATCH,,
27877,TN/NIL/58A15/2025/44,Tamil Nadu,Nilgiri,ONR-30,Coonoor to Udhagai road,11.3606,76.7813,Earth,Slide,22 October 2025,2025-10-22,data/raw/events/landslide_report.pdf,706,LANDSLIDE INVENTORY (Field vaidated),27877 TN/NIL/58A15/2025/44 Tamil Nadu Nilgiri ONR-30 Coonoor to Udhagai road 11.3606 76.7813 Earth Slide 22 October 2025,NO_EXACT_POLYGON_MATCH,,
27878,TN/NILGIRIS/58A15/2026/01,Tamil Nadu,Nilgiri,TDK road Slide,TDK Road,11.344605,76.792407,Debris,Slide,01 January 2026,2026-01-01,data/raw/events/landslide_report.pdf,706,LANDSLIDE INVENTORY (Field vaidated),27878 TN/NILGIRIS/58A15/2026/01 Tamil Nadu Nilgiri TDK road Slide TDK Road 11.344605 76.792407 Debris Slide 01 January 2026,NO_EXACT_POLYGON_MATCH,,
27879,TN/NILGIRIS/58A15/2026/02,Tamil Nadu,Nilgiri,Model House Society Slide,Disencherry Road,11.346337,76.798923,Debris,Slide,01 January 2026,2026-01-01,data/raw/events/landslide_report.pdf,706,LANDSLIDE INVENTORY (Field vaidated),27879 TN/NILGIRIS/58A15/2026/02 Tamil Nadu Nilgiri Model House Society Slide Disencherry Road 11.346337 76.798923 Debris Slide 01 January 2026,NO_EXACT_POLYGON_MATCH,,
27880,TN/NILGIRIS/58A15/2026/03,Tamil Nadu,Nilgiri,MGR Nagar,TDK Road,11.347369,76.789377,Debris,Slide,01 January 2026,2026-01-01,data/raw/events/landslide_report.pdf,706,LANDSLIDE INVENTORY (Field vaidated),27880 TN/NILGIRIS/58A15/2026/03 Tamil Nadu Nilgiri MGR Nagar TDK Road 11.347369 76.789377 Debris Slide 01 January 2026,NO_EXACT_POLYGON_MATCH,,
27881,TN/NILGIRIS/58A15/2026/04,Tamil Nadu,Nilgiri,TDK road Slide,TDK Road,11.349663,76.788382,Debris,Slide,01 January 2026,2026-01-01,data/raw/events/landslide_report.pdf,706,LANDSLIDE INVENTORY (Field vaidated),27881 TN/NILGIRIS/58A15/2026/04 Tamil Nadu Nilgiri TDK road Slide TDK Road 11.349663 76.788382 Debris Slide 01 January 2026,NO_EXACT_POLYGON_MATCH,,
27882,TN/NILGIRIS/58A15/2026/05,Tamil Nadu,Nilgiri,Riga Residency slide,TDK Road,11.352862,76.786387,Debris,Slide,01 January 2026,2026-01-01,data/raw/events/landslide_report.pdf,706,LANDSLIDE INVENTORY (Field vaidated),27882 TN/NILGIRIS/58A15/2026/05 Tamil Nadu Nilgiri Riga Residency slide TDK Road 11.352862 76.786387 Debris Slide 01 January 2026,NO_EXACT_POLYGON_MATCH,,
27912,Tamil Nadu/Nilgiri/58A/15/2017/01.,Tamil Nadu,Nilgiri,Slide 01,NH-67,11.33736111,76.82255556,Earth/debris,Slide,12 September 2017,2017-09-12,data/raw/events/landslide_report.pdf,707,LANDSLIDE INVENTORY (Field vaidated),27912 Tamil Tamil Nadu Nilgiri Slide 01 NH-67 11.33736111 76.82255556 Earth/debris Slide 12 September 2017 Nadu/Nilgiri/58A/15/2017/01.,EXACT_POLYGON_MATCH,635113,Coonoor Rural
27913,Tamil Nadu/Nilgiri/58A/11/2017/02.,Tamil Nadu,Nilgiri,Slide 02,Nundanamattam,11.35680278,76.69265833,Earth/debris,Slide,12 September 2017,2017-09-12,data/raw/events/landslide_report.pdf,707,LANDSLIDE INVENTORY (Field vaidated),27913 Tamil Tamil Nadu Nilgiri Slide 02 Nundanamattam 11.35680278 76.69265833 Earth/debris Slide 12 September 2017 Nadu/Nilgiri/58A/11/2017/02.,NO_EXACT_POLYGON_MATCH,,
27914,Tamil Nadu/Nilgiri/58A/07/2017/03.,Tamil Nadu,Nilgiri,Slide 03,Kilenadugani fragments,11.44088889,76.39384444,Debris with rock,Slide,12 September 2017,2017-09-12,data/raw/events/landslide_report.pdf,707,LANDSLIDE INVENTORY (Field vaidated),27914 Tamil Tamil Nadu Nilgiri Slide 03 Kilenadugani 11.44088889 76.39384444 Debris with rock Slide 12 September 2017 Nadu/Nilgiri/58A/07/2017/03. fragments,NO_EXACT_POLYGON_MATCH,,
27915,Tamil Nadu/Nilgiri/58A/15/2017/03.,Tamil Nadu,Nilgiri,Slide 04,Kattabettu,11.41589167,76.817125,Debris,slide,10 September 2017,2017-09-10,data/raw/events/landslide_report.pdf,707,LANDSLIDE INVENTORY (Field vaidated),27915 Tamil Tamil Nadu Nilgiri Slide 04 Kattabettu 11.41589167 76.817125 Debris slide 10 September 2017 Nadu/Nilgiri/58A/15/2017/03.,EXACT_POLYGON_MATCH,635108,Naduhatty-1
27926,TN/NIL/58A/11/2019/01,Tamil Nadu,Nilgiri,Nondimedu cut slope failure N,"H-67, near Nondimedu",11.40039,76.71645,Debris,Slide,16 November 2019,2019-11-16,data/raw/events/landslide_report.pdf,708,LANDSLIDE INVENTORY (Field vaidated),"27926 TN/NIL/58A/11/2019/01 Tamil Nadu Nilgiri Nondimedu cut slope failure NH-67, near Nondimedu 11.40039 76.71645 Debris Slide 16 November 2019",NO_EXACT_POLYGON_MATCH,,
27927,TN/NIL/58A/11/2019/02,Tamil Nadu,Nilgiri,NH-67 debris flow,NH-67,11.39668,76.71731,Debris,Flow,16 November 2019,2019-11-16,data/raw/events/landslide_report.pdf,708,LANDSLIDE INVENTORY (Field vaidated),27927 TN/NIL/58A/11/2019/02 Tamil Nadu Nilgiri NH-67 debris flow NH-67 11.39668 76.71731 Debris Flow 16 November 2019,NO_EXACT_POLYGON_MATCH,,
27928,TN/NIL/58A/11/2019/03,Tamil Nadu,Nilgiri,NH-67 cut slope failure 1,NH-67,11.39112,76.7178,Debris,Slide,16 November 2019,2019-11-16,data/raw/events/landslide_report.pdf,708,LANDSLIDE INVENTORY (Field vaidated),27928 TN/NIL/58A/11/2019/03 Tamil Nadu Nilgiri NH-67 cut slope failure 1 NH-67 11.39112 76.7178 Debris Slide 16 November 2019,NO_EXACT_POLYGON_MATCH,,
27929,TN/NIL/58A/11/2019/04,Tamil Nadu,Nilgiri,NH-67 cut slope failure 2,NH-67,11.39108,76.71756,Debris,Slide,16 November 2019,2019-11-16,data/raw/events/landslide_report.pdf,708,LANDSLIDE INVENTORY (Field vaidated),27929 TN/NIL/58A/11/2019/04 Tamil Nadu Nilgiri NH-67 cut slope failure 2 NH-67 11.39108 76.71756 Debris Slide 16 November 2019,NO_EXACT_POLYGON_MATCH,,
27930,TN/NIL/58A/11/2019/05,Tamil Nadu,Nilgiri,NH-67 cut slope failure 3,NH-67,11.39002,76.71868,Debris,Slide,16 November 2019,2019-11-16,data/raw/events/landslide_report.pdf,708,LANDSLIDE INVENTORY (Field vaidated),27930 TN/NIL/58A/11/2019/05 Tamil Nadu Nilgiri NH-67 cut slope failure 3 NH-67 11.39002 76.71868 Debris Slide 16 November 2019,NO_EXACT_POLYGON_MATCH,,
27931,TN/NIL/58A/11/2019/06,Tamil Nadu,Nilgiri,Manthada road cut slope failure Ma,nthada,11.38885,76.72575,Debris,Slide,16 November 2019,2019-11-16,data/raw/events/landslide_report.pdf,708,LANDSLIDE INVENTORY (Field vaidated),27931 TN/NIL/58A/11/2019/06 Tamil Nadu Nilgiri Manthada road cut slope failure Manthada 11.38885 76.72575 Debris Slide 16 November 2019,NO_EXACT_POLYGON_MATCH,,
27932,TN/NIL/58A/11/2019/07,Tamil Nadu,Nilgiri,NH -67 rock fall,NH- 67,11.38797,76.73164,Rock,Fall,16 November 2019,2019-11-16,data/raw/events/landslide_report.pdf,708,LANDSLIDE INVENTORY (Field vaidated),27932 TN/NIL/58A/11/2019/07 Tamil Nadu Nilgiri NH -67 rock fall NH- 67 11.38797 76.73164 Rock Fall 16 November 2019,NO_EXACT_POLYGON_MATCH,,
27933,TN/NIL/58A/15/2019/08,Tamil Nadu,Nilgiri,NH-67 cut slope failure 4,NH-67,11.38733,76.73406,Debris,Slide,16 November 2019,2019-11-16,data/raw/events/landslide_report.pdf,708,LANDSLIDE INVENTORY (Field vaidated),27933 TN/NIL/58A/15/2019/08 Tamil Nadu Nilgiri NH-67 cut slope failure 4 NH-67 11.38733 76.73406 Debris Slide 16 November 2019,NO_EXACT_POLYGON_MATCH,,
27934,TN/NIL/58A/15/2019/09,Tamil Nadu,Nilgiri,Annai Velankani Nagar debris slide An,"nai Velankani Nagar, Coonoor",11.347847,76.789084,Debris,Slide,16 November 2019,2019-11-16,data/raw/events/landslide_report.pdf,708,LANDSLIDE INVENTORY (Field vaidated),"27934 TN/NIL/58A/15/2019/09 Tamil Nadu Nilgiri Annai Velankani Nagar debris slide Annai Velankani Nagar, 11.347847 76.789084 Debris Slide 16 November 2019 Coonoor",NO_EXACT_POLYGON_MATCH,,
27935,TN/NIL/58A/15/2019/10,Tamil Nadu,Nilgiri,Krishnapuram stream bank erosion Krish,"napuram, Coonoor",11.348423,76.792504,Soil,Flow,16 November 2019,2019-11-16,data/raw/events/landslide_report.pdf,708,LANDSLIDE INVENTORY (Field vaidated),"27935 TN/NIL/58A/15/2019/10 Tamil Nadu Nilgiri Krishnapuram stream bank erosion Krishnapuram, Coonoor 11.348423 76.792504 Soil Flow 16 November 2019",NO_EXACT_POLYGON_MATCH,,
27936,TN/NIL/58A/15/2019/11,Tamil Nadu,Nilgiri,Gandhipuram rock fall,Gandhipuram,11.34123,76.79759,Debris cum rock,Fall,16 November 2019,2019-11-16,data/raw/events/landslide_report.pdf,708,LANDSLIDE INVENTORY (Field vaidated),27936 TN/NIL/58A/15/2019/11 Tamil Nadu Nilgiri Gandhipuram rock fall Gandhipuram 11.34123 76.79759 Debris cum rock Fall 16 November 2019,NO_EXACT_POLYGON_MATCH,,
27937,TN/NIL/58A/15/2019/12,Tamil Nadu,Nilgiri,Gandhipuram road debris slide Ne,ar Gandhipuram,11.33963,76.79743,Debris,Slide,16 November 2019,2019-11-16,data/raw/events/landslide_report.pdf,708,LANDSLIDE INVENTORY (Field vaidated),27937 TN/NIL/58A/15/2019/12 Tamil Nadu Nilgiri Gandhipuram road debris slide Near Gandhipuram 11.33963 76.79743 Debris Slide 16 November 2019,NO_EXACT_POLYGON_MATCH,,
27938,TN/NIL/58A/15/2019/13,Tamil Nadu,Nilgiri,Gandhipuram debris slide,Gandhipuram,11.33669,76.79845,Debris,Slide,16 November 2019,2019-11-16,data/raw/events/landslide_report.pdf,708,LANDSLIDE INVENTORY (Field vaidated),27938 TN/NIL/58A/15/2019/13 Tamil Nadu Nilgiri Gandhipuram debris slide Gandhipuram 11.33669 76.79845 Debris Slide 16 November 2019,NO_EXACT_POLYGON_MATCH,,
27939,TN/NIL/58A/15/2019/14 slide,Tamil Nadu,Nilgiri,Reactivated Sagayamatha hospital slide,"Down slope of Sagayamatha hospital, Coonoor",11.33453,76.7958,Debris,Flow,16 November 2019,2019-11-16,data/raw/events/landslide_report.pdf,708,LANDSLIDE INVENTORY (Field vaidated),"27939 TN/NIL/58A/15/2019/14 Tamil Nadu Nilgiri Reactivated Sagayamatha hospital Down slope of Sagayamatha 11.33453 76.7958 Debris Flow 16 November 2019 slide hospital, Coonoor",NO_EXACT_POLYGON_MATCH,,
27940,TN/NIL/58A/15/2019/16,Tamil Nadu,Nilgiri,Katteri road subsidence,Near Katteri road junction,11.33591,76.79098,Debris,Subsidence,16 November 2019,2019-11-16,data/raw/events/landslide_report.pdf,708,LANDSLIDE INVENTORY (Field vaidated),27940 TN/NIL/58A/15/2019/16 Tamil Nadu Nilgiri Katteri road subsidence Near Katteri road junction 11.33591 76.79098 Debris Subsidence 16 November 2019,NO_EXACT_POLYGON_MATCH,,
27941,TN/NIL/58A/15/2019/17,Tamil Nadu,Nilgiri,Burliar road cut slope failure 1,"NH-67, near Burliar",11.33217,76.79413,Debris,Slide,16 November 2019,2019-11-16,data/raw/events/landslide_report.pdf,708,LANDSLIDE INVENTORY (Field vaidated),"27941 TN/NIL/58A/15/2019/17 Tamil Nadu Nilgiri Burliar road cut slope failure 1 NH-67, near Burliar 11.33217 76.79413 Debris Slide 16 November 2019",NO_EXACT_POLYGON_MATCH,,
27942,TN/NIL/58A/15/2019/18,Tamil Nadu,Nilgiri,Burliar road cut slope failure 2,"NH-67, near Burliar",11.3307,76.79916,Debris,Slide,16 November 2019,2019-11-16,data/raw/events/landslide_report.pdf,708,LANDSLIDE INVENTORY (Field vaidated),"27942 TN/NIL/58A/15/2019/18 Tamil Nadu Nilgiri Burliar road cut slope failure 2 NH-67, near Burliar 11.3307 76.79916 Debris Slide 16 November 2019",NO_EXACT_POLYGON_MATCH,,
27943,TN/NIL/58A/15/2019/19,Tamil Nadu,Nilgiri,Burliar road cut slope failure 3,"NH-67, near Burliar",11.32999,76.803,Debris,Slide,16 November 2019,2019-11-16,data/raw/events/landslide_report.pdf,708,LANDSLIDE INVENTORY (Field vaidated),"27943 TN/NIL/58A/15/2019/19 Tamil Nadu Nilgiri Burliar road cut slope failure 3 NH-67, near Burliar 11.32999 76.803 Debris Slide 16 November 2019",NO_EXACT_POLYGON_MATCH,,
27944,TN/NIL/58A/15/2019/20,Tamil Nadu,Nilgiri,Burliar road cut slope failure 4,"NH-67, near Burliar",11.3353,76.81397,Debris,Slide,16 November 2019,2019-11-16,data/raw/events/landslide_report.pdf,708,LANDSLIDE INVENTORY (Field vaidated),"27944 TN/NIL/58A/15/2019/20 Tamil Nadu Nilgiri Burliar road cut slope failure 4 NH-67, near Burliar 11.3353 76.81397 Debris Slide 16 November 2019",NO_EXACT_POLYGON_MATCH,,
27945,TN/NIL/58A/15/2019/21,Tamil Nadu,Nilgiri,Burliar road cut slope failure 5,"NH-67, near Burliar",11.33449,76.81551,Debris,Slide,16 November 2019,2019-11-16,data/raw/events/landslide_report.pdf,709,LANDSLIDE INVENTORY (Field vaidated),"27945 TN/NIL/58A/15/2019/21 Tamil Nadu Nilgiri Burliar road cut slope failure 5 NH-67, near Burliar 11.33449 76.81551 Debris Slide 16 November 2019",EXACT_POLYGON_MATCH,635113,Coonoor Rural
27946,TN/NIL/58A/15/2019/22,Tamil Nadu,Nilgiri,Burliar road cut slope failure 6,"NH-67, near Burliar",11.33815,76.8267,Debris,Slide,16 November 2019,2019-11-16,data/raw/events/landslide_report.pdf,709,LANDSLIDE INVENTORY (Field vaidated),"27946 TN/NIL/58A/15/2019/22 Tamil Nadu Nilgiri Burliar road cut slope failure 6 NH-67, near Burliar 11.33815 76.8267 Debris Slide 16 November 2019",EXACT_POLYGON_MATCH,635113,Coonoor Rural
27947,TN/NIL/58A/15/2019/23,Tamil Nadu,Nilgiri,Burliar road cut slope failure 7,"NH-67, near Burliar",11.3392,76.8392,Debris,Slide,16 November 2019,2019-11-16,data/raw/events/landslide_report.pdf,709,LANDSLIDE INVENTORY (Field vaidated),"27947 TN/NIL/58A/15/2019/23 Tamil Nadu Nilgiri Burliar road cut slope failure 7 NH-67, near Burliar 11.3392 76.8392 Debris Slide 16 November 2019",EXACT_POLYGON_MATCH,635112,Burliar
27948,TN/NIL/58A/15/2019/24,Tamil Nadu,Nilgiri,Lamb’s rock road cut slope failure L,amb’s rock road,11.35161,76.83177,Debris,Slide,16 November 2019,2019-11-16,data/raw/events/landslide_report.pdf,709,LANDSLIDE INVENTORY (Field vaidated),27948 TN/NIL/58A/15/2019/24 Tamil Nadu Nilgiri Lamb’s rock road cut slope failure Lamb’s rock road 11.35161 76.83177 Debris Slide 16 November 2019,EXACT_POLYGON_MATCH,635112,Burliar
27949,TN/NIL/58A/15/2019/25,Tamil Nadu,Nilgiri,Spencer’s road cut slope failure,"Spencer’s road, Coonoor",11.34167,76.80274,Debris,Slide,16 November 2019,2019-11-16,data/raw/events/landslide_report.pdf,709,LANDSLIDE INVENTORY (Field vaidated),"27949 TN/NIL/58A/15/2019/25 Tamil Nadu Nilgiri Spencer’s road cut slope failure Spencer’s road, Coonoor 11.34167 76.80274 Debris Slide 16 November 2019",NO_EXACT_POLYGON_MATCH,,
27950,TN/NIL/58A/15/2019/26 flow,Tamil Nadu,Nilgiri,Kanni Mariamman Koil street debris flow,"Kanni Mariamman Koil street, Coonoor, behind Masjid-e-Bilal",11.34165,76.80003,Debris,Flow,17 November 2019,2019-11-17,data/raw/events/landslide_report.pdf,709,LANDSLIDE INVENTORY (Field vaidated),"27950 TN/NIL/58A/15/2019/26 Tamil Nadu Nilgiri Kanni Mariamman Koil street debris Kanni Mariamman Koil street, 11.34165 76.80003 Debris Flow 17 November 2019 flow Coonoor, behind Masjid-e-Bilal",NO_EXACT_POLYGON_MATCH,,
27951,TN/NIL/58A/15/2019/27,Tamil Nadu,Nilgiri,KMK street cut slope failure,"KMK street, Coonoor",11.34065,76.80033,Debris,Slide,16 November 2019,2019-11-16,data/raw/events/landslide_report.pdf,709,LANDSLIDE INVENTORY (Field vaidated),"27951 TN/NIL/58A/15/2019/27 Tamil Nadu Nilgiri KMK street cut slope failure KMK street, Coonoor 11.34065 76.80033 Debris Slide 16 November 2019",NO_EXACT_POLYGON_MATCH,,
27952,TN/NIL/58A/15/2019/28,Tamil Nadu,Nilgiri,Spencer’s road cut slope failure 2,"Down slope of Spencer’s road, Coonoor",11.3416,76.80029,Debris,Slide,16 November 2019,2019-11-16,data/raw/events/landslide_report.pdf,709,LANDSLIDE INVENTORY (Field vaidated),"27952 TN/NIL/58A/15/2019/28 Tamil Nadu Nilgiri Spencer’s road cut slope failure 2 Down slope of Spencer’s road, 11.3416 76.80029 Debris Slide 16 November 2019 Coonoor",NO_EXACT_POLYGON_MATCH,,
27953,TN/NIL/58A/15/2019/29,Tamil Nadu,Nilgiri,Gymkhana road cut slope failure Gy,"mkhana road, Coonoor",11.35857,76.79312,Debris,Slide,16 November 2019,2019-11-16,data/raw/events/landslide_report.pdf,709,LANDSLIDE INVENTORY (Field vaidated),"27953 TN/NIL/58A/15/2019/29 Tamil Nadu Nilgiri Gymkhana road cut slope failure Gymkhana road, Coonoor 11.35857 76.79312 Debris Slide 16 November 2019",NO_EXACT_POLYGON_MATCH,,
27954,TN/NIL/58A/15/2019/30 1,Tamil Nadu,Nilgiri,Orange Groove road cut slope failure 1,"Orange Groove road, Coonoor",11.35724,76.79177,Debris,Slide,16 November 2019,2019-11-16,data/raw/events/landslide_report.pdf,709,LANDSLIDE INVENTORY (Field vaidated),"27954 TN/NIL/58A/15/2019/30 Tamil Nadu Nilgiri Orange Groove road cut slope failure Orange Groove road, Coonoor 11.35724 76.79177 Debris Slide 16 November 2019 1",NO_EXACT_POLYGON_MATCH,,
27955,TN/NIL/58A/15/2019/31 2,Tamil Nadu,Nilgiri,Orange Groove road cut slope failure 2,"Orange Groove road, Coonoor",11.35744,76.79195,Debris,Slide,16 November 2019,2019-11-16,data/raw/events/landslide_report.pdf,709,LANDSLIDE INVENTORY (Field vaidated),"27955 TN/NIL/58A/15/2019/31 Tamil Nadu Nilgiri Orange Groove road cut slope failure Orange Groove road, Coonoor 11.35744 76.79195 Debris Slide 16 November 2019 2",NO_EXACT_POLYGON_MATCH,,
27956,TN/NIL/58A/15/2019/32 failure,Tamil Nadu,Nilgiri,Ottupattarai road junction cut slope failure,"Ottupattarai, Coonoor",11.34342,76.79352,Debris,Slide,16 November 2019,2019-11-16,data/raw/events/landslide_report.pdf,709,LANDSLIDE INVENTORY (Field vaidated),"27956 TN/NIL/58A/15/2019/32 Tamil Nadu Nilgiri Ottupattarai road junction cut slope Ottupattarai, Coonoor 11.34342 76.79352 Debris Slide 16 November 2019 failure",NO_EXACT_POLYGON_MATCH,,
27957,TN/NIL/58A11/2019/1,Tamil Nadu,Nilgiri,Mariammakoil slide,Mariamma colony,11.460242,76.597277,Debris,Slide,07 August 2019 (3-4 pm),,data/raw/events/landslide_report.pdf,709,LANDSLIDE INVENTORY (Field vaidated),27957 TN/NIL/58A11/2019/1 Tamil Nadu Nilgiri Mariammakoil slide Mariamma colony 11.460242 76.597277 Debris Slide 07 August 2019 (3-4 pm),NO_EXACT_POLYGON_MATCH,,
27958,TN/NIL/58A11/2019/2,Tamil Nadu,Nilgiri,Hanumapuram slide-1 E,astern parts of Hanumapuram,11.458368,76.596142,Rock-cum-debris,Slide,07 August 2019 (3-4 pm),,data/raw/events/landslide_report.pdf,709,LANDSLIDE INVENTORY (Field vaidated),27958 TN/NIL/58A11/2019/2 Tamil Nadu Nilgiri Hanumapuram slide-1 Eastern parts of Hanumapuram 11.458368 76.596142 Rock-cum-debris Slide 07 August 2019 (3-4 pm),NO_EXACT_POLYGON_MATCH,,
27959,TN/NIL/58A11/2019/3,Tamil Nadu,Nilgiri,Hanumapuram slide-2 E,astern parts of Hanumapuram,11.459491,76.593253,Debris,Slide,06 August 2019,2019-08-06,data/raw/events/landslide_report.pdf,709,LANDSLIDE INVENTORY (Field vaidated),27959 TN/NIL/58A11/2019/3 Tamil Nadu Nilgiri Hanumapuram slide-2 Eastern parts of Hanumapuram 11.459491 76.593253 Debris Slide 06 August 2019,NO_EXACT_POLYGON_MATCH,,
27960,TN/NIL/58A11/2019/4,Tamil Nadu,Nilgiri,Hanumapuram slide-3 E,astern parts of Hanumapuram,11.460005,76.591319,Debris,Slide,06 August 2019,2019-08-06,data/raw/events/landslide_report.pdf,709,LANDSLIDE INVENTORY (Field vaidated),27960 TN/NIL/58A11/2019/4 Tamil Nadu Nilgiri Hanumapuram slide-3 Eastern parts of Hanumapuram 11.460005 76.591319 Debris Slide 06 August 2019,NO_EXACT_POLYGON_MATCH,,
27961,TN/NIL/58A11/2019/5,Tamil Nadu,Nilgiri,Hanumanthapuram slide-4 Han,umanthapuram,11.45808611,76.58490556,Debris,Slide,06 August 2019 (1:30 pm),,data/raw/events/landslide_report.pdf,709,LANDSLIDE INVENTORY (Field vaidated),27961 TN/NIL/58A11/2019/5 Tamil Nadu Nilgiri Hanumanthapuram slide-4 Hanumanthapuram 11.45808611 76.58490556 Debris Slide 06 August 2019 (1:30 pm),NO_EXACT_POLYGON_MATCH,,
27962,TN/NIL/58A11/2019/6,Tamil Nadu,Nilgiri,Brook dale slide,Before Brook dale,11.46798056,76.58358889,Debris,Slide,06 August 2019 (3:30 pm),,data/raw/events/landslide_report.pdf,709,LANDSLIDE INVENTORY (Field vaidated),27962 TN/NIL/58A11/2019/6 Tamil Nadu Nilgiri Brook dale slide Before Brook dale 11.46798056 76.58358889 Debris Slide 06 August 2019 (3:30 pm),NO_EXACT_POLYGON_MATCH,,
27963,TN/NIL/58A11/2019/7,Tamil Nadu,Nilgiri,Indranagar,South West part of Brook dale,11.46818333,76.58011389,Debris,Slide,08 August 2019,2019-08-08,data/raw/events/landslide_report.pdf,709,LANDSLIDE INVENTORY (Field vaidated),27963 TN/NIL/58A11/2019/7 Tamil Nadu Nilgiri Indranagar South West part of Brook dale 11.46818333 76.58011389 Debris Slide 08 August 2019,NO_EXACT_POLYGON_MATCH,,
27964,TN/NIL/58A11/2019/8,Tamil Nadu,Nilgiri,Wood estateslide-1,Wood estate,11.46819444,76.57836389,Debris,Slide,18 August 2019 (10:00 pm),,data/raw/events/landslide_report.pdf,709,LANDSLIDE INVENTORY (Field vaidated),27964 TN/NIL/58A11/2019/8 Tamil Nadu Nilgiri Wood estateslide-1 Wood estate 11.46819444 76.57836389 Debris Slide 18 August 2019 (10:00 pm),NO_EXACT_POLYGON_MATCH,,
27965,TN/NIL/58A11/2019/9,Tamil Nadu,Nilgiri,Wood brook slide,North western part of wood brook,11.46814444,76.56437778,Rock cum debris,Slide,07 August 2019,2019-08-07,data/raw/events/landslide_report.pdf,709,LANDSLIDE INVENTORY (Field vaidated),27965 TN/NIL/58A11/2019/9 Tamil Nadu Nilgiri Wood brook slide North western part of wood 11.46814444 76.56437778 Rock cum debris Slide 07 August 2019 brook,NO_EXACT_POLYGON_MATCH,,
27966,TN/NIL/58A11/2019/10,Tamil Nadu,Nilgiri,Woodbrook slide-2,NE parts of Wood brook,11.46975556,76.56556389,Debris,Slide,07 August 2019,2019-08-07,data/raw/events/landslide_report.pdf,709,LANDSLIDE INVENTORY (Field vaidated),27966 TN/NIL/58A11/2019/10 Tamil Nadu Nilgiri Woodbrook slide-2 NE parts of Wood brook 11.46975556 76.56556389 Debris Slide 07 August 2019,NO_EXACT_POLYGON_MATCH,,
27967,TN/NIL/58A11/2019/11,Tamil Nadu,Nilgiri,Junction of Naduvattam flume slide Nad,uvatam,11.46933889,76.56520833,Debris,Slide,07 August 2019,2019-08-07,data/raw/events/landslide_report.pdf,709,LANDSLIDE INVENTORY (Field vaidated),27967 TN/NIL/58A11/2019/11 Tamil Nadu Nilgiri Junction of Naduvattam flume slide Naduvatam 11.46933889 76.56520833 Debris Slide 07 August 2019,NO_EXACT_POLYGON_MATCH,,
27968,TN/NIL/58A11/2019/12,Tamil Nadu,Nilgiri,Needle hill slide,Needle hill,11.48909722,76.53898333,Rock-cum-debris,Slide,07 August 2019,2019-08-07,data/raw/events/landslide_report.pdf,709,LANDSLIDE INVENTORY (Field vaidated),27968 TN/NIL/58A11/2019/12 Tamil Nadu Nilgiri Needle hill slide Needle hill 11.48909722 76.53898333 Rock-cum-debris Slide 07 August 2019,NO_EXACT_POLYGON_MATCH,,
27969,TN/NIL/58A11/2019/13 Gudalur slide-1,Tamil Nadu,Nilgiri,View point 1st ben Gudalur slide-1,d towards Ooty to Gudalur,11.49066944,76.52748889,Rock cum Debris,Slide,07 August 2019,2019-08-07,data/raw/events/landslide_report.pdf,709,LANDSLIDE INVENTORY (Field vaidated),27969 TN/NIL/58A11/2019/13 Tamil Nadu Nilgiri View point 1st bend towards Ooty to Gudalur 11.49066944 76.52748889 Rock cum Debris Slide 07 August 2019 Gudalur slide-1,NO_EXACT_POLYGON_MATCH,,
27970,TN/NIL/58A11/2019/14,Tamil Nadu,Nilgiri,Gudalur slide-2,Gudalur,11.49181111,76.52634722,Debris,Slide,6th to 8th August 2019,,data/raw/events/landslide_report.pdf,709,LANDSLIDE INVENTORY (Field vaidated),27970 TN/NIL/58A11/2019/14 Tamil Nadu Nilgiri Gudalur slide-2 Gudalur 11.49181111 76.52634722 Debris Slide 6th to 8th August 2019,NO_EXACT_POLYGON_MATCH,,
27972,TN/NIL/58A11/2019/16,Tamil Nadu,Nilgiri,Param village slide-1,Param village,11.46606389,76.48689722,Debris.,Slide,6th to 8th August 2019,,data/raw/events/landslide_report.pdf,709,LANDSLIDE INVENTORY (Field vaidated),27972 TN/NIL/58A11/2019/16 Tamil Nadu Nilgiri Param village slide-1 Param village 11.46606389 76.48689722 Debris. Slide 6th to 8th August 2019,NO_EXACT_POLYGON_MATCH,,
27973,TN/NIL/58A11/2019/17,Tamil Nadu,Nilgiri,Param village slide-2,Param village,11.46349444,76.48565,Debris,slide,6th to 8th August 2019,,data/raw/events/landslide_report.pdf,709,LANDSLIDE INVENTORY (Field vaidated),27973 TN/NIL/58A11/2019/17 Tamil Nadu Nilgiri Param village slide-2 Param village 11.46349444 76.48565 Debris slide 6th to 8th August 2019,NO_EXACT_POLYGON_MATCH,,
27974,TN/NIL/58A11/2019/18,Tamil Nadu,Nilgiri,Nil,Northeastern part of ‘O’ valley,11.458725,76.48157778,Debris.,Slide,6th to 8th August 2019,,data/raw/events/landslide_report.pdf,709,LANDSLIDE INVENTORY (Field vaidated),27974 TN/NIL/58A11/2019/18 Tamil Nadu Nilgiri Nil Northeastern part of ‘O’ valley 11.458725 76.48157778 Debris. Slide 6th to 8th August 2019,NO_EXACT_POLYGON_MATCH,,
27975,TN/NIL/58A11/2019/19,Tamil Nadu,Nilgiri,Nil,Northeastern part of ‘O’ valley,11.45239167,76.47916667,Rock cum debris,slide,6th to 8th August 2019,,data/raw/events/landslide_report.pdf,709,LANDSLIDE INVENTORY (Field vaidated),27975 TN/NIL/58A11/2019/19 Tamil Nadu Nilgiri Nil Northeastern part of ‘O’ valley 11.45239167 76.47916667 Rock cum debris slide 6th to 8th August 2019,NO_EXACT_POLYGON_MATCH,,
27976,TN/NIL/58A11/2019/20,Tamil Nadu,Nilgiri,Periyasurandai slide-2,Periyasurandai,11.45363611,76.47908889,Debris,Slide,08 August 2019 (3:00 pm),,data/raw/events/landslide_report.pdf,709,LANDSLIDE INVENTORY (Field vaidated),27976 TN/NIL/58A11/2019/20 Tamil Nadu Nilgiri Periyasurandai slide-2 Periyasurandai 11.45363611 76.47908889 Debris Slide 08 August 2019 (3:00 pm),NO_EXACT_POLYGON_MATCH,,
27977,TN/NIL/58A07/2019/21,Tamil Nadu,Nilgiri,Bar wood slide-1,Bar wood estate,11.43723333,76.488775,Debris.,Slide,06 August 2019 (6:00 pm),,data/raw/events/landslide_report.pdf,709,LANDSLIDE INVENTORY (Field vaidated),27977 TN/NIL/58A07/2019/21 Tamil Nadu Nilgiri Bar wood slide-1 Bar wood estate 11.43723333 76.488775 Debris. Slide 06 August 2019 (6:00 pm),NO_EXACT_POLYGON_MATCH,,
27978,TN/NIL/58A07/2019/22,Tamil Nadu,Nilgiri,Bar wood slide-2,Barwood estate,11.39624444,76.48404167,Debris,Slide,06 August 2019,2019-08-06,data/raw/events/landslide_report.pdf,709,LANDSLIDE INVENTORY (Field vaidated),27978 TN/NIL/58A07/2019/22 Tamil Nadu Nilgiri Bar wood slide-2 Barwood estate 11.39624444 76.48404167 Debris Slide 06 August 2019,NO_EXACT_POLYGON_MATCH,,
27979,TN/NIL/58A07/2019/23,Tamil Nadu,Nilgiri,Barwood-3,Barwood estate,11.49186944,76.43094722,Debris.,Slide,08 August 2019,2019-08-08,data/raw/events/landslide_report.pdf,709,LANDSLIDE INVENTORY (Field vaidated),27979 TN/NIL/58A07/2019/23 Tamil Nadu Nilgiri Barwood-3 Barwood estate 11.49186944 76.43094722 Debris. Slide 08 August 2019,NO_EXACT_POLYGON_MATCH,,
27980,TN/NIL/58A07/2019/24,Tamil Nadu,Nilgiri,Bar wood-4,Barwood estate,11.43076111,76.49176944,Debris,Slide,08 August 2019,2019-08-08,data/raw/events/landslide_report.pdf,709,LANDSLIDE INVENTORY (Field vaidated),27980 TN/NIL/58A07/2019/24 Tamil Nadu Nilgiri Bar wood-4 Barwood estate 11.43076111 76.49176944 Debris Slide 08 August 2019,NO_EXACT_POLYGON_MATCH,,
27981,TN/NIL/58A07/2019/25,Tamil Nadu,Nilgiri,Appukodu slide,Appukodu,11.35913611,76.65180833,Soil,Slide,08 August 2019,2019-08-08,data/raw/events/landslide_report.pdf,710,LANDSLIDE INVENTORY (Field vaidated),27981 TN/NIL/58A07/2019/25 Tamil Nadu Nilgiri Appukodu slide Appukodu 11.35913611 76.65180833 Soil Slide 08 August 2019,EXACT_POLYGON_MATCH,635094,Nanjand1
27982,TN/NIL/58A07/2019/26,Tamil Nadu,Nilgiri,Murgan temple slide,Murgan temple,11.34962222,76.64144167,Debris,Slide,08 August 2019,2019-08-08,data/raw/events/landslide_report.pdf,710,LANDSLIDE INVENTORY (Field vaidated),27982 TN/NIL/58A07/2019/26 Tamil Nadu Nilgiri Murgan temple slide Murgan temple 11.34962222 76.64144167 Debris Slide 08 August 2019,EXACT_POLYGON_MATCH,635094,Nanjand1
27983,TN/NIL/58A07/2019/27,Tamil Nadu,Nilgiri,Emerlad slide -1,Emerlad,11.31956389,76.62323333,Debris.,Slide,08 August 2019,2019-08-08,data/raw/events/landslide_report.pdf,710,LANDSLIDE INVENTORY (Field vaidated),27983 TN/NIL/58A07/2019/27 Tamil Nadu Nilgiri Emerlad slide -1 Emerlad 11.31956389 76.62323333 Debris. Slide 08 August 2019,EXACT_POLYGON_MATCH,635117,Ithalar 1
27984,TN/NIL/58A07/2019/28,Tamil Nadu,Nilgiri,Emeralad slide-2,Emeralad,11.31895556,76.62474167,Debris.,Slide,08 August 2019 (Night),,data/raw/events/landslide_report.pdf,710,LANDSLIDE INVENTORY (Field vaidated),27984 TN/NIL/58A07/2019/28 Tamil Nadu Nilgiri Emeralad slide-2 Emeralad 11.31895556 76.62474167 Debris. Slide 08 August 2019 (Night),EXACT_POLYGON_MATCH,635117,Ithalar 1
27985,TN/NIL/58A07/2019/29,Tamil Nadu,Nilgiri,Emeralad slide-3,Emeralad.,11.31533611,76.62669444,Debris.,Slide,08 August 2019 (7-8 pm),,data/raw/events/landslide_report.pdf,710,LANDSLIDE INVENTORY (Field vaidated),27985 TN/NIL/58A07/2019/29 Tamil Nadu Nilgiri Emeralad slide-3 Emeralad. 11.31533611 76.62669444 Debris. Slide 08 August 2019 (7-8 pm),EXACT_POLYGON_MATCH,635117,Ithalar 1
27986,TN/NIL/58A11/2019/30,Tamil Nadu,Nilgiri,Emeralad slide-4,Emeralad,11.31546111,76.62583722,Rock cum debris,Slide,08 August 2019 (7-8 pm),,data/raw/events/landslide_report.pdf,710,LANDSLIDE INVENTORY (Field vaidated),27986 TN/NIL/58A11/2019/30 Tamil Nadu Nilgiri Emeralad slide-4 Emeralad 11.31546111 76.62583722 Rock cum debris Slide 08 August 2019 (7-8 pm),EXACT_POLYGON_MATCH,635117,Ithalar 1
27987,TN/NIL/58A07/2019/31,Tamil Nadu,Nilgiri,Not Available,Emeralad along the downstream of nala,11.31468333,76.62637222,Rock cum debris,Slide,08 August 2019 (7 am),,data/raw/events/landslide_report.pdf,710,LANDSLIDE INVENTORY (Field vaidated),27987 TN/NIL/58A07/2019/31 Tamil Nadu Nilgiri Not Available Emeralad along the 11.31468333 76.62637222 Rock cum debris Slide 08 August 2019 (7 am) downstream of nala,EXACT_POLYGON_MATCH,635117,Ithalar 1
27988,TN/NIL/58A07/2019/32,Tamil Nadu,Nilgiri,Not Available,Emeralad along the downstream of nala,11.31385,76.62715,Debris,Subsidence,08 August 2019 (7 pm),,data/raw/events/landslide_report.pdf,710,LANDSLIDE INVENTORY (Field vaidated),27988 TN/NIL/58A07/2019/32 Tamil Nadu Nilgiri Not Available Emeralad along the 11.31385 76.62715 Debris Subsidence 08 August 2019 (7 pm) downstream of nala,EXACT_POLYGON_MATCH,635117,Ithalar 1
27989,TN/NIL/58A07/2019/33,Tamil Nadu,Nilgiri,Not Available,Nerkandi,11.31278333,76.62521111,Debris,Slide,08 August 2019,2019-08-08,data/raw/events/landslide_report.pdf,710,LANDSLIDE INVENTORY (Field vaidated),27989 TN/NIL/58A07/2019/33 Tamil Nadu Nilgiri Not Available Nerkandi 11.31278333 76.62521111 Debris Slide 08 August 2019,EXACT_POLYGON_MATCH,635118,Mulligoor
27990,TN/NIL/58A07/2019/34,Tamil Nadu,Nilgiri,Not Available,New Attabail,11.30375972,76.62717194,Debris,Slide,08 August 2019 (8-9 am),,data/raw/events/landslide_report.pdf,710,LANDSLIDE INVENTORY (Field vaidated),27990 TN/NIL/58A07/2019/34 Tamil Nadu Nilgiri Not Available New Attabail 11.30375972 76.62717194 Debris Slide 08 August 2019 (8-9 am),EXACT_POLYGON_MATCH,635118,Mulligoor
27991,TN/NIL/58A07/2019/35,Tamil Nadu,Nilgiri,Not Available,New Attubail,11.31278333,76.62521111,Debris,Slide,08 August 2019 (8-9 am),,data/raw/events/landslide_report.pdf,710,LANDSLIDE INVENTORY (Field vaidated),27991 TN/NIL/58A07/2019/35 Tamil Nadu Nilgiri Not Available New Attubail 11.31278333 76.62521111 Debris Slide 08 August 2019 (8-9 am),EXACT_POLYGON_MATCH,635118,Mulligoor
27992,TN/NIL/58A07/2019/36,Tamil Nadu,Nilgiri,Not Available,New Attubail,11.30446639,76.61826861,Debris,Slide,07 August 2019 (10:45 pm),,data/raw/events/landslide_report.pdf,710,LANDSLIDE INVENTORY (Field vaidated),27992 TN/NIL/58A07/2019/36 Tamil Nadu Nilgiri Not Available New Attubail 11.30446639 76.61826861 Debris Slide 07 August 2019 (10:45 pm),EXACT_POLYGON_MATCH,635118,Mulligoor
27993,TN/NIL/58A07/2019/37,Tamil Nadu,Nilgiri,Not Available,New Attubail,11.30400222,76.61938694,Debris,Slide,08 August 2019,2019-08-08,data/raw/events/landslide_report.pdf,710,LANDSLIDE INVENTORY (Field vaidated),27993 TN/NIL/58A07/2019/37 Tamil Nadu Nilgiri Not Available New Attubail 11.30400222 76.61938694 Debris Slide 08 August 2019,EXACT_POLYGON_MATCH,635118,Mulligoor
27994,TN/NIL/58A07/2019/38,Tamil Nadu,Nilgiri,Not Available,New Attubail,11.30533472,76.61881611,Debris,Slide,08 August 2019,2019-08-08,data/raw/events/landslide_report.pdf,710,LANDSLIDE INVENTORY (Field vaidated),27994 TN/NIL/58A07/2019/38 Tamil Nadu Nilgiri Not Available New Attubail 11.30533472 76.61881611 Debris Slide 08 August 2019,EXACT_POLYGON_MATCH,635118,Mulligoor
27995,TN/NIL/58A07/2019/39,Tamil Nadu,Nilgiri,Not Available,Newattboil,11.30718056,76.61859444,Debris,Slide,08 August 2019 (08:00 am),,data/raw/events/landslide_report.pdf,710,LANDSLIDE INVENTORY (Field vaidated),27995 TN/NIL/58A07/2019/39 Tamil Nadu Nilgiri Not Available Newattboil 11.30718056 76.61859444 Debris Slide 08 August 2019 (08:00 am),EXACT_POLYGON_MATCH,635118,Mulligoor
27996,TN/NIL/58A07/2019/40,Tamil Nadu,Nilgiri,Not Available,Newattboil,11.30777778,76.61816667,Debris,Slide,8 August 2019,2019-08-08,data/raw/events/landslide_report.pdf,710,LANDSLIDE INVENTORY (Field vaidated),27996 TN/NIL/58A07/2019/40 Tamil Nadu Nilgiri Not Available Newattboil 11.30777778 76.61816667 Debris Slide 8 August 2019,EXACT_POLYGON_MATCH,635118,Mulligoor
27997,TN/NIL/58A07/2019/41,Tamil Nadu,Nilgiri,Not Available,Ghandikandi,11.3034,76.62228333,Debris,Slide,8 August 2019 (2:30 pm),,data/raw/events/landslide_report.pdf,710,LANDSLIDE INVENTORY (Field vaidated),27997 TN/NIL/58A07/2019/41 Tamil Nadu Nilgiri Not Available Ghandikandi 11.3034 76.62228333 Debris Slide 8 August 2019 (2:30 pm),EXACT_POLYGON_MATCH,635118,Mulligoor
27998,TN/NIL/58A07/2019/42,Tamil Nadu,Nilgiri,Not Available,Road towards Eddakadu village,11.30527222,76.63084722,Debris,Slide,8 August 2019,2019-08-08,data/raw/events/landslide_report.pdf,710,LANDSLIDE INVENTORY (Field vaidated),27998 TN/NIL/58A07/2019/42 Tamil Nadu Nilgiri Not Available Road towards Eddakadu village 11.30527222 76.63084722 Debris Slide 8 August 2019,EXACT_POLYGON_MATCH,635118,Mulligoor
27999,TN/NIL/58A07/2019/43,Tamil Nadu,Nilgiri,Not Available,Pathakandi village,11.29669444,76.63436111,Debris,Slide,8 August 2019,2019-08-08,data/raw/events/landslide_report.pdf,710,LANDSLIDE INVENTORY (Field vaidated),27999 TN/NIL/58A07/2019/43 Tamil Nadu Nilgiri Not Available Pathakandi village 11.29669444 76.63436111 Debris Slide 8 August 2019,NO_EXACT_POLYGON_MATCH,,
28000,TN/NIL/58A07/2019/44,Tamil Nadu,Nilgiri,Not Available,Avalanchi Forest Road,11.31093611,76.61947778,Debris,Slide,8 August 2019,2019-08-08,data/raw/events/landslide_report.pdf,710,LANDSLIDE INVENTORY (Field vaidated),28000 TN/NIL/58A07/2019/44 Tamil Nadu Nilgiri Not Available Avalanchi Forest Road 11.31093611 76.61947778 Debris Slide 8 August 2019,EXACT_POLYGON_MATCH,635118,Mulligoor
28001,TN/NIL/58A07/2019/45,Tamil Nadu,Nilgiri,Not Available,Bharathi Nagar,11.31245,76.632075,Debris,Slide,8 August 2019 (2:00 pm),,data/raw/events/landslide_report.pdf,710,LANDSLIDE INVENTORY (Field vaidated),28001 TN/NIL/58A07/2019/45 Tamil Nadu Nilgiri Not Available Bharathi Nagar 11.31245 76.632075 Debris Slide 8 August 2019 (2:00 pm),EXACT_POLYGON_MATCH,635117,Ithalar 1
28002,TN/NIL/58A07/2019/46,Tamil Nadu,Nilgiri,Not Available,Bharathi Nagar,11.309525,76.63230278,Debris,Slide,8 August 2019,2019-08-08,data/raw/events/landslide_report.pdf,710,LANDSLIDE INVENTORY (Field vaidated),28002 TN/NIL/58A07/2019/46 Tamil Nadu Nilgiri Not Available Bharathi Nagar 11.309525 76.63230278 Debris Slide 8 August 2019,NO_EXACT_POLYGON_MATCH,,
28003,TN/NIL/58A07/2019/47,Tamil Nadu,Nilgiri,Not Available,Bharathi Nagar,11.31091389,76.61695,Debris,Slide,8 August 2019 (2:00 pm),,data/raw/events/landslide_report.pdf,710,LANDSLIDE INVENTORY (Field vaidated),28003 TN/NIL/58A07/2019/47 Tamil Nadu Nilgiri Not Available Bharathi Nagar 11.31091389 76.61695 Debris Slide 8 August 2019 (2:00 pm),EXACT_POLYGON_MATCH,635118,Mulligoor
28004,TN/NIL/58A07/2019/48,Tamil Nadu,Nilgiri,Not Available,Emerald,11.31774167,76.62316667,Debris,Slide,8 August 2019,2019-08-08,data/raw/events/landslide_report.pdf,710,LANDSLIDE INVENTORY (Field vaidated),28004 TN/NIL/58A07/2019/48 Tamil Nadu Nilgiri Not Available Emerald 11.31774167 76.62316667 Debris Slide 8 August 2019,EXACT_POLYGON_MATCH,635117,Ithalar 1
28005,TN/NIL/58A11/2019/49,Tamil Nadu,Nilgiri,Not Available,Emerald,11.31813889,76.62159722,Rock cum debris,Slide,8 August 2019,2019-08-08,data/raw/events/landslide_report.pdf,710,LANDSLIDE INVENTORY (Field vaidated),28005 TN/NIL/58A11/2019/49 Tamil Nadu Nilgiri Not Available Emerald 11.31813889 76.62159722 Rock cum debris Slide 8 August 2019,EXACT_POLYGON_MATCH,635118,Mulligoor
28006,TN/NIL/58A11/2019/50,Tamil Nadu,Nilgiri,Not Available,Emerald Dam,11.32480833,76.61985556,Debris,Slide,8 August 2019,2019-08-08,data/raw/events/landslide_report.pdf,710,LANDSLIDE INVENTORY (Field vaidated),28006 TN/NIL/58A11/2019/50 Tamil Nadu Nilgiri Not Available Emerald Dam 11.32480833 76.61985556 Debris Slide 8 August 2019,EXACT_POLYGON_MATCH,635117,Ithalar 1
28007,TN/NIL/58A11/2019/51,Tamil Nadu,Nilgiri,Not Available,Emerald Dam towards Kattukupai,11.34251667,76.59768611,Debris,Slide,8 August 2019,2019-08-08,data/raw/events/landslide_report.pdf,710,LANDSLIDE INVENTORY (Field vaidated),28007 TN/NIL/58A11/2019/51 Tamil Nadu Nilgiri Not Available Emerald Dam towards 11.34251667 76.59768611 Debris Slide 8 August 2019 Kattukupai,EXACT_POLYGON_MATCH,635094,Nanjand1
28008,TN/NIL/58A11/2019/52,Tamil Nadu,Nilgiri,Not Available,Emerald Dam towards Kattukupai,11.34599167,76.59545,Debris,Slide,8 August 2019,2019-08-08,data/raw/events/landslide_report.pdf,710,LANDSLIDE INVENTORY (Field vaidated),28008 TN/NIL/58A11/2019/52 Tamil Nadu Nilgiri Not Available Emerald Dam towards 11.34599167 76.59545 Debris Slide 8 August 2019 Kattukupai,EXACT_POLYGON_MATCH,635094,Nanjand1
28009,TN/NIL/58A07/2019/53,Tamil Nadu,Nilgiri,Not Available,Near Bharathiyar University College,11.49304444,76.45360278,Debris,Slide,8 August 2019,2019-08-08,data/raw/events/landslide_report.pdf,710,LANDSLIDE INVENTORY (Field vaidated),28009 TN/NIL/58A07/2019/53 Tamil Nadu Nilgiri Not Available Near Bharathiyar University 11.49304444 76.45360278 Debris Slide 8 August 2019 College,NO_EXACT_POLYGON_MATCH,,
28010,TN/NIL/58A07/2019/54,Tamil Nadu,Nilgiri,Not Available,Near Bharathiyar University College,11.49326667,76.45346667,Debris,Slide,8 August 2019,2019-08-08,data/raw/events/landslide_report.pdf,710,LANDSLIDE INVENTORY (Field vaidated),28010 TN/NIL/58A07/2019/54 Tamil Nadu Nilgiri Not Available Near Bharathiyar University 11.49326667 76.45346667 Debris Slide 8 August 2019 College,NO_EXACT_POLYGON_MATCH,,
28011,TN/NIL/58A07/2019/55,Tamil Nadu,Nilgiri,Not Available,Near 1.5km NE of Nadugani Village,11.47850556,76.4215,Debris,Slide,8 August 2019,2019-08-08,data/raw/events/landslide_report.pdf,710,LANDSLIDE INVENTORY (Field vaidated),28011 TN/NIL/58A07/2019/55 Tamil Nadu Nilgiri Not Available Near 1.5km NE of Nadugani 11.47850556 76.4215 Debris Slide 8 August 2019 Village,NO_EXACT_POLYGON_MATCH,,
28012,TN/NIL/58A07/2019/56,Tamil Nadu,Nilgiri,Not Available,Near Marala Malai,11.45208333,76.40720278,Debris,Slide,8 August 2019,2019-08-08,data/raw/events/landslide_report.pdf,710,LANDSLIDE INVENTORY (Field vaidated),28012 TN/NIL/58A07/2019/56 Tamil Nadu Nilgiri Not Available Near Marala Malai 11.45208333 76.40720278 Debris Slide 8 August 2019,NO_EXACT_POLYGON_MATCH,,
28013,TN/NIL/58A07/2019/57,Tamil Nadu,Nilgiri,Not Available,Near Marala Malai (Kil Nadugani),11.44234444,76.39845278,Rock cum Debris,Slide,8 August 2019,2019-08-08,data/raw/events/landslide_report.pdf,710,LANDSLIDE INVENTORY (Field vaidated),28013 TN/NIL/58A07/2019/57 Tamil Nadu Nilgiri Not Available Near Marala Malai (Kil 11.44234444 76.39845278 Rock cum Debris Slide 8 August 2019 Nadugani),NO_EXACT_POLYGON_MATCH,,
28014,TN/NIL/58A07/2019/58,Tamil Nadu,Nilgiri,Not Available,Near Marala Malai (Kil Nadugani),11.438075,76.39306111,Debris,Slide,8 August 2019,2019-08-08,data/raw/events/landslide_report.pdf,710,LANDSLIDE INVENTORY (Field vaidated),28014 TN/NIL/58A07/2019/58 Tamil Nadu Nilgiri Not Available Near Marala Malai (Kil 11.438075 76.39306111 Debris Slide 8 August 2019 Nadugani),NO_EXACT_POLYGON_MATCH,,
28015,TN/NIL/58A07/2019/59,Tamil Nadu,Nilgiri,Not Available,Near Marala Malai (Kil Nadugani),11.43790556,76.39236111,Debris,Slide,8 August 2019,2019-08-08,data/raw/events/landslide_report.pdf,710,LANDSLIDE INVENTORY (Field vaidated),28015 TN/NIL/58A07/2019/59 Tamil Nadu Nilgiri Not Available Near Marala Malai (Kil 11.43790556 76.39236111 Debris Slide 8 August 2019 Nadugani),NO_EXACT_POLYGON_MATCH,,
28016,TN/NIL/58A07/2019/60,Tamil Nadu,Nilgiri,Not Available,Near Panthalur,11.50833333,76.31916667,Debris flow,Flow,8 August 2019,2019-08-08,data/raw/events/landslide_report.pdf,710,LANDSLIDE INVENTORY (Field vaidated),28016 TN/NIL/58A07/2019/60 Tamil Nadu Nilgiri Not Available Near Panthalur 11.50833333 76.31916667 Debris flow Flow 8 August 2019,EXACT_POLYGON_MATCH,635083,Cherangode1
28017,TN/NIL/58A07/2019/61,Tamil Nadu,Nilgiri,Kattukuppai debris flow,"Road from Emerald colony to Kundah PH-6, Kattukuppai",11.34749,76.59668,Debris,Flow,8 August 2019,2019-08-08,data/raw/events/landslide_report.pdf,710,LANDSLIDE INVENTORY (Field vaidated),"28017 TN/NIL/58A07/2019/61 Tamil Nadu Nilgiri Kattukuppai debris flow Road from Emerald colony to 11.34749 76.59668 Debris Flow 8 August 2019 Kundah PH-6, Kattukuppai",EXACT_POLYGON_MATCH,635094,Nanjand1
28018,TN/NIL/58A/11/2019/62,Tamil Nadu,Nilgiri,TNEB PH-6 debris slide,"TNEB R-type quarters, Kattukuppai",11.36275,76.60348,Debris,Slide,8 August 2019,2019-08-08,data/raw/events/landslide_report.pdf,710,LANDSLIDE INVENTORY (Field vaidated),"28018 TN/NIL/58A/11/2019/62 Tamil Nadu Nilgiri TNEB PH-6 debris slide TNEB R-type quarters, 11.36275 76.60348 Debris Slide 8 August 2019 Kattukuppai",EXACT_POLYGON_MATCH,635094,Nanjand1
28019,TN/NIL/58A/11/2019/63,Tamil Nadu,Nilgiri,TNEB PH-6 debris slide 2,"TNEB, R-Type quarters, Kundah PH-6",11.34398,76.63676,Debris,Slide,8 August 2019,2019-08-08,data/raw/events/landslide_report.pdf,711,LANDSLIDE INVENTORY (Field vaidated),"28019 TN/NIL/58A/11/2019/63 Tamil Nadu Nilgiri TNEB PH-6 debris slide 2 TNEB, R-Type quarters, Kundah 11.34398 76.63676 Debris Slide 8 August 2019 PH-6",EXACT_POLYGON_MATCH,635117,Ithalar 1
28020,TN/NIL/58A/11/2019/64,Tamil Nadu,Nilgiri,TNEB PH-6 debris slide 3,"Downslope of road from TNEB, R-Type quarters to PH-6",11.36296,76.60427,Debris,Slide,8 August 2019,2019-08-08,data/raw/events/landslide_report.pdf,711,LANDSLIDE INVENTORY (Field vaidated),"28020 TN/NIL/58A/11/2019/64 Tamil Nadu Nilgiri TNEB PH-6 debris slide 3 Downslope of road from TNEB, 11.36296 76.60427 Debris Slide 8 August 2019 R-Type quarters to PH-6",EXACT_POLYGON_MATCH,635094,Nanjand1
28021,TN/NIL/58A/11/2019/65,Tamil Nadu,Nilgiri,PH-6 road cut slope failure,Road from Emerald colony to PH-6,11.36133,76.60171,Earth,Slide,8 August 2019,2019-08-08,data/raw/events/landslide_report.pdf,711,LANDSLIDE INVENTORY (Field vaidated),28021 TN/NIL/58A/11/2019/65 Tamil Nadu Nilgiri PH-6 road cut slope failure Road from Emerald colony to 11.36133 76.60171 Earth Slide 8 August 2019 PH-6,EXACT_POLYGON_MATCH,635094,Nanjand1
28022,TN/NIL/58A/11/2019/66,Tamil Nadu,Nilgiri,West of Emerald Earth slide,West of Emerald colony,11.32286,76.61794,Earth,Slide,8 August 2019,2019-08-08,data/raw/events/landslide_report.pdf,711,LANDSLIDE INVENTORY (Field vaidated),28022 TN/NIL/58A/11/2019/66 Tamil Nadu Nilgiri West of Emerald Earth slide West of Emerald colony 11.32286 76.61794 Earth Slide 8 August 2019,EXACT_POLYGON_MATCH,635118,Mulligoor
28023,TN/NIL/58A/11/2019/67,Tamil Nadu,Nilgiri,Emerald colony Earth slide,Emerald colony,11.32247,76.6224,Earth,Slide,8 August 2019,2019-08-08,data/raw/events/landslide_report.pdf,711,LANDSLIDE INVENTORY (Field vaidated),28023 TN/NIL/58A/11/2019/67 Tamil Nadu Nilgiri Emerald colony Earth slide Emerald colony 11.32247 76.6224 Earth Slide 8 August 2019,EXACT_POLYGON_MATCH,635117,Ithalar 1
28024,TN/NIL/58A/11/2019/68,Tamil Nadu,Nilgiri,Emerald colony cut slope failure E,merald colony,11.32275,76.62117,Earth,Slide,8 August 2019,2019-08-08,data/raw/events/landslide_report.pdf,711,LANDSLIDE INVENTORY (Field vaidated),28024 TN/NIL/58A/11/2019/68 Tamil Nadu Nilgiri Emerald colony cut slope failure Emerald colony 11.32275 76.62117 Earth Slide 8 August 2019,EXACT_POLYGON_MATCH,635117,Ithalar 1
28025,TN/NIL/58A/11/2019/69,Tamil Nadu,Nilgiri,Kundah road Earth flow 1,Approach road to Kundah PH-6,11.34464,76.59638,Earth,Flow,8 August 2019,2019-08-08,data/raw/events/landslide_report.pdf,711,LANDSLIDE INVENTORY (Field vaidated),28025 TN/NIL/58A/11/2019/69 Tamil Nadu Nilgiri Kundah road Earth flow 1 Approach road to Kundah PH-6 11.34464 76.59638 Earth Flow 8 August 2019,EXACT_POLYGON_MATCH,635094,Nanjand1
28026,TN/NIL/58A/11/2019/70,Tamil Nadu,Nilgiri,Kundah road Earth flow 2,Approach road to Kundah PH-6,11.34471,76.59548,Earth,Flow,8 August 2019,2019-08-08,data/raw/events/landslide_report.pdf,711,LANDSLIDE INVENTORY (Field vaidated),28026 TN/NIL/58A/11/2019/70 Tamil Nadu Nilgiri Kundah road Earth flow 2 Approach road to Kundah PH-6 11.34471 76.59548 Earth Flow 8 August 2019,EXACT_POLYGON_MATCH,635094,Nanjand1
28027,TN/NIL/58A/11/2019/71,Tamil Nadu,Nilgiri,Kundah road cut slope failure,Approach road to Kundah PH-6,11.35807,76.59917,Debris,slide,8 August 2019,2019-08-08,data/raw/events/landslide_report.pdf,711,LANDSLIDE INVENTORY (Field vaidated),28027 TN/NIL/58A/11/2019/71 Tamil Nadu Nilgiri Kundah road cut slope failure Approach road to Kundah PH-6 11.35807 76.59917 Debris slide 8 August 2019,EXACT_POLYGON_MATCH,635094,Nanjand1
28028,TN/NIL/58A/11/2019/72,Tamil Nadu,Nilgiri,TRT exit stream bank failure,South of Kundah PH-6,11.36013,76.60118,Debris,slide,8 August 2019,2019-08-08,data/raw/events/landslide_report.pdf,711,LANDSLIDE INVENTORY (Field vaidated),28028 TN/NIL/58A/11/2019/72 Tamil Nadu Nilgiri TRT exit stream bank failure South of Kundah PH-6 11.36013 76.60118 Debris slide 8 August 2019,EXACT_POLYGON_MATCH,635094,Nanjand1
28029,TN/NIL/58A/11/2019/73,Tamil Nadu,Nilgiri,Kundah PH 6 road stream bank failure Down,slope of Kundah Power house-6 road,11.36078,76.60156,Debris,slide,8 August 2019,2019-08-08,data/raw/events/landslide_report.pdf,711,LANDSLIDE INVENTORY (Field vaidated),28029 TN/NIL/58A/11/2019/73 Tamil Nadu Nilgiri Kundah PH 6 road stream bank failure Downslope of Kundah Power 11.36078 76.60156 Debris slide 8 August 2019 house-6 road,EXACT_POLYGON_MATCH,635094,Nanjand1
28030,TN/NIL/58A/11/2019/74,Tamil Nadu,Nilgiri,Silambu north west slide1,North West of Silambu,11.35854,76.59167,Debris,slide,8 August 2019,2019-08-08,data/raw/events/landslide_report.pdf,711,LANDSLIDE INVENTORY (Field vaidated),28030 TN/NIL/58A/11/2019/74 Tamil Nadu Nilgiri Silambu north west slide1 North West of Silambu 11.35854 76.59167 Debris slide 8 August 2019,EXACT_POLYGON_MATCH,635094,Nanjand1
28031,TN/NIL/58A/11/2019/75,Tamil Nadu,Nilgiri,Silambu north west slide2,North West of Silambu,11.36079,76.59161,Debris,slide,8 August 2019,2019-08-08,data/raw/events/landslide_report.pdf,711,LANDSLIDE INVENTORY (Field vaidated),28031 TN/NIL/58A/11/2019/75 Tamil Nadu Nilgiri Silambu north west slide2 North West of Silambu 11.36079 76.59161 Debris slide 8 August 2019,EXACT_POLYGON_MATCH,635094,Nanjand1
28032,TN/NIL/58A/11/2019/76,Tamil Nadu,Nilgiri,Red Hill Nature Resort subsidence Re,"d Hill Nature Resort, Emerald road",11.34166,76.59664,Earth,Subsidence,8 August 2019,2019-08-08,data/raw/events/landslide_report.pdf,711,LANDSLIDE INVENTORY (Field vaidated),"28032 TN/NIL/58A/11/2019/76 Tamil Nadu Nilgiri Red Hill Nature Resort subsidence Red Hill Nature Resort, Emerald 11.34166 76.59664 Earth Subsidence 8 August 2019 road",EXACT_POLYGON_MATCH,635094,Nanjand1
28033,TN/NIL/58A/11/2019/77,Tamil Nadu,Nilgiri,Indra Nagar colony cut slope failure I,"ndra Nagar colony, Emarald",11.33736,76.60422,Debris,slide,8 August 2019,2019-08-08,data/raw/events/landslide_report.pdf,711,LANDSLIDE INVENTORY (Field vaidated),"28033 TN/NIL/58A/11/2019/77 Tamil Nadu Nilgiri Indra Nagar colony cut slope failure Indra Nagar colony, Emarald 11.33736 76.60422 Debris slide 8 August 2019",EXACT_POLYGON_MATCH,635094,Nanjand1
28046,TN/NIL/58A07/2022/1,Tamil Nadu,Nilgiri,Nadu Gudalur,Pillayar Koil Street,11.497633,76.497433,Debris,Flow,18 August 2022,2022-08-18,data/raw/events/landslide_report.pdf,711,LANDSLIDE INVENTORY (Field vaidated),28046 TN/NIL/58A07/2022/1 Tamil Nadu Nilgiri Nadu Gudalur Pillayar Koil Street 11.497633 76.497433 Debris Flow 18 August 2022,NO_EXACT_POLYGON_MATCH,,
28047,TN/NIL/58A11/2022/2,Tamil Nadu,Nilgiri,Nadu Gudalur NH slide,Nadu Gudalur NH slide,11.495153,76.516963,Debris,Subsidence,18 August 2022,2022-08-18,data/raw/events/landslide_report.pdf,711,LANDSLIDE INVENTORY (Field vaidated),28047 TN/NIL/58A11/2022/2 Tamil Nadu Nilgiri Nadu Gudalur NH slide Nadu Gudalur NH slide 11.495153 76.516963 Debris Subsidence 18 August 2022,NO_EXACT_POLYGON_MATCH,,
28048,TN/NIL/58A11/2022/3,Tamil Nadu,Nilgiri,Gudalur Government college Gud,alur college slide,11.492567,76.453354,Debris,Slide,18 August 2022,2022-08-18,data/raw/events/landslide_report.pdf,711,LANDSLIDE INVENTORY (Field vaidated),28048 TN/NIL/58A11/2022/3 Tamil Nadu Nilgiri Gudalur Government college Gudalur college slide 11.492567 76.453354 Debris Slide 18 August 2022,NO_EXACT_POLYGON_MATCH,,
28049,TN/NIL/58A07/2022/4,Tamil Nadu,Nilgiri,Naduvattum,3 Km south of Naduvattum,11.48891,76.537294,Debris,Slide,5 August 2022,2022-08-05,data/raw/events/landslide_report.pdf,711,LANDSLIDE INVENTORY (Field vaidated),28049 TN/NIL/58A07/2022/4 Tamil Nadu Nilgiri Naduvattum 3 Km south of Naduvattum 11.48891 76.537294 Debris Slide 5 August 2022,NO_EXACT_POLYGON_MATCH,,
28050,TN/NIL/58A11/2022/5,Tamil Nadu,Nilgiri,Emerald,Emerald,11.341462,76.633856,Debris,Slide,3 August 2022,2022-08-03,data/raw/events/landslide_report.pdf,712,LANDSLIDE INVENTORY (Field vaidated),28050 TN/NIL/58A11/2022/5 Tamil Nadu Nilgiri Emerald Emerald 11.341462 76.633856 Debris Slide 3 August 2022,EXACT_POLYGON_MATCH,635117,Ithalar 1
28051,TN/NIL/58A11/2022/6,Tamil Nadu,Nilgiri,Nerkandi Slide,Nerkandi Village,11.312808,76.625429,Debris,Slide,3 August 2022,2022-08-03,data/raw/events/landslide_report.pdf,712,LANDSLIDE INVENTORY (Field vaidated),28051 TN/NIL/58A11/2022/6 Tamil Nadu Nilgiri Nerkandi Slide Nerkandi Village 11.312808 76.625429 Debris Slide 3 August 2022,EXACT_POLYGON_MATCH,635118,Mulligoor
28052,TN/NIL/58A11/2022/7,Tamil Nadu,Nilgiri,New Attubail,New Attubail,11.30989722,76.62255833,Earth,Flow,3 August 2022,2022-08-03,data/raw/events/landslide_report.pdf,712,LANDSLIDE INVENTORY (Field vaidated),28052 TN/NIL/58A11/2022/7 Tamil Nadu Nilgiri New Attubail New Attubail 11.30989722 76.62255833 Earth Flow 3 August 2022,EXACT_POLYGON_MATCH,635118,Mulligoor
28062,TN/NIL/58A15/2022/01,Tamil Nadu,Nilgiri,Slide-1,Mettupalayam-Gudalur highways,11.3366,76.8261,Debris,Slide,13 December 2022,2022-12-13,data/raw/events/landslide_report.pdf,712,LANDSLIDE INVENTORY (Field vaidated),28062 TN/NIL/58A15/2022/01 Tamil Nadu Nilgiri Slide-1 Mettupalayam-Gudalur 11.3366 76.8261 Debris Slide 13 December 2022 highways,EXACT_POLYGON_MATCH,635113,Coonoor Rural
28063,TN/NIL/58A15/2022/02,Tamil Nadu,Nilgiri,Slide-2,Mettupalayam-Gudalur highways,11.3355,76.81671,Debris,Slide,13 December 2022,2022-12-13,data/raw/events/landslide_report.pdf,712,LANDSLIDE INVENTORY (Field vaidated),28063 TN/NIL/58A15/2022/02 Tamil Nadu Nilgiri Slide-2 Mettupalayam-Gudalur 11.3355 76.81671 Debris Slide 13 December 2022 highways,EXACT_POLYGON_MATCH,635113,Coonoor Rural
28064,TN/NIL/58A15/2022/03,Tamil Nadu,Nilgiri,Slide-3,Mettupalayam-Gudalur highways,11.3345,76.8158,Earth,Slide,13 December 2022,2022-12-13,data/raw/events/landslide_report.pdf,712,LANDSLIDE INVENTORY (Field vaidated),28064 TN/NIL/58A15/2022/03 Tamil Nadu Nilgiri Slide-3 Mettupalayam-Gudalur 11.3345 76.8158 Earth Slide 13 December 2022 highways,EXACT_POLYGON_MATCH,635113,Coonoor Rural
28065,TN/NIL/58A15/2022/04,Tamil Nadu,Nilgiri,Slide-4,Mettupalayam-Gudalur highways,11.3356,76.8146,Debris,Slide,13 December 2022,2022-12-13,data/raw/events/landslide_report.pdf,712,LANDSLIDE INVENTORY (Field vaidated),28065 TN/NIL/58A15/2022/04 Tamil Nadu Nilgiri Slide-4 Mettupalayam-Gudalur 11.3356 76.8146 Debris Slide 13 December 2022 highways,NO_EXACT_POLYGON_MATCH,,
28066,TN/NIL/58A15/2022/05,Tamil Nadu,Nilgiri,Slide-5,Mettupalayam-Gudalur highways,11.3355,76.814,Debris,Slide,13 December 2022,2022-12-13,data/raw/events/landslide_report.pdf,712,LANDSLIDE INVENTORY (Field vaidated),28066 TN/NIL/58A15/2022/05 Tamil Nadu Nilgiri Slide-5 Mettupalayam-Gudalur 11.3355 76.814 Debris Slide 13 December 2022 highways,NO_EXACT_POLYGON_MATCH,,
28067,TN/NIL/58A15/2022/06,Tamil Nadu,Nilgiri,Slide-6,Mettupalayam-Gudalur highways,11.3353,76.8135,Debris,Slide,13 December 2022,2022-12-13,data/raw/events/landslide_report.pdf,712,LANDSLIDE INVENTORY (Field vaidated),28067 TN/NIL/58A15/2022/06 Tamil Nadu Nilgiri Slide-6 Mettupalayam-Gudalur 11.3353 76.8135 Debris Slide 13 December 2022 highways,NO_EXACT_POLYGON_MATCH,,
28068,TN/NIL/58A15/2022/07,Tamil Nadu,Nilgiri,Slide-7,Mettupalayam-Gudalur highways,11.335,76.8127,Earth,Slide,13 December 2022,2022-12-13,data/raw/events/landslide_report.pdf,712,LANDSLIDE INVENTORY (Field vaidated),28068 TN/NIL/58A15/2022/07 Tamil Nadu Nilgiri Slide-7 Mettupalayam-Gudalur 11.335 76.8127 Earth Slide 13 December 2022 highways,NO_EXACT_POLYGON_MATCH,,
28069,TN/NIL/58A15/2022/08,Tamil Nadu,Nilgiri,Slide-8,Mettupalayam-Gudalur highways,11.3312,76.7994,Debris,Slide,13 December 2022,2022-12-13,data/raw/events/landslide_report.pdf,712,LANDSLIDE INVENTORY (Field vaidated),28069 TN/NIL/58A15/2022/08 Tamil Nadu Nilgiri Slide-8 Mettupalayam-Gudalur 11.3312 76.7994 Debris Slide 13 December 2022 highways,NO_EXACT_POLYGON_MATCH,,
28070,TN/NIL/58A15/2022/09,Tamil Nadu,Nilgiri,Slide-9,Mettupalayam-Gudalur highways,11.3495,76.786,Earth,Slide,13 December 2022,2022-12-13,data/raw/events/landslide_report.pdf,712,LANDSLIDE INVENTORY (Field vaidated),28070 TN/NIL/58A15/2022/09 Tamil Nadu Nilgiri Slide-9 Mettupalayam-Gudalur 11.3495 76.786 Earth Slide 13 December 2022 highways,NO_EXACT_POLYGON_MATCH,,
28071,TN/NIL/58A15/2022/10,Tamil Nadu,Nilgiri,Slide-10,Mettupalayam-Gudalur highways,11.3497,76.7855,Debris,Slide,13 December 2022,2022-12-13,data/raw/events/landslide_report.pdf,712,LANDSLIDE INVENTORY (Field vaidated),28071 TN/NIL/58A15/2022/10 Tamil Nadu Nilgiri Slide-10 Mettupalayam-Gudalur 11.3497 76.7855 Debris Slide 13 December 2022 highways,NO_EXACT_POLYGON_MATCH,,
28072,TN/NIL/58A15/2022/11,Tamil Nadu,Nilgiri,Slide-11,Mettupalayam-Gudalur highways,11.360667,76.781267,Debris,Slide,13 December 2022,2022-12-13,data/raw/events/landslide_report.pdf,712,LANDSLIDE INVENTORY (Field vaidated),28072 TN/NIL/58A15/2022/11 Tamil Nadu Nilgiri Slide-11 Mettupalayam-Gudalur 11.360667 76.781267 Debris Slide 13 December 2022 highways,NO_EXACT_POLYGON_MATCH,,
28073,TN/NIL/58A15/2022/12,Tamil Nadu,Nilgiri,Slide-12,Mettupalayam-Gudalur highways,11.3492,76.787,Earth,Slide,13 December 2022,2022-12-13,data/raw/events/landslide_report.pdf,712,LANDSLIDE INVENTORY (Field vaidated),28073 TN/NIL/58A15/2022/12 Tamil Nadu Nilgiri Slide-12 Mettupalayam-Gudalur 11.3492 76.787 Earth Slide 13 December 2022 highways,NO_EXACT_POLYGON_MATCH,,
28074,TN/NIL/58A15/2022/13,Tamil Nadu,Nilgiri,Slide-13,Mettupalayam-Ooty railway corridor,11.342,76.8308,Debris,Slide,13 December 2022,2022-12-13,data/raw/events/landslide_report.pdf,712,LANDSLIDE INVENTORY (Field vaidated),28074 TN/NIL/58A15/2022/13 Tamil Nadu Nilgiri Slide-13 Mettupalayam-Ooty railway 11.342 76.8308 Debris Slide 13 December 2022 corridor,EXACT_POLYGON_MATCH,635112,Burliar
28075,TN/NIL/58A15/2022/14,Tamil Nadu,Nilgiri,Slide-14,Mettupalayam-Ooty railway corridor,11.3428,76.8287,Debris,Slide,13 December 2022,2022-12-13,data/raw/events/landslide_report.pdf,712,LANDSLIDE INVENTORY (Field vaidated),28075 TN/NIL/58A15/2022/14 Tamil Nadu Nilgiri Slide-14 Mettupalayam-Ooty railway 11.3428 76.8287 Debris Slide 13 December 2022 corridor,EXACT_POLYGON_MATCH,635113,Coonoor Rural
28076,TN/NIL/58A15/2022/15,Tamil Nadu,Nilgiri,Slide-15,Mettupalayam-Ooty railway corridor,11.341,76.8277,Debris,Slide,13 December 2022,2022-12-13,data/raw/events/landslide_report.pdf,712,LANDSLIDE INVENTORY (Field vaidated),28076 TN/NIL/58A15/2022/15 Tamil Nadu Nilgiri Slide-15 Mettupalayam-Ooty railway 11.341 76.8277 Debris Slide 13 December 2022 corridor,EXACT_POLYGON_MATCH,635113,Coonoor Rural
28077,TN/NIL/58A15/2022/16,Tamil Nadu,Nilgiri,Slide-16,Mettupalayam-Ooty railway corridor,11.3389,76.8253,Debris,Slide,13 December 2022,2022-12-13,data/raw/events/landslide_report.pdf,712,LANDSLIDE INVENTORY (Field vaidated),28077 TN/NIL/58A15/2022/16 Tamil Nadu Nilgiri Slide-16 Mettupalayam-Ooty railway 11.3389 76.8253 Debris Slide 13 December 2022 corridor,EXACT_POLYGON_MATCH,635113,Coonoor Rural
28078,TN/NIL/58A15/2022/17,Tamil Nadu,Nilgiri,Slide-17,Mettupalayam-Ooty railway corridor,11.3387,76.822,Rock,Fall,13 December 2022,2022-12-13,data/raw/events/landslide_report.pdf,712,LANDSLIDE INVENTORY (Field vaidated),28078 TN/NIL/58A15/2022/17 Tamil Nadu Nilgiri Slide-17 Mettupalayam-Ooty railway 11.3387 76.822 Rock Fall 13 December 2022 corridor,EXACT_POLYGON_MATCH,635113,Coonoor Rural
28079,TN/NIL/58A15/2022/18,Tamil Nadu,Nilgiri,Slide-18,Mettupalayam-Ooty railway corridor,11.3408,76.8325,Debris,Slide,13 December 2022,2022-12-13,data/raw/events/landslide_report.pdf,712,LANDSLIDE INVENTORY (Field vaidated),28079 TN/NIL/58A15/2022/18 Tamil Nadu Nilgiri Slide-18 Mettupalayam-Ooty railway 11.3408 76.8325 Debris Slide 13 December 2022 corridor,EXACT_POLYGON_MATCH,635112,Burliar
28080,TN/NIL/58A15/2022/19,Tamil Nadu,Nilgiri,Slide-19,Mettupalayam-Ooty railway corridor,11.3499,76.8478,Debris,Slide,13 December 2022,2022-12-13,data/raw/events/landslide_report.pdf,713,LANDSLIDE INVENTORY (Field vaidated),28080 TN/NIL/58A15/2022/19 Tamil Nadu Nilgiri Slide-19 Mettupalayam-Ooty railway 11.3499 76.8478 Debris Slide 13 December 2022 corridor,EXACT_POLYGON_MATCH,635112,Burliar
28081,TN/NIL/58A15/2022/20,Tamil Nadu,Nilgiri,Slide-20,Mettupalayam-Ooty railway corridor,11.3494,76.8484,Debris,Slide,13 December 2022,2022-12-13,data/raw/events/landslide_report.pdf,713,LANDSLIDE INVENTORY (Field vaidated),28081 TN/NIL/58A15/2022/20 Tamil Nadu Nilgiri Slide-20 Mettupalayam-Ooty railway 11.3494 76.8484 Debris Slide 13 December 2022 corridor,EXACT_POLYGON_MATCH,635112,Burliar
28082,TN/NIL/58A15/2022/21,Tamil Nadu,Nilgiri,Slide-21,Mettupalayam-Ooty railway corridor,11.3491,76.8486,Debris,Slide,13 December 2022,2022-12-13,data/raw/events/landslide_report.pdf,713,LANDSLIDE INVENTORY (Field vaidated),28082 TN/NIL/58A15/2022/21 Tamil Nadu Nilgiri Slide-21 Mettupalayam-Ooty railway 11.3491 76.8486 Debris Slide 13 December 2022 corridor,EXACT_POLYGON_MATCH,635112,Burliar
28083,TN/NIL/58A15/2022/22,Tamil Nadu,Nilgiri,Slide-22,Mettupalayam-Ooty railway corridor,11.3575,76.7837,Earth,Slide,13 December 2022,2022-12-13,data/raw/events/landslide_report.pdf,713,LANDSLIDE INVENTORY (Field vaidated),28083 TN/NIL/58A15/2022/22 Tamil Nadu Nilgiri Slide-22 Mettupalayam-Ooty railway 11.3575 76.7837 Earth Slide 13 December 2022 corridor,NO_EXACT_POLYGON_MATCH,,
28084,TN/NIL/58A15/2022/23,Tamil Nadu,Nilgiri,Slide-23,Mettupalayam-Ooty railway corridor,11.3428,76.8665,Debris,Slide,13 December 2022,2022-12-13,data/raw/events/landslide_report.pdf,713,LANDSLIDE INVENTORY (Field vaidated),28084 TN/NIL/58A15/2022/23 Tamil Nadu Nilgiri Slide-23 Mettupalayam-Ooty railway 11.3428 76.8665 Debris Slide 13 December 2022 corridor,NO_EXACT_POLYGON_MATCH,,
28085,TN/NIL/58A15/2022/24,Tamil Nadu,Nilgiri,Slide-24,Mettupalayam-Ooty railway corridor,11.3485,76.8699,Debris,Slide,13 December 2022,2022-12-13,data/raw/events/landslide_report.pdf,713,LANDSLIDE INVENTORY (Field vaidated),28085 TN/NIL/58A15/2022/24 Tamil Nadu Nilgiri Slide-24 Mettupalayam-Ooty railway 11.3485 76.8699 Debris Slide 13 December 2022 corridor,NO_EXACT_POLYGON_MATCH,,
28086,TN/NIL/58A15/2022/25,Tamil Nadu,Nilgiri,Slide-25,Mettupalayam-Ooty railway corridor,11.3444,76.861345,Debris,Slide,13 December 2022,2022-12-13,data/raw/events/landslide_report.pdf,713,LANDSLIDE INVENTORY (Field vaidated),28086 TN/NIL/58A15/2022/25 Tamil Nadu Nilgiri Slide-25 Mettupalayam-Ooty railway 11.3444 76.861345 Debris Slide 13 December 2022 corridor,NO_EXACT_POLYGON_MATCH,,
28087,TN/GUD/58A07/2022/01,Tamil Nadu,Nilgiri,Panthalur slide,Panthalur taluk,11.4887,76.3391,Debris,Slide,July 2022,,data/raw/events/landslide_report.pdf,713,LANDSLIDE INVENTORY (Field vaidated),28087 TN/GUD/58A07/2022/01 Tamil Nadu Nilgiri Panthalur slide Panthalur taluk 11.4887 76.3391 Debris Slide July 2022,NO_EXACT_POLYGON_MATCH,,
28088,TN/GUD/58A07/2022/02,Tamil Nadu,Nilgiri,Devala slide,Devala,11.4726,76.382,Debris,Slide,July 2022,,data/raw/events/landslide_report.pdf,713,LANDSLIDE INVENTORY (Field vaidated),28088 TN/GUD/58A07/2022/02 Tamil Nadu Nilgiri Devala slide Devala 11.4726 76.382 Debris Slide July 2022,NO_EXACT_POLYGON_MATCH,,
28089,TN/GUD/58A07/2022/03,Tamil Nadu,Nilgiri,Devala slide,Devala,11.4713,76.4113,Debris,Slide,July 2022,,data/raw/events/landslide_report.pdf,713,LANDSLIDE INVENTORY (Field vaidated),28089 TN/GUD/58A07/2022/03 Tamil Nadu Nilgiri Devala slide Devala 11.4713 76.4113 Debris Slide July 2022,NO_EXACT_POLYGON_MATCH,,
28090,TN/GUD/58A07/2022/04,Tamil Nadu,Nilgiri,Devala slide,Devala-Gudalur Road,11.4861,76.4369,Debris,Slide,July 2022,,data/raw/events/landslide_report.pdf,713,LANDSLIDE INVENTORY (Field vaidated),28090 TN/GUD/58A07/2022/04 Tamil Nadu Nilgiri Devala slide Devala-Gudalur Road 11.4861 76.4369 Debris Slide July 2022,NO_EXACT_POLYGON_MATCH,,
28091,TN/GUD/58A07/2022/05,Tamil Nadu,Nilgiri,Gudular road slide,Gudalur,11.495,76.4552,Debris,Slide,July 2022,,data/raw/events/landslide_report.pdf,713,LANDSLIDE INVENTORY (Field vaidated),28091 TN/GUD/58A07/2022/05 Tamil Nadu Nilgiri Gudular road slide Gudalur 11.495 76.4552 Debris Slide July 2022,NO_EXACT_POLYGON_MATCH,,
28092,TN/GUD/58A07/2022/06,Tamil Nadu,Nilgiri,Needle rock slide,Enroute to needle rock,11.4905,76.5275,Debris,Slide,27 July 2022,2022-07-27,data/raw/events/landslide_report.pdf,713,LANDSLIDE INVENTORY (Field vaidated),28092 TN/GUD/58A07/2022/06 Tamil Nadu Nilgiri Needle rock slide Enroute to needle rock 11.4905 76.5275 Debris Slide 27 July 2022,NO_EXACT_POLYGON_MATCH,,
28093,TN/GUD/58A07/2022/07,Tamil Nadu,Nilgiri,Gudular road slide,Gudalur,11.4905,76.5325,Debris,Slide,27 July 2022,2022-07-27,data/raw/events/landslide_report.pdf,713,LANDSLIDE INVENTORY (Field vaidated),28093 TN/GUD/58A07/2022/07 Tamil Nadu Nilgiri Gudular road slide Gudalur 11.4905 76.5325 Debris Slide 27 July 2022,NO_EXACT_POLYGON_MATCH,,
28104,TN/Nil/2023/CSF-1,Tamil Nadu,Nilgiri,CSF-1,NH-181,11.33833,76.87086,Debris,Slide,23 November 2023,2023-11-23,data/raw/events/landslide_report.pdf,713,LANDSLIDE INVENTORY (Field vaidated),28104 TN/Nil/2023/CSF-1 Tamil Nadu Nilgiri CSF-1 NH-181 11.33833 76.87086 Debris Slide 23 November 2023,NO_EXACT_POLYGON_MATCH,,
28105,TN/Nil/2023/CSF-2,Tamil Nadu,Nilgiri,CSF-2,NH-181,11.34019,76.86667,Debris,Slide,23 November 2023,2023-11-23,data/raw/events/landslide_report.pdf,713,LANDSLIDE INVENTORY (Field vaidated),28105 TN/Nil/2023/CSF-2 Tamil Nadu Nilgiri CSF-2 NH-181 11.34019 76.86667 Debris Slide 23 November 2023,NO_EXACT_POLYGON_MATCH,,
28106,TN/Nil/2023/CSF-3,Tamil Nadu,Nilgiri,CSF-3,NH-181,11.34039,76.86431,Debris,Slide,23 November 2023,2023-11-23,data/raw/events/landslide_report.pdf,713,LANDSLIDE INVENTORY (Field vaidated),28106 TN/Nil/2023/CSF-3 Tamil Nadu Nilgiri CSF-3 NH-181 11.34039 76.86431 Debris Slide 23 November 2023,NO_EXACT_POLYGON_MATCH,,
28107,TN/Nil/2023/CSF-4,Tamil Nadu,Nilgiri,CSF-4,NH-181,11.34025,76.86203,Debris,Slide,23 November 2023,2023-11-23,data/raw/events/landslide_report.pdf,713,LANDSLIDE INVENTORY (Field vaidated),28107 TN/Nil/2023/CSF-4 Tamil Nadu Nilgiri CSF-4 NH-181 11.34025 76.86203 Debris Slide 23 November 2023,NO_EXACT_POLYGON_MATCH,,
28108,TN/Nil/2023/CSF-5,Tamil Nadu,Nilgiri,CSF-5,NH-181,11.33842,76.86083,Debris,Slide,23 November 2023,2023-11-23,data/raw/events/landslide_report.pdf,713,LANDSLIDE INVENTORY (Field vaidated),28108 TN/Nil/2023/CSF-5 Tamil Nadu Nilgiri CSF-5 NH-181 11.33842 76.86083 Debris Slide 23 November 2023,NO_EXACT_POLYGON_MATCH,,
28109,TN/Nil/2023/CSF-6,Tamil Nadu,Nilgiri,CSF-6,NH-181,11.33814,76.86067,Earth,Slide,23 November 2023,2023-11-23,data/raw/events/landslide_report.pdf,713,LANDSLIDE INVENTORY (Field vaidated),28109 TN/Nil/2023/CSF-6 Tamil Nadu Nilgiri CSF-6 NH-181 11.33814 76.86067 Earth Slide 23 November 2023,NO_EXACT_POLYGON_MATCH,,
28110,TN/Nil/2023/CSF-7,Tamil Nadu,Nilgiri,CSF-7,NH-181,11.33906,76.8575,Debris,Slide,23 November 2023,2023-11-23,data/raw/events/landslide_report.pdf,713,LANDSLIDE INVENTORY (Field vaidated),28110 TN/Nil/2023/CSF-7 Tamil Nadu Nilgiri CSF-7 NH-181 11.33906 76.8575 Debris Slide 23 November 2023,NO_EXACT_POLYGON_MATCH,,
28111,TN/Nil/2023/CSF-8,Tamil Nadu,Nilgiri,CSF-8,NH-181,11.33956,76.85731,Earth,Slide,23 November 2023,2023-11-23,data/raw/events/landslide_report.pdf,713,LANDSLIDE INVENTORY (Field vaidated),28111 TN/Nil/2023/CSF-8 Tamil Nadu Nilgiri CSF-8 NH-181 11.33956 76.85731 Earth Slide 23 November 2023,NO_EXACT_POLYGON_MATCH,,
28112,TN/Nil/2023/CSF-9,Tamil Nadu,Nilgiri,CSF-9,NH-181,11.34003,76.85708,Debris,Slide,23 November 2023,2023-11-23,data/raw/events/landslide_report.pdf,713,LANDSLIDE INVENTORY (Field vaidated),28112 TN/Nil/2023/CSF-9 Tamil Nadu Nilgiri CSF-9 NH-181 11.34003 76.85708 Debris Slide 23 November 2023,NO_EXACT_POLYGON_MATCH,,
28113,TN/Nil/2023/CSF-10,Tamil Nadu,Nilgiri,CSF-10,NH-181,11.34083,76.85725,Debris,Slide,23 November 2023,2023-11-23,data/raw/events/landslide_report.pdf,713,LANDSLIDE INVENTORY (Field vaidated),28113 TN/Nil/2023/CSF-10 Tamil Nadu Nilgiri CSF-10 NH-181 11.34083 76.85725 Debris Slide 23 November 2023,NO_EXACT_POLYGON_MATCH,,
28114,TN/Nil/2023/CSF-11,Tamil Nadu,Nilgiri,CSF-11,NH-181,11.34097,76.85692,Earth,Slide,23 November 2023,2023-11-23,data/raw/events/landslide_report.pdf,713,LANDSLIDE INVENTORY (Field vaidated),28114 TN/Nil/2023/CSF-11 Tamil Nadu Nilgiri CSF-11 NH-181 11.34097 76.85692 Earth Slide 23 November 2023,NO_EXACT_POLYGON_MATCH,,
28115,TN/Nil/2023/CSF-12,Tamil Nadu,Nilgiri,CSF-12,NH-181,11.33972,76.84953,Earth,Slide,23 November 2023,2023-11-23,data/raw/events/landslide_report.pdf,713,LANDSLIDE INVENTORY (Field vaidated),28115 TN/Nil/2023/CSF-12 Tamil Nadu Nilgiri CSF-12 NH-181 11.33972 76.84953 Earth Slide 23 November 2023,EXACT_POLYGON_MATCH,635112,Burliar
28116,TN/Nil/2023/CSF-13,Tamil Nadu,Nilgiri,CSF-13,NH-181,11.34036,76.84983,Earth,Slide,23 November 2023,2023-11-23,data/raw/events/landslide_report.pdf,713,LANDSLIDE INVENTORY (Field vaidated),28116 TN/Nil/2023/CSF-13 Tamil Nadu Nilgiri CSF-13 NH-181 11.34036 76.84983 Earth Slide 23 November 2023,EXACT_POLYGON_MATCH,635112,Burliar
28117,TN/Nil/2023/CSF-14,Tamil Nadu,Nilgiri,CSF-14,NH-181,11.34183,76.85008,Earth,Slide,23 November 2023,2023-11-23,data/raw/events/landslide_report.pdf,713,LANDSLIDE INVENTORY (Field vaidated),28117 TN/Nil/2023/CSF-14 Tamil Nadu Nilgiri CSF-14 NH-181 11.34183 76.85008 Earth Slide 23 November 2023,EXACT_POLYGON_MATCH,635112,Burliar
28118,TN/Nil/2023/CSF-15,Tamil Nadu,Nilgiri,CSF-15,NH-181,11.34244,76.85006,Earth,Slide,23 November 2023,2023-11-23,data/raw/events/landslide_report.pdf,713,LANDSLIDE INVENTORY (Field vaidated),28118 TN/Nil/2023/CSF-15 Tamil Nadu Nilgiri CSF-15 NH-181 11.34244 76.85006 Earth Slide 23 November 2023,EXACT_POLYGON_MATCH,635112,Burliar
28119,TN/Nil/2023/CSF-16,Tamil Nadu,Nilgiri,CSF-16,NH-181,11.34419,76.84842,Earth,Slide,23 November 2023,2023-11-23,data/raw/events/landslide_report.pdf,713,LANDSLIDE INVENTORY (Field vaidated),28119 TN/Nil/2023/CSF-16 Tamil Nadu Nilgiri CSF-16 NH-181 11.34419 76.84842 Earth Slide 23 November 2023,EXACT_POLYGON_MATCH,635112,Burliar
28120,TN/Nil/2023/CSF-17,Tamil Nadu,Nilgiri,CSF-17,NH-181,11.34242,76.84642,Earth,Slide,23 November 2023,2023-11-23,data/raw/events/landslide_report.pdf,713,LANDSLIDE INVENTORY (Field vaidated),28120 TN/Nil/2023/CSF-17 Tamil Nadu Nilgiri CSF-17 NH-181 11.34242 76.84642 Earth Slide 23 November 2023,EXACT_POLYGON_MATCH,635112,Burliar
28121,TN/Nil/2023/CSF-18,Tamil Nadu,Nilgiri,CSF-18,NH-181,11.3423,76.84593,Debris,Slide,23 November 2023,2023-11-23,data/raw/events/landslide_report.pdf,713,LANDSLIDE INVENTORY (Field vaidated),28121 TN/Nil/2023/CSF-18 Tamil Nadu Nilgiri CSF-18 NH-181 11.3423 76.84593 Debris Slide 23 November 2023,EXACT_POLYGON_MATCH,635112,Burliar
28122,TN/Nil/2023/CSF-19,Tamil Nadu,Nilgiri,CSF-19,NH-181,11.33889,76.84272,Earth,Slide,23 November 2023,2023-11-23,data/raw/events/landslide_report.pdf,713,LANDSLIDE INVENTORY (Field vaidated),28122 TN/Nil/2023/CSF-19 Tamil Nadu Nilgiri CSF-19 NH-181 11.33889 76.84272 Earth Slide 23 November 2023,EXACT_POLYGON_MATCH,635112,Burliar
28123,TN/Nil/2023/CSF-20,Tamil Nadu,Nilgiri,CSF-20,NH-181,11.33975,76.84194,Earth,Slide,23 November 2023,2023-11-23,data/raw/events/landslide_report.pdf,713,LANDSLIDE INVENTORY (Field vaidated),28123 TN/Nil/2023/CSF-20 Tamil Nadu Nilgiri CSF-20 NH-181 11.33975 76.84194 Earth Slide 23 November 2023,EXACT_POLYGON_MATCH,635112,Burliar
28124,TN/Nil/2023/CSF-21,Tamil Nadu,Nilgiri,CSF-21,NH-181,11.33969,76.84094,Earth,Slide,23 November 2023,2023-11-23,data/raw/events/landslide_report.pdf,714,LANDSLIDE INVENTORY (Field vaidated),28124 TN/Nil/2023/CSF-21 Tamil Nadu Nilgiri CSF-21 NH-181 11.33969 76.84094 Earth Slide 23 November 2023,EXACT_POLYGON_MATCH,635112,Burliar
28125,TN/Nil/2023/CSF-22,Tamil Nadu,Nilgiri,CSF-22,NH-181,11.33525,76.82756,Earth,Slide,23 November 2023,2023-11-23,data/raw/events/landslide_report.pdf,714,LANDSLIDE INVENTORY (Field vaidated),28125 TN/Nil/2023/CSF-22 Tamil Nadu Nilgiri CSF-22 NH-181 11.33525 76.82756 Earth Slide 23 November 2023,EXACT_POLYGON_MATCH,635112,Burliar
28126,TN/Nil/2023/CSF-23,Tamil Nadu,Nilgiri,CSF-23,NH-181,11.33578,76.82769,Debris,Slide,23 November 2023,2023-11-23,data/raw/events/landslide_report.pdf,714,LANDSLIDE INVENTORY (Field vaidated),28126 TN/Nil/2023/CSF-23 Tamil Nadu Nilgiri CSF-23 NH-181 11.33578 76.82769 Debris Slide 23 November 2023,EXACT_POLYGON_MATCH,635112,Burliar
28127,TN/Nil/2023/CSF-24,Tamil Nadu,Nilgiri,CSF-24,NH-181,11.33675,76.82814,Earth,Slide,23 November 2023,2023-11-23,data/raw/events/landslide_report.pdf,714,LANDSLIDE INVENTORY (Field vaidated),28127 TN/Nil/2023/CSF-24 Tamil Nadu Nilgiri CSF-24 NH-181 11.33675 76.82814 Earth Slide 23 November 2023,EXACT_POLYGON_MATCH,635112,Burliar
28128,TN/Nil/2023/CSF-25,Tamil Nadu,Nilgiri,CSF-25,NH-181,11.33844,76.82786,Earth,Slide,23 November 2023,2023-11-23,data/raw/events/landslide_report.pdf,714,LANDSLIDE INVENTORY (Field vaidated),28128 TN/Nil/2023/CSF-25 Tamil Nadu Nilgiri CSF-25 NH-181 11.33844 76.82786 Earth Slide 23 November 2023,EXACT_POLYGON_MATCH,635113,Coonoor Rural
28129,TN/Nil/2023/CSF-26,Tamil Nadu,Nilgiri,CSF-26,NH-181,11.33675,76.82742,Debris,Slide,23 November 2023,2023-11-23,data/raw/events/landslide_report.pdf,714,LANDSLIDE INVENTORY (Field vaidated),28129 TN/Nil/2023/CSF-26 Tamil Nadu Nilgiri CSF-26 NH-181 11.33675 76.82742 Debris Slide 23 November 2023,EXACT_POLYGON_MATCH,635112,Burliar
28130,TN/Nil/2023/CSF-27,Tamil Nadu,Nilgiri,CSF-27,NH-181,11.33589,76.82678,Debris,Slide,23 November 2023,2023-11-23,data/raw/events/landslide_report.pdf,714,LANDSLIDE INVENTORY (Field vaidated),28130 TN/Nil/2023/CSF-27 Tamil Nadu Nilgiri CSF-27 NH-181 11.33589 76.82678 Debris Slide 23 November 2023,EXACT_POLYGON_MATCH,635112,Burliar
28131,TN/Nil/2023/CSF-28,Tamil Nadu,Nilgiri,CSF-28,NH-181,11.33647,76.82564,Debris,Slide,23 November 2023,2023-11-23,data/raw/events/landslide_report.pdf,714,LANDSLIDE INVENTORY (Field vaidated),28131 TN/Nil/2023/CSF-28 Tamil Nadu Nilgiri CSF-28 NH-181 11.33647 76.82564 Debris Slide 23 November 2023,EXACT_POLYGON_MATCH,635113,Coonoor Rural
28132,TN/Nil/2023/CSF-29,Tamil Nadu,Nilgiri,CSF-29,NH-181,11.33728,76.82531,Earth,Slide,23 November 2023,2023-11-23,data/raw/events/landslide_report.pdf,714,LANDSLIDE INVENTORY (Field vaidated),28132 TN/Nil/2023/CSF-29 Tamil Nadu Nilgiri CSF-29 NH-181 11.33728 76.82531 Earth Slide 23 November 2023,EXACT_POLYGON_MATCH,635113,Coonoor Rural
28133,TN/Nil/2023/CSF-30,Tamil Nadu,Nilgiri,CSF-30,NH-181,11.33736,76.82425,Earth,Slide,23 November 2023,2023-11-23,data/raw/events/landslide_report.pdf,714,LANDSLIDE INVENTORY (Field vaidated),28133 TN/Nil/2023/CSF-30 Tamil Nadu Nilgiri CSF-30 NH-181 11.33736 76.82425 Earth Slide 23 November 2023,EXACT_POLYGON_MATCH,635113,Coonoor Rural
28134,TN/Nil/2023/CSF-31,Tamil Nadu,Nilgiri,CSF-31,NH-181,11.33736,76.82419,Earth,Slide,23 November 2023,2023-11-23,data/raw/events/landslide_report.pdf,714,LANDSLIDE INVENTORY (Field vaidated),28134 TN/Nil/2023/CSF-31 Tamil Nadu Nilgiri CSF-31 NH-181 11.33736 76.82419 Earth Slide 23 November 2023,EXACT_POLYGON_MATCH,635113,Coonoor Rural
28135,TN/Nil/2023/CSF-32,Tamil Nadu,Nilgiri,CSF-32,NH-181,11.33578,76.81989,Earth,Slide,23 November 2023,2023-11-23,data/raw/events/landslide_report.pdf,714,LANDSLIDE INVENTORY (Field vaidated),28135 TN/Nil/2023/CSF-32 Tamil Nadu Nilgiri CSF-32 NH-181 11.33578 76.81989 Earth Slide 23 November 2023,EXACT_POLYGON_MATCH,635113,Coonoor Rural
28136,TN/Nil/2023/CSF-33,Tamil Nadu,Nilgiri,CSF-33,NH-181,11.33475,76.8195,Earth,Slide,23 November 2023,2023-11-23,data/raw/events/landslide_report.pdf,714,LANDSLIDE INVENTORY (Field vaidated),28136 TN/Nil/2023/CSF-33 Tamil Nadu Nilgiri CSF-33 NH-181 11.33475 76.8195 Earth Slide 23 November 2023,EXACT_POLYGON_MATCH,635113,Coonoor Rural
28137,TN/Nil/2023/CSF-34,Tamil Nadu,Nilgiri,CSF-34,NH-181,11.33492,76.81864,Earth,Slide,23 November 2023,2023-11-23,data/raw/events/landslide_report.pdf,714,LANDSLIDE INVENTORY (Field vaidated),28137 TN/Nil/2023/CSF-34 Tamil Nadu Nilgiri CSF-34 NH-181 11.33492 76.81864 Earth Slide 23 November 2023,EXACT_POLYGON_MATCH,635113,Coonoor Rural
28138,TN/Nil/2023/CSF-35,Tamil Nadu,Nilgiri,CSF-35,NH-181,11.33492,76.82417,Earth,Slide,23 November 2023,2023-11-23,data/raw/events/landslide_report.pdf,714,LANDSLIDE INVENTORY (Field vaidated),28138 TN/Nil/2023/CSF-35 Tamil Nadu Nilgiri CSF-35 NH-181 11.33492 76.82417 Earth Slide 23 November 2023,EXACT_POLYGON_MATCH,635113,Coonoor Rural
28139,TN/Nil/2023/CSF-36,Tamil Nadu,Nilgiri,CSF-36,NH-181,11.33439,76.81717,Earth,Slide,23 November 2023,2023-11-23,data/raw/events/landslide_report.pdf,714,LANDSLIDE INVENTORY (Field vaidated),28139 TN/Nil/2023/CSF-36 Tamil Nadu Nilgiri CSF-36 NH-181 11.33439 76.81717 Earth Slide 23 November 2023,EXACT_POLYGON_MATCH,635113,Coonoor Rural
28140,TN/Nil/2023/CSF-37,Tamil Nadu,Nilgiri,CSF-37,NH-181,11.33477,76.81732,Earth,Slide,23 November 2023,2023-11-23,data/raw/events/landslide_report.pdf,714,LANDSLIDE INVENTORY (Field vaidated),28140 TN/Nil/2023/CSF-37 Tamil Nadu Nilgiri CSF-37 NH-181 11.33477 76.81732 Earth Slide 23 November 2023,EXACT_POLYGON_MATCH,635113,Coonoor Rural
28141,TN/Nil/2023/CSF-38,Tamil Nadu,Nilgiri,CSF-38,NH-181,11.33477,76.81728,Earth,Slide,23 November 2023,2023-11-23,data/raw/events/landslide_report.pdf,714,LANDSLIDE INVENTORY (Field vaidated),28141 TN/Nil/2023/CSF-38 Tamil Nadu Nilgiri CSF-38 NH-181 11.33477 76.81728 Earth Slide 23 November 2023,EXACT_POLYGON_MATCH,635113,Coonoor Rural
28142,TN/Nil/2023/CSF-39,Tamil Nadu,Nilgiri,CSF-39,NH-181,11.33428,76.81322,Earth,Slide,23 November 2023,2023-11-23,data/raw/events/landslide_report.pdf,714,LANDSLIDE INVENTORY (Field vaidated),28142 TN/Nil/2023/CSF-39 Tamil Nadu Nilgiri CSF-39 NH-181 11.33428 76.81322 Earth Slide 23 November 2023,NO_EXACT_POLYGON_MATCH,,
28143,TN/Nil/2023/CSF-40,Tamil Nadu,Nilgiri,CSF-40,NH-181,11.33558,76.815,Earth,Slide,23 November 2023,2023-11-23,data/raw/events/landslide_report.pdf,714,LANDSLIDE INVENTORY (Field vaidated),28143 TN/Nil/2023/CSF-40 Tamil Nadu Nilgiri CSF-40 NH-181 11.33558 76.815 Earth Slide 23 November 2023,NO_EXACT_POLYGON_MATCH,,
28144,TN/Nil/2023/CSF-41,Tamil Nadu,Nilgiri,CSF-41,NH-181,11.33547,76.81456,Debris,Slide,23 November 2023,2023-11-23,data/raw/events/landslide_report.pdf,714,LANDSLIDE INVENTORY (Field vaidated),28144 TN/Nil/2023/CSF-41 Tamil Nadu Nilgiri CSF-41 NH-181 11.33547 76.81456 Debris Slide 23 November 2023,NO_EXACT_POLYGON_MATCH,,
28145,TN/Nil/2023/CSF-42,Tamil Nadu,Nilgiri,CSF-42,NH-181,11.33547,76.8145,Debris,Slide,23 November 2023,2023-11-23,data/raw/events/landslide_report.pdf,714,LANDSLIDE INVENTORY (Field vaidated),28145 TN/Nil/2023/CSF-42 Tamil Nadu Nilgiri CSF-42 NH-181 11.33547 76.8145 Debris Slide 23 November 2023,NO_EXACT_POLYGON_MATCH,,
28146,TN/Nil/2023/CSF-43,Tamil Nadu,Nilgiri,CSF-43,NH-181,11.33528,76.81331,Debris,Slide,23 November 2023,2023-11-23,data/raw/events/landslide_report.pdf,714,LANDSLIDE INVENTORY (Field vaidated),28146 TN/Nil/2023/CSF-43 Tamil Nadu Nilgiri CSF-43 NH-181 11.33528 76.81331 Debris Slide 23 November 2023,NO_EXACT_POLYGON_MATCH,,
28147,TN/Nil/2023/CSF-44,Tamil Nadu,Nilgiri,CSF-44,NH-181,11.33536,76.81286,Earth,Slide,23 November 2023,2023-11-23,data/raw/events/landslide_report.pdf,714,LANDSLIDE INVENTORY (Field vaidated),28147 TN/Nil/2023/CSF-44 Tamil Nadu Nilgiri CSF-44 NH-181 11.33536 76.81286 Earth Slide 23 November 2023,NO_EXACT_POLYGON_MATCH,,
28148,TN/Nil/2023/CSF-45,Tamil Nadu,Nilgiri,CSF-45,NH-181,11.33536,76.81281,Earth,Slide,23 November 2023,2023-11-23,data/raw/events/landslide_report.pdf,714,LANDSLIDE INVENTORY (Field vaidated),28148 TN/Nil/2023/CSF-45 Tamil Nadu Nilgiri CSF-45 NH-181 11.33536 76.81281 Earth Slide 23 November 2023,NO_EXACT_POLYGON_MATCH,,
28149,TN/Nil/2023/CSF-46,Tamil Nadu,Nilgiri,CSF-46,NH-181,11.33433,76.81244,Earth,Slide,23 November 2023,2023-11-23,data/raw/events/landslide_report.pdf,714,LANDSLIDE INVENTORY (Field vaidated),28149 TN/Nil/2023/CSF-46 Tamil Nadu Nilgiri CSF-46 NH-181 11.33433 76.81244 Earth Slide 23 November 2023,NO_EXACT_POLYGON_MATCH,,
28150,TN/Nil/2023/CSF-47,Tamil Nadu,Nilgiri,CSF-47,NH-181,11.33231,76.80869,Earth,Slide,23 November 2023,2023-11-23,data/raw/events/landslide_report.pdf,714,LANDSLIDE INVENTORY (Field vaidated),28150 TN/Nil/2023/CSF-47 Tamil Nadu Nilgiri CSF-47 NH-181 11.33231 76.80869 Earth Slide 23 November 2023,NO_EXACT_POLYGON_MATCH,,
28151,TN/Nil/2023/CSF-48,Tamil Nadu,Nilgiri,CSF-48,NH-181,11.33042,76.80783,Earth,Slide,23 November 2023,2023-11-23,data/raw/events/landslide_report.pdf,714,LANDSLIDE INVENTORY (Field vaidated),28151 TN/Nil/2023/CSF-48 Tamil Nadu Nilgiri CSF-48 NH-181 11.33042 76.80783 Earth Slide 23 November 2023,NO_EXACT_POLYGON_MATCH,,
28152,TN/Nil/2023/CSF-49,Tamil Nadu,Nilgiri,CSF-49,NH-181,11.32925,76.80642,Earth,Slide,23 November 2023,2023-11-23,data/raw/events/landslide_report.pdf,714,LANDSLIDE INVENTORY (Field vaidated),28152 TN/Nil/2023/CSF-49 Tamil Nadu Nilgiri CSF-49 NH-181 11.32925 76.80642 Earth Slide 23 November 2023,NO_EXACT_POLYGON_MATCH,,
28153,TN/Nil/2023/CSF-50,Tamil Nadu,Nilgiri,CSF-50,NH-181,11.33147,76.80142,Debris,Slide,23 November 2023,2023-11-23,data/raw/events/landslide_report.pdf,714,LANDSLIDE INVENTORY (Field vaidated),28153 TN/Nil/2023/CSF-50 Tamil Nadu Nilgiri CSF-50 NH-181 11.33147 76.80142 Debris Slide 23 November 2023,NO_EXACT_POLYGON_MATCH,,
28154,TN/Nil/2023/CSF-51,Tamil Nadu,Nilgiri,CSF-51,NH-181,11.33128,76.79947,Earth,Slide,23 November 2023,2023-11-23,data/raw/events/landslide_report.pdf,714,LANDSLIDE INVENTORY (Field vaidated),28154 TN/Nil/2023/CSF-51 Tamil Nadu Nilgiri CSF-51 NH-181 11.33128 76.79947 Earth Slide 23 November 2023,NO_EXACT_POLYGON_MATCH,,
28155,TN/Nil/2023/CSF-52,Tamil Nadu,Nilgiri,CSF-52,NH-181,11.33128,76.79944,Earth,Slide,23 November 2023,2023-11-23,data/raw/events/landslide_report.pdf,714,LANDSLIDE INVENTORY (Field vaidated),28155 TN/Nil/2023/CSF-52 Tamil Nadu Nilgiri CSF-52 NH-181 11.33128 76.79944 Earth Slide 23 November 2023,NO_EXACT_POLYGON_MATCH,,
28156,TN/Nil/2023/CSF-53,Tamil Nadu,Nilgiri,CSF-53,NH-181,11.33244,76.79422,Earth,Slide,23 November 2023,2023-11-23,data/raw/events/landslide_report.pdf,714,LANDSLIDE INVENTORY (Field vaidated),28156 TN/Nil/2023/CSF-53 Tamil Nadu Nilgiri CSF-53 NH-181 11.33244 76.79422 Earth Slide 23 November 2023,NO_EXACT_POLYGON_MATCH,,
28157,TN/Nil/2023/CSF-54,Tamil Nadu,Nilgiri,CSF-54,NH-181,11.33461,76.79083,Earth,Slide,23 November 2023,2023-11-23,data/raw/events/landslide_report.pdf,714,LANDSLIDE INVENTORY (Field vaidated),28157 TN/Nil/2023/CSF-54 Tamil Nadu Nilgiri CSF-54 NH-181 11.33461 76.79083 Earth Slide 23 November 2023,NO_EXACT_POLYGON_MATCH,,
28158,TN/Nil/2023/CSF-55,Tamil Nadu,Nilgiri,CSF-55,NH-181,11.33372,76.79764,Debris,Slide,23 November 2023,2023-11-23,data/raw/events/landslide_report.pdf,714,LANDSLIDE INVENTORY (Field vaidated),28158 TN/Nil/2023/CSF-55 Tamil Nadu Nilgiri CSF-55 NH-181 11.33372 76.79764 Debris Slide 23 November 2023,NO_EXACT_POLYGON_MATCH,,
28159,TN/Nil/2023/CSF-56,Tamil Nadu,Nilgiri,CSF-56,NH-181,11.33406,76.79825,Debris,Slide,23 November 2023,2023-11-23,data/raw/events/landslide_report.pdf,714,LANDSLIDE INVENTORY (Field vaidated),28159 TN/Nil/2023/CSF-56 Tamil Nadu Nilgiri CSF-56 NH-181 11.33406 76.79825 Debris Slide 23 November 2023,NO_EXACT_POLYGON_MATCH,,
28160,TN/Nil/2023/CSF-57,Tamil Nadu,Nilgiri,CSF-57,NH-181,11.33406,76.79831,Debris,Slide,23 November 2023,2023-11-23,data/raw/events/landslide_report.pdf,714,LANDSLIDE INVENTORY (Field vaidated),28160 TN/Nil/2023/CSF-57 Tamil Nadu Nilgiri CSF-57 NH-181 11.33406 76.79831 Debris Slide 23 November 2023,NO_EXACT_POLYGON_MATCH,,
28161,TN/Nil/2023/CSF-58,Tamil Nadu,Nilgiri,CSF-58,NH-181,11.33597,76.79875,Debris,Slide,23 November 2023,2023-11-23,data/raw/events/landslide_report.pdf,714,LANDSLIDE INVENTORY (Field vaidated),28161 TN/Nil/2023/CSF-58 Tamil Nadu Nilgiri CSF-58 NH-181 11.33597 76.79875 Debris Slide 23 November 2023,NO_EXACT_POLYGON_MATCH,,
28162,TN/Nil/2023/CSF-59,Tamil Nadu,Nilgiri,CSF-59,NH-181,11.33646,76.79841,Rock,Fall,23 November 2023,2023-11-23,data/raw/events/landslide_report.pdf,714,LANDSLIDE INVENTORY (Field vaidated),28162 TN/Nil/2023/CSF-59 Tamil Nadu Nilgiri CSF-59 NH-181 11.33646 76.79841 Rock Fall 23 November 2023,NO_EXACT_POLYGON_MATCH,,
28163,TN/Nil/2023/CSF-60,Tamil Nadu,Nilgiri,CSF-60,NH-181,11.34025,76.79775,Debris,Slide,23 November 2023,2023-11-23,data/raw/events/landslide_report.pdf,714,LANDSLIDE INVENTORY (Field vaidated),28163 TN/Nil/2023/CSF-60 Tamil Nadu Nilgiri CSF-60 NH-181 11.34025 76.79775 Debris Slide 23 November 2023,NO_EXACT_POLYGON_MATCH,,
28164,TN/Nil/2023/CSF-61,Tamil Nadu,Nilgiri,CSF-61,NH-181,11.34058,76.79775,Earth,Slide,23 November 2023,2023-11-23,data/raw/events/landslide_report.pdf,714,LANDSLIDE INVENTORY (Field vaidated),28164 TN/Nil/2023/CSF-61 Tamil Nadu Nilgiri CSF-61 NH-181 11.34058 76.79775 Earth Slide 23 November 2023,NO_EXACT_POLYGON_MATCH,,
28165,TN/Nil/2023/CSF-62,Tamil Nadu,Nilgiri,CSF-62,NH-181,11.341,76.79756,Debris,Slide,23 November 2023,2023-11-23,data/raw/events/landslide_report.pdf,714,LANDSLIDE INVENTORY (Field vaidated),28165 TN/Nil/2023/CSF-62 Tamil Nadu Nilgiri CSF-62 NH-181 11.341 76.79756 Debris Slide 23 November 2023,NO_EXACT_POLYGON_MATCH,,
28166,TN/Nil/2023/CSF-63,Tamil Nadu,Nilgiri,CSF-63,NH-181,11.34175,76.79606,Earth,Slide,23 November 2023,2023-11-23,data/raw/events/landslide_report.pdf,714,LANDSLIDE INVENTORY (Field vaidated),28166 TN/Nil/2023/CSF-63 Tamil Nadu Nilgiri CSF-63 NH-181 11.34175 76.79606 Earth Slide 23 November 2023,NO_EXACT_POLYGON_MATCH,,
28167,TN/Nil/2023/CSF-64,Tamil Nadu,Nilgiri,CSF-64,NH-181,11.34181,76.79556,Debris,Slide,23 November 2023,2023-11-23,data/raw/events/landslide_report.pdf,714,LANDSLIDE INVENTORY (Field vaidated),28167 TN/Nil/2023/CSF-64 Tamil Nadu Nilgiri CSF-64 NH-181 11.34181 76.79556 Debris Slide 23 November 2023,NO_EXACT_POLYGON_MATCH,,
28168,TN/Nil/2023/CSF-65,Tamil Nadu,Nilgiri,CSF-65,NH-181,11.34208,76.79533,Earth,Slide,23 November 2023,2023-11-23,data/raw/events/landslide_report.pdf,714,LANDSLIDE INVENTORY (Field vaidated),28168 TN/Nil/2023/CSF-65 Tamil Nadu Nilgiri CSF-65 NH-181 11.34208 76.79533 Earth Slide 23 November 2023,NO_EXACT_POLYGON_MATCH,,
28169,TN/Nil/2023/CSF-66,Tamil Nadu,Nilgiri,CSF-66,NH-181,11.34481,76.79025,Earth,Slide,23 November 2023,2023-11-23,data/raw/events/landslide_report.pdf,714,LANDSLIDE INVENTORY (Field vaidated),28169 TN/Nil/2023/CSF-66 Tamil Nadu Nilgiri CSF-66 NH-181 11.34481 76.79025 Earth Slide 23 November 2023,NO_EXACT_POLYGON_MATCH,,
28170,TN/Nil/2023/CSF-67,Tamil Nadu,Nilgiri,CSF-67,NH-181,11.345,76.79022,Earth,Slide,23 November 2023,2023-11-23,data/raw/events/landslide_report.pdf,714,LANDSLIDE INVENTORY (Field vaidated),28170 TN/Nil/2023/CSF-67 Tamil Nadu Nilgiri CSF-67 NH-181 11.345 76.79022 Earth Slide 23 November 2023,NO_EXACT_POLYGON_MATCH,,
28171,TN/Nil/2023/CSF-68,Tamil Nadu,Nilgiri,CSF-68,NH-181,11.34569,76.78942,Earth,Slide,23 November 2023,2023-11-23,data/raw/events/landslide_report.pdf,714,LANDSLIDE INVENTORY (Field vaidated),28171 TN/Nil/2023/CSF-68 Tamil Nadu Nilgiri CSF-68 NH-181 11.34569 76.78942 Earth Slide 23 November 2023,NO_EXACT_POLYGON_MATCH,,
28172,TN/Nil/2023/CSF-69,Tamil Nadu,Nilgiri,CSF-69,NH-181,11.34597,76.78917,Debris,Slide,23 November 2023,2023-11-23,data/raw/events/landslide_report.pdf,714,LANDSLIDE INVENTORY (Field vaidated),28172 TN/Nil/2023/CSF-69 Tamil Nadu Nilgiri CSF-69 NH-181 11.34597 76.78917 Debris Slide 23 November 2023,NO_EXACT_POLYGON_MATCH,,
28173,TN/Nil/2023/CSF-70,Tamil Nadu,Nilgiri,CSF-70,NH-181,11.34758,76.78822,Debris,Slide,23 November 2023,2023-11-23,data/raw/events/landslide_report.pdf,714,LANDSLIDE INVENTORY (Field vaidated),28173 TN/Nil/2023/CSF-70 Tamil Nadu Nilgiri CSF-70 NH-181 11.34758 76.78822 Debris Slide 23 November 2023,NO_EXACT_POLYGON_MATCH,,
28174,TN/Nil/2023/CSF-71,Tamil Nadu,Nilgiri,CSF-71,NH-181,11.3495,76.78722,Earth,Slide,23 November 2023,2023-11-23,data/raw/events/landslide_report.pdf,714,LANDSLIDE INVENTORY (Field vaidated),28174 TN/Nil/2023/CSF-71 Tamil Nadu Nilgiri CSF-71 NH-181 11.3495 76.78722 Earth Slide 23 November 2023,NO_EXACT_POLYGON_MATCH,,
28175,TN/Nil/2023/CSF-72,Tamil Nadu,Nilgiri,CSF-72,NH-181,11.34973,76.7869,Earth,Slide,23 November 2023,2023-11-23,data/raw/events/landslide_report.pdf,715,LANDSLIDE INVENTORY (Field vaidated),28175 TN/Nil/2023/CSF-72 Tamil Nadu Nilgiri CSF-72 NH-181 11.34973 76.7869 Earth Slide 23 November 2023,NO_EXACT_POLYGON_MATCH,,
28176,TN/Nil/2023/CSF-73,Tamil Nadu,Nilgiri,CSF-73,NH-181,11.34958,76.78603,Earth,Slide,23 November 2023,2023-11-23,data/raw/events/landslide_report.pdf,715,LANDSLIDE INVENTORY (Field vaidated),28176 TN/Nil/2023/CSF-73 Tamil Nadu Nilgiri CSF-73 NH-181 11.34958 76.78603 Earth Slide 23 November 2023,NO_EXACT_POLYGON_MATCH,,
28177,TN/Nil/2023/CSF-74,Tamil Nadu,Nilgiri,CSF-74,NH-181,11.34961,76.78558,Earth,Slide,23 November 2023,2023-11-23,data/raw/events/landslide_report.pdf,715,LANDSLIDE INVENTORY (Field vaidated),28177 TN/Nil/2023/CSF-74 Tamil Nadu Nilgiri CSF-74 NH-181 11.34961 76.78558 Earth Slide 23 November 2023,NO_EXACT_POLYGON_MATCH,,
28178,TN/Nil/2023/CSF-75,Tamil Nadu,Nilgiri,CSF-75,NH-181,11.35036,76.78528,Debris,Slide,23 November 2023,2023-11-23,data/raw/events/landslide_report.pdf,715,LANDSLIDE INVENTORY (Field vaidated),28178 TN/Nil/2023/CSF-75 Tamil Nadu Nilgiri CSF-75 NH-181 11.35036 76.78528 Debris Slide 23 November 2023,NO_EXACT_POLYGON_MATCH,,
28179,TN/Nil/2023/CSF-76,Tamil Nadu,Nilgiri,CSF-76,NH-181,11.35256,76.78483,Earth,Slide,23 November 2023,2023-11-23,data/raw/events/landslide_report.pdf,715,LANDSLIDE INVENTORY (Field vaidated),28179 TN/Nil/2023/CSF-76 Tamil Nadu Nilgiri CSF-76 NH-181 11.35256 76.78483 Earth Slide 23 November 2023,NO_EXACT_POLYGON_MATCH,,
28180,TN/Nil/2023/CSF-77,Tamil Nadu,Nilgiri,CSF-77,NH-181,11.35333,76.785,Debris,Slide,23 November 2023,2023-11-23,data/raw/events/landslide_report.pdf,715,LANDSLIDE INVENTORY (Field vaidated),28180 TN/Nil/2023/CSF-77 Tamil Nadu Nilgiri CSF-77 NH-181 11.35333 76.785 Debris Slide 23 November 2023,NO_EXACT_POLYGON_MATCH,,
28181,TN/Nil/2023/CSF-78,Tamil Nadu,Nilgiri,CSF-78,NH-181,11.35414,76.78528,Debris,Slide,23 November 2023,2023-11-23,data/raw/events/landslide_report.pdf,715,LANDSLIDE INVENTORY (Field vaidated),28181 TN/Nil/2023/CSF-78 Tamil Nadu Nilgiri CSF-78 NH-181 11.35414 76.78528 Debris Slide 23 November 2023,NO_EXACT_POLYGON_MATCH,,
28182,TN/Nil/2023/CSF-79,Tamil Nadu,Nilgiri,CSF-79,NH-181,11.35983,76.78161,Debris,Slide,23 November 2023,2023-11-23,data/raw/events/landslide_report.pdf,715,LANDSLIDE INVENTORY (Field vaidated),28182 TN/Nil/2023/CSF-79 Tamil Nadu Nilgiri CSF-79 NH-181 11.35983 76.78161 Debris Slide 23 November 2023,NO_EXACT_POLYGON_MATCH,,
28183,TN/Nil/2023/CSF-80,Tamil Nadu,Nilgiri,CSF-80,NH-181,11.36067,76.78136,Debris,Slide,23 November 2023,2023-11-23,data/raw/events/landslide_report.pdf,715,LANDSLIDE INVENTORY (Field vaidated),28183 TN/Nil/2023/CSF-80 Tamil Nadu Nilgiri CSF-80 NH-181 11.36067 76.78136 Debris Slide 23 November 2023,NO_EXACT_POLYGON_MATCH,,
28184,TN/Nil/2023/CSF-81,Tamil Nadu,Nilgiri,CSF-81,NH-181,11.36231,76.7795,Earth,Slide,23 November 2023,2023-11-23,data/raw/events/landslide_report.pdf,715,LANDSLIDE INVENTORY (Field vaidated),28184 TN/Nil/2023/CSF-81 Tamil Nadu Nilgiri CSF-81 NH-181 11.36231 76.7795 Earth Slide 23 November 2023,NO_EXACT_POLYGON_MATCH,,
28185,TN/Nil/2023/CSF-82,Tamil Nadu,Nilgiri,CSF-82,NH-181,11.36292,76.77873,Earth,Slide,23 November 2023,2023-11-23,data/raw/events/landslide_report.pdf,715,LANDSLIDE INVENTORY (Field vaidated),28185 TN/Nil/2023/CSF-82 Tamil Nadu Nilgiri CSF-82 NH-181 11.36292 76.77873 Earth Slide 23 November 2023,NO_EXACT_POLYGON_MATCH,,
28186,TN/Nil/2023/CSF-83,Tamil Nadu,Nilgiri,CSF-83,NH-181,11.36631,76.77342,Earth,Slide,23 November 2023,2023-11-23,data/raw/events/landslide_report.pdf,715,LANDSLIDE INVENTORY (Field vaidated),28186 TN/Nil/2023/CSF-83 Tamil Nadu Nilgiri CSF-83 NH-181 11.36631 76.77342 Earth Slide 23 November 2023,NO_EXACT_POLYGON_MATCH,,
28187,TN/Nil/2023/CSF-84,Tamil Nadu,Nilgiri,CSF-84,NH-181,11.36644,76.77225,Earth,Slide,23 November 2023,2023-11-23,data/raw/events/landslide_report.pdf,715,LANDSLIDE INVENTORY (Field vaidated),28187 TN/Nil/2023/CSF-84 Tamil Nadu Nilgiri CSF-84 NH-181 11.36644 76.77225 Earth Slide 23 November 2023,NO_EXACT_POLYGON_MATCH,,
28188,TN/Nil/2023/CSF-85,Tamil Nadu,Nilgiri,CSF-85,NH-181,11.3665,76.77164,Debris,Slide,23 November 2023,2023-11-23,data/raw/events/landslide_report.pdf,715,LANDSLIDE INVENTORY (Field vaidated),28188 TN/Nil/2023/CSF-85 Tamil Nadu Nilgiri CSF-85 NH-181 11.3665 76.77164 Debris Slide 23 November 2023,NO_EXACT_POLYGON_MATCH,,
28189,TN/Nil/2023/CSF-86,Tamil Nadu,Nilgiri,CSF-86,NH-181,11.3665,76.77125,Debris,Slide,23 November 2023,2023-11-23,data/raw/events/landslide_report.pdf,715,LANDSLIDE INVENTORY (Field vaidated),28189 TN/Nil/2023/CSF-86 Tamil Nadu Nilgiri CSF-86 NH-181 11.3665 76.77125 Debris Slide 23 November 2023,NO_EXACT_POLYGON_MATCH,,
28190,TN/Nil/2023/CSF-87,Tamil Nadu,Nilgiri,CSF-87,NH-181,11.36659,76.77039,Debris,Slide,23 November 2023,2023-11-23,data/raw/events/landslide_report.pdf,715,LANDSLIDE INVENTORY (Field vaidated),28190 TN/Nil/2023/CSF-87 Tamil Nadu Nilgiri CSF-87 NH-181 11.36659 76.77039 Debris Slide 23 November 2023,NO_EXACT_POLYGON_MATCH,,
28191,TN/Nil/2023/CSF-88,Tamil Nadu,Nilgiri,CSF-88,NH-181,11.36706,76.76914,Debris,Slide,23 November 2023,2023-11-23,data/raw/events/landslide_report.pdf,715,LANDSLIDE INVENTORY (Field vaidated),28191 TN/Nil/2023/CSF-88 Tamil Nadu Nilgiri CSF-88 NH-181 11.36706 76.76914 Debris Slide 23 November 2023,NO_EXACT_POLYGON_MATCH,,
28192,TN/Nil/2023/CSF-89,Tamil Nadu,Nilgiri,CSF-89,NH-181,11.36689,76.76739,Debris,Slide,23 November 2023,2023-11-23,data/raw/events/landslide_report.pdf,715,LANDSLIDE INVENTORY (Field vaidated),28192 TN/Nil/2023/CSF-89 Tamil Nadu Nilgiri CSF-89 NH-181 11.36689 76.76739 Debris Slide 23 November 2023,NO_EXACT_POLYGON_MATCH,,
28193,TN/Nil/2023/CSF-90,Tamil Nadu,Nilgiri,CSF-90,NH-181,11.34333,76.79572,Earth,Slide,23 November 2023,2023-11-23,data/raw/events/landslide_report.pdf,715,LANDSLIDE INVENTORY (Field vaidated),28193 TN/Nil/2023/CSF-90 Tamil Nadu Nilgiri CSF-90 NH-181 11.34333 76.79572 Earth Slide 23 November 2023,NO_EXACT_POLYGON_MATCH,,
28194,TN/Nil/58A11/2023/91,Tamil Nadu,Nilgiri,Kothagiri slide,Kothagiri to Mettupalayam road SH-15 (Kaithala village),11.41479928,76.87340635,Earth,Slide,23 November 2023,2023-11-23,data/raw/events/landslide_report.pdf,715,LANDSLIDE INVENTORY (Field vaidated),28194 TN/Nil/58A11/2023/91 Tamil Nadu Nilgiri Kothagiri slide Kothagiri to Mettupalayam road 11.41479928 76.87340635 Earth Slide 23 November 2023 SH-15 (Kaithala village),NO_EXACT_POLYGON_MATCH,,
28195,TN/Nil/58A11/2023/92,Tamil Nadu,Nilgiri,Kothagiri slide,Kothagiri to Mettupalayam road SH-15 (Aravenu village),11.40396239,76.8755371,Earth,Slide,23 November 2023,2023-11-23,data/raw/events/landslide_report.pdf,715,LANDSLIDE INVENTORY (Field vaidated),28195 TN/Nil/58A11/2023/92 Tamil Nadu Nilgiri Kothagiri slide Kothagiri to Mettupalayam road 11.40396239 76.8755371 Earth Slide 23 November 2023 SH-15 (Aravenu village),EXACT_POLYGON_MATCH,635107,Konavakorai-I
28196,TN/Nil/58A11/2023/93,Tamil Nadu,Nilgiri,Kothagiri slide,Kothagiri to Mettupalayam road SH-15,11.39869649,76.88035008,Earth,Slide,23 November 2023,2023-11-23,data/raw/events/landslide_report.pdf,715,LANDSLIDE INVENTORY (Field vaidated),28196 TN/Nil/58A11/2023/93 Tamil Nadu Nilgiri Kothagiri slide Kothagiri to Mettupalayam road 11.39869649 76.88035008 Earth Slide 23 November 2023 SH-15,EXACT_POLYGON_MATCH,635109,Kotagiri -1
28197,TN/Nil/58A11/2023/94,Tamil Nadu,Nilgiri,Kothagiri slide,Kothagiri to Mettupalayam road SH-15 (Kaithala village),11.39647571,76.88035008,Debris,Slide,23 November 2023,2023-11-23,data/raw/events/landslide_report.pdf,715,LANDSLIDE INVENTORY (Field vaidated),28197 TN/Nil/58A11/2023/94 Tamil Nadu Nilgiri Kothagiri slide Kothagiri to Mettupalayam road 11.39647571 76.88035008 Debris Slide 23 November 2023 SH-15 (Kaithala village),EXACT_POLYGON_MATCH,635109,Kotagiri -1
28198,TN/Nil/58A11/2023/95,Tamil Nadu,Nilgiri,Kothagiri slide,Kothagiri to Mettupalayam road SH-15,11.39428321,76.88478423,Debris,Slide,23 November 2023,2023-11-23,data/raw/events/landslide_report.pdf,715,LANDSLIDE INVENTORY (Field vaidated),28198 TN/Nil/58A11/2023/95 Tamil Nadu Nilgiri Kothagiri slide Kothagiri to Mettupalayam road 11.39428321 76.88478423 Debris Slide 23 November 2023 SH-15,EXACT_POLYGON_MATCH,635107,Konavakorai-I
28199,TN/Nil/58A11/2023/96,Tamil Nadu,Nilgiri,Kothagiri slide,Kothagiri to Mettupalayam road SH-15,11.39101342,76.88567563,Debris,Slide,23 November 2023,2023-11-23,data/raw/events/landslide_report.pdf,715,LANDSLIDE INVENTORY (Field vaidated),28199 TN/Nil/58A11/2023/96 Tamil Nadu Nilgiri Kothagiri slide Kothagiri to Mettupalayam road 11.39101342 76.88567563 Debris Slide 23 November 2023 SH-15,EXACT_POLYGON_MATCH,635107,Konavakorai-I
28200,TN/Nil/58A11/2023/97,Tamil Nadu,Nilgiri,Kothagiri slide,Kothagiri to Mettupalayam road SH-15,11.39004228,76.89137908,Debris,Slide,23 November 2023,2023-11-23,data/raw/events/landslide_report.pdf,715,LANDSLIDE INVENTORY (Field vaidated),28200 TN/Nil/58A11/2023/97 Tamil Nadu Nilgiri Kothagiri slide Kothagiri to Mettupalayam road 11.39004228 76.89137908 Debris Slide 23 November 2023 SH-15,EXACT_POLYGON_MATCH,635107,Konavakorai-I
28201,TN/Nil/58A11/2023/98,Tamil Nadu,Nilgiri,Kothagiri slide,Kothagiri to Mettupalayam road SH-15,11.38678231,76.89223945,Debris,Slide,23 November 2023,2023-11-23,data/raw/events/landslide_report.pdf,715,LANDSLIDE INVENTORY (Field vaidated),28201 TN/Nil/58A11/2023/98 Tamil Nadu Nilgiri Kothagiri slide Kothagiri to Mettupalayam road 11.38678231 76.89223945 Debris Slide 23 November 2023 SH-15,EXACT_POLYGON_MATCH,635107,Konavakorai-I
28202,TN/Nil/58A11/2023/99,Tamil Nadu,Nilgiri,Kothagiri slide,Kothagiri to Mettupalayam road SH-15 (Melthattapallam village),11.38445676,76.89046944,Debris,Slide,23 November 2023,2023-11-23,data/raw/events/landslide_report.pdf,715,LANDSLIDE INVENTORY (Field vaidated),28202 TN/Nil/58A11/2023/99 Tamil Nadu Nilgiri Kothagiri slide Kothagiri to Mettupalayam road 11.38445676 76.89046944 Debris Slide 23 November 2023 SH-15 (Melthattapallam village),EXACT_POLYGON_MATCH,635110,Jackanarai
28203,TN/Nil/58A11/2023/100,Tamil Nadu,Nilgiri,Kothagiri slide,Kothagiri to Mettupalayam road SH-15 (Near Melthattapallam village),11.3837739,76.89157885,Debris,Slide,23 November 2023,2023-11-23,data/raw/events/landslide_report.pdf,715,LANDSLIDE INVENTORY (Field vaidated),28203 TN/Nil/58A11/2023/100 Tamil Nadu Nilgiri Kothagiri slide Kothagiri to Mettupalayam road 11.3837739 76.89157885 Debris Slide 23 November 2023 SH-15 (Near Melthattapallam village),EXACT_POLYGON_MATCH,635110,Jackanarai
28204,TN/Nil/58A11/2023/101,Tamil Nadu,Nilgiri,Kothagiri slide,Kothagiri to Mettupalayam road SH-15,11.38272038,76.89171657,Earth,Slide,23 November 2023,2023-11-23,data/raw/events/landslide_report.pdf,715,LANDSLIDE INVENTORY (Field vaidated),28204 TN/Nil/58A11/2023/101 Tamil Nadu Nilgiri Kothagiri slide Kothagiri to Mettupalayam road 11.38272038 76.89171657 Earth Slide 23 November 2023 SH-15,EXACT_POLYGON_MATCH,635110,Jackanarai
28205,TN/Nil/58A11/2023/102,Tamil Nadu,Nilgiri,Kothagiri slide,Kothagiri to Mettupalayam road SH-15,11.3825477,76.89280582,Debris,Slide,23 November 2023,2023-11-23,data/raw/events/landslide_report.pdf,715,LANDSLIDE INVENTORY (Field vaidated),28205 TN/Nil/58A11/2023/102 Tamil Nadu Nilgiri Kothagiri slide Kothagiri to Mettupalayam road 11.3825477 76.89280582 Debris Slide 23 November 2023 SH-15,EXACT_POLYGON_MATCH,635110,Jackanarai
28206,TN/Nil/58A11/2023/103,Tamil Nadu,Nilgiri,Kothagiri slide,Kothagiri to Mettupalayam road SH-15,11.38051118,76.89818045,Debris,Slide,23 November 2023,2023-11-23,data/raw/events/landslide_report.pdf,715,LANDSLIDE INVENTORY (Field vaidated),28206 TN/Nil/58A11/2023/103 Tamil Nadu Nilgiri Kothagiri slide Kothagiri to Mettupalayam road 11.38051118 76.89818045 Debris Slide 23 November 2023 SH-15,EXACT_POLYGON_MATCH,635107,Konavakorai-I
28207,TN/Nil/58A11/2023/104,Tamil Nadu,Nilgiri,Kothagiri slide,Kothagiri to Mettupalayam road SH-15,11.38437302,76.90040614,Debris,Slide,23 November 2023,2023-11-23,data/raw/events/landslide_report.pdf,715,LANDSLIDE INVENTORY (Field vaidated),28207 TN/Nil/58A11/2023/104 Tamil Nadu Nilgiri Kothagiri slide Kothagiri to Mettupalayam road 11.38437302 76.90040614 Debris Slide 23 November 2023 SH-15,EXACT_POLYGON_MATCH,635107,Konavakorai-I
28208,TN/Nil/58A11/2023/105,Tamil Nadu,Nilgiri,Kothagiri slide,Kothagiri to Mettupalayam road SH-15,11.37317615,76.90097896,Debris,Slide,23 November 2023,2023-11-23,data/raw/events/landslide_report.pdf,716,LANDSLIDE INVENTORY (Field vaidated),28208 TN/Nil/58A11/2023/105 Tamil Nadu Nilgiri Kothagiri slide Kothagiri to Mettupalayam road 11.37317615 76.90097896 Debris Slide 23 November 2023 SH-15,EXACT_POLYGON_MATCH,635110,Jackanarai
28209,TN/Nil/58A11/2023/106,Tamil Nadu,Nilgiri,Kothagiri slide,Kothagiri to Mettupalayam road SH-15,11.36943894,76.90015075,Debris,Slide,23 November 2023,2023-11-23,data/raw/events/landslide_report.pdf,716,LANDSLIDE INVENTORY (Field vaidated),28209 TN/Nil/58A11/2023/106 Tamil Nadu Nilgiri Kothagiri slide Kothagiri to Mettupalayam road 11.36943894 76.90015075 Debris Slide 23 November 2023 SH-15,EXACT_POLYGON_MATCH,635110,Jackanarai
28210,TN/Nil/58A11/2023/107,Tamil Nadu,Nilgiri,Kothagiri slide,Kothagiri to Mettupalayam road SH-15,11.36671495,76.89784123,Debris,Slide,23 November 2023,2023-11-23,data/raw/events/landslide_report.pdf,716,LANDSLIDE INVENTORY (Field vaidated),28210 TN/Nil/58A11/2023/107 Tamil Nadu Nilgiri Kothagiri slide Kothagiri to Mettupalayam road 11.36671495 76.89784123 Debris Slide 23 November 2023 SH-15,EXACT_POLYGON_MATCH,635110,Jackanarai
28211,TN/Nil/58A11/2023/108,Tamil Nadu,Nilgiri,Kothagiri slide,Kothagiri to Mettupalayam road SH-15,11.36658063,76.89767177,Debris,Slide,23 November 2023,2023-11-23,data/raw/events/landslide_report.pdf,716,LANDSLIDE INVENTORY (Field vaidated),28211 TN/Nil/58A11/2023/108 Tamil Nadu Nilgiri Kothagiri slide Kothagiri to Mettupalayam road 11.36658063 76.89767177 Debris Slide 23 November 2023 SH-15,EXACT_POLYGON_MATCH,635110,Jackanarai
28212,TN/Nil/58A11/2023/109,Tamil Nadu,Nilgiri,Kothagiri slide,Kothagiri to Mettupalayam road SH-15,11.36596682,76.89974834,Debris,Slide,23 November 2023,2023-11-23,data/raw/events/landslide_report.pdf,716,LANDSLIDE INVENTORY (Field vaidated),28212 TN/Nil/58A11/2023/109 Tamil Nadu Nilgiri Kothagiri slide Kothagiri to Mettupalayam road 11.36596682 76.89974834 Debris Slide 23 November 2023 SH-15,EXACT_POLYGON_MATCH,635110,Jackanarai
28213,TN/Nil/58A11/2023/110,Tamil Nadu,Nilgiri,Kothagiri slide,Kothagiri to Mettupalayam road SH-15,11.36495906,76.90157783,Earth,Slide,23 November 2023,2023-11-23,data/raw/events/landslide_report.pdf,716,LANDSLIDE INVENTORY (Field vaidated),28213 TN/Nil/58A11/2023/110 Tamil Nadu Nilgiri Kothagiri slide Kothagiri to Mettupalayam road 11.36495906 76.90157783 Earth Slide 23 November 2023 SH-15,EXACT_POLYGON_MATCH,635110,Jackanarai
28214,TN/Nil/58A11/2023/111,Tamil Nadu,Nilgiri,Kothagiri slide,Kothagiri to Mettupalayam road SH-15,11.36400221,76.9098213,Earth,Slide,23 November 2023,2023-11-23,data/raw/events/landslide_report.pdf,716,LANDSLIDE INVENTORY (Field vaidated),28214 TN/Nil/58A11/2023/111 Tamil Nadu Nilgiri Kothagiri slide Kothagiri to Mettupalayam road 11.36400221 76.9098213 Earth Slide 23 November 2023 SH-15,EXACT_POLYGON_MATCH,635110,Jackanarai
28215,TN/Nil/58A11/2023/112,Tamil Nadu,Nilgiri,Kothagiri slide,Kothagiri to Mettupalayam road SH-15,11.36353226,76.9128616,Earth,Slide,23 November 2023,2023-11-23,data/raw/events/landslide_report.pdf,716,LANDSLIDE INVENTORY (Field vaidated),28215 TN/Nil/58A11/2023/112 Tamil Nadu Nilgiri Kothagiri slide Kothagiri to Mettupalayam road 11.36353226 76.9128616 Earth Slide 23 November 2023 SH-15,EXACT_POLYGON_MATCH,635110,Jackanarai
28216,TN/Nil/58A11/2023/113,Tamil Nadu,Nilgiri,Kothagiri slide,Kothagiri to Mettupalayam road SH-15,11.36272917,76.91433431,Debris,Slide,23 November 2023,2023-11-23,data/raw/events/landslide_report.pdf,716,LANDSLIDE INVENTORY (Field vaidated),28216 TN/Nil/58A11/2023/113 Tamil Nadu Nilgiri Kothagiri slide Kothagiri to Mettupalayam road 11.36272917 76.91433431 Debris Slide 23 November 2023 SH-15,EXACT_POLYGON_MATCH,635110,Jackanarai
28217,TN/Nil/58A11/2023/114,Tamil Nadu,Nilgiri,Kothagiri slide,Kothagiri to Mettupalayam road SH-15,11.36182795,76.91594312,Earth,Slide,23 November 2023,2023-11-23,data/raw/events/landslide_report.pdf,716,LANDSLIDE INVENTORY (Field vaidated),28217 TN/Nil/58A11/2023/114 Tamil Nadu Nilgiri Kothagiri slide Kothagiri to Mettupalayam road 11.36182795 76.91594312 Earth Slide 23 November 2023 SH-15,EXACT_POLYGON_MATCH,635110,Jackanarai
28218,TN/Nil/58A11/2023/115,Tamil Nadu,Nilgiri,Kothagiri slide,Kothagiri to Mettupalayam road SH-15,11.3607386,76.91736774,Earth,Slide,23 November 2023,2023-11-23,data/raw/events/landslide_report.pdf,716,LANDSLIDE INVENTORY (Field vaidated),28218 TN/Nil/58A11/2023/115 Tamil Nadu Nilgiri Kothagiri slide Kothagiri to Mettupalayam road 11.3607386 76.91736774 Earth Slide 23 November 2023 SH-15,EXACT_POLYGON_MATCH,635110,Jackanarai
28219,TN/Nil/58A11/2023/116,Tamil Nadu,Nilgiri,Kothagiri slide,Kothagiri to Mettupalayam road SH-15,11.36128851,76.91924593,Debris,Slide,23 November 2023,2023-11-23,data/raw/events/landslide_report.pdf,716,LANDSLIDE INVENTORY (Field vaidated),28219 TN/Nil/58A11/2023/116 Tamil Nadu Nilgiri Kothagiri slide Kothagiri to Mettupalayam road 11.36128851 76.91924593 Debris Slide 23 November 2023 SH-15,EXACT_POLYGON_MATCH,635110,Jackanarai
28220,TN/Nil/58A11/2023/117,Tamil Nadu,Nilgiri,Kothagiri slide,Kothagiri to Mettupalayam road SH-15,11.35951023,76.91986142,Earth,Slide,23 November 2023,2023-11-23,data/raw/events/landslide_report.pdf,716,LANDSLIDE INVENTORY (Field vaidated),28220 TN/Nil/58A11/2023/117 Tamil Nadu Nilgiri Kothagiri slide Kothagiri to Mettupalayam road 11.35951023 76.91986142 Earth Slide 23 November 2023 SH-15,EXACT_POLYGON_MATCH,635110,Jackanarai
28221,TN/Nil/58A11/2023/118,Tamil Nadu,Nilgiri,Kothagiri slide,Kothagiri to Mettupalayam road SH-15,11.35895452,76.91988671,Debris,Slide,23 November 2023,2023-11-23,data/raw/events/landslide_report.pdf,716,LANDSLIDE INVENTORY (Field vaidated),28221 TN/Nil/58A11/2023/118 Tamil Nadu Nilgiri Kothagiri slide Kothagiri to Mettupalayam road 11.35895452 76.91988671 Debris Slide 23 November 2023 SH-15,EXACT_POLYGON_MATCH,635110,Jackanarai
28222,TN/Nil/58A11/2023/119,Tamil Nadu,Nilgiri,Kothagiri slide,Kothagiri to Mettupalayam road SH-15,11.35891845,76.92087799,Earth,Slide,23 November 2023,2023-11-23,data/raw/events/landslide_report.pdf,716,LANDSLIDE INVENTORY (Field vaidated),28222 TN/Nil/58A11/2023/119 Tamil Nadu Nilgiri Kothagiri slide Kothagiri to Mettupalayam road 11.35891845 76.92087799 Earth Slide 23 November 2023 SH-15,NO_EXACT_POLYGON_MATCH,,
28223,TN/Nil/58A11/2023/120,Tamil Nadu,Nilgiri,Kothagiri slide,Kothagiri to Mettupalayam road SH-15,11.35896363,76.92145754,Earth,Slide,23 November 2023,2023-11-23,data/raw/events/landslide_report.pdf,716,LANDSLIDE INVENTORY (Field vaidated),28223 TN/Nil/58A11/2023/120 Tamil Nadu Nilgiri Kothagiri slide Kothagiri to Mettupalayam road 11.35896363 76.92145754 Earth Slide 23 November 2023 SH-15,EXACT_POLYGON_MATCH,635110,Jackanarai
28224,TN/Nil/58A11/2023/121,Tamil Nadu,Nilgiri,Kothagiri slide,Kothagiri to Mettupalayam road SH-15,11.35744628,76.92692457,Earth,Slide,23 November 2023,2023-11-23,data/raw/events/landslide_report.pdf,716,LANDSLIDE INVENTORY (Field vaidated),28224 TN/Nil/58A11/2023/121 Tamil Nadu Nilgiri Kothagiri slide Kothagiri to Mettupalayam road 11.35744628 76.92692457 Earth Slide 23 November 2023 SH-15,NO_EXACT_POLYGON_MATCH,,
28225,TN/Nil/58A11/2023/122,Tamil Nadu,Nilgiri,Kothagiri slide,SH-15 (Kunjapanai),11.35687261,76.93210853,Earth,Slide,23 November 2023,2023-11-23,data/raw/events/landslide_report.pdf,716,LANDSLIDE INVENTORY (Field vaidated),28225 TN/Nil/58A11/2023/122 Tamil Nadu Nilgiri Kothagiri slide SH-15 (Kunjapanai) 11.35687261 76.93210853 Earth Slide 23 November 2023,NO_EXACT_POLYGON_MATCH,,
28226,TN/Nil/58A11/2023/123,Tamil Nadu,Nilgiri,Kothagiri slide,SH-15 (Mettupalayam view point),11.35629482,76.93299509,Earth,Slide,23 November 2023,2023-11-23,data/raw/events/landslide_report.pdf,716,LANDSLIDE INVENTORY (Field vaidated),28226 TN/Nil/58A11/2023/123 Tamil Nadu Nilgiri Kothagiri slide SH-15 (Mettupalayam view 11.35629482 76.93299509 Earth Slide 23 November 2023 point),NO_EXACT_POLYGON_MATCH,,
28227,TN/Nil/58A11/2023/124,Tamil Nadu,Nilgiri,Kothagiri slide,SH-15 (Near Mettupalayam view point),11.35809188,76.93395232,Debris,Slide,23 November 2023,2023-11-23,data/raw/events/landslide_report.pdf,716,LANDSLIDE INVENTORY (Field vaidated),28227 TN/Nil/58A11/2023/124 Tamil Nadu Nilgiri Kothagiri slide SH-15 (Near Mettupalayam 11.35809188 76.93395232 Debris Slide 23 November 2023 view point),NO_EXACT_POLYGON_MATCH,,
28228,TN/Nil/58A11/2023/125,Tamil Nadu,Nilgiri,Kothagiri slide,SH-15,11.35886681,76.93557575,Earth,Slide,23 November 2023,2023-11-23,data/raw/events/landslide_report.pdf,716,LANDSLIDE INVENTORY (Field vaidated),28228 TN/Nil/58A11/2023/125 Tamil Nadu Nilgiri Kothagiri slide SH-15 11.35886681 76.93557575 Earth Slide 23 November 2023,EXACT_POLYGON_MATCH,635107,Konavakorai-I
28229,TN/Nil/58A11/2023/126,Tamil Nadu,Nilgiri,Kothagiri slide,SH-15,11.3599745,76.93761436,Debris,Slide,23 November 2023,2023-11-23,data/raw/events/landslide_report.pdf,716,LANDSLIDE INVENTORY (Field vaidated),28229 TN/Nil/58A11/2023/126 Tamil Nadu Nilgiri Kothagiri slide SH-15 11.3599745 76.93761436 Debris Slide 23 November 2023,NO_EXACT_POLYGON_MATCH,,
28230,TN/Nil/58A11/2023/127,Tamil Nadu,Nilgiri,Kothagiri slide,SH-15 (Hair pin bend-4),11.36019869,76.93834319,Debris,Slide,23 November 2023,2023-11-23,data/raw/events/landslide_report.pdf,716,LANDSLIDE INVENTORY (Field vaidated),28230 TN/Nil/58A11/2023/127 Tamil Nadu Nilgiri Kothagiri slide SH-15 (Hair pin bend-4) 11.36019869 76.93834319 Debris Slide 23 November 2023,NO_EXACT_POLYGON_MATCH,,
28231,TN/Nil/58A11/2023/128,Tamil Nadu,Nilgiri,Kothagiri slide,SH-15,11.35951049,76.93782025,Earth,Slide,23 November 2023,2023-11-23,data/raw/events/landslide_report.pdf,716,LANDSLIDE INVENTORY (Field vaidated),28231 TN/Nil/58A11/2023/128 Tamil Nadu Nilgiri Kothagiri slide SH-15 11.35951049 76.93782025 Earth Slide 23 November 2023,NO_EXACT_POLYGON_MATCH,,
28232,TN/Nil/58A11/2023/129,Tamil Nadu,Nilgiri,Kothagiri slide,SH-15 (Hair pin bend-5),11.35879872,76.93760927,Debris,Slide,23 November 2023,2023-11-23,data/raw/events/landslide_report.pdf,716,LANDSLIDE INVENTORY (Field vaidated),28232 TN/Nil/58A11/2023/129 Tamil Nadu Nilgiri Kothagiri slide SH-15 (Hair pin bend-5) 11.35879872 76.93760927 Debris Slide 23 November 2023,NO_EXACT_POLYGON_MATCH,,
28233,TN/Nil/58A11/2023/130,Tamil Nadu,Nilgiri,Kothagiri slide,SH-15,11.3596238,76.93847834,Debris,Slide,23 November 2023,2023-11-23,data/raw/events/landslide_report.pdf,716,LANDSLIDE INVENTORY (Field vaidated),28233 TN/Nil/58A11/2023/130 Tamil Nadu Nilgiri Kothagiri slide SH-15 11.3596238 76.93847834 Debris Slide 23 November 2023,NO_EXACT_POLYGON_MATCH,,
28234,TN/Nil/58A11/2023/131,Tamil Nadu,Nilgiri,Kothagiri slide,SH-15,11.36079743,76.93940047,Debris,Slide,23 November 2023,2023-11-23,data/raw/events/landslide_report.pdf,716,LANDSLIDE INVENTORY (Field vaidated),28234 TN/Nil/58A11/2023/131 Tamil Nadu Nilgiri Kothagiri slide SH-15 11.36079743 76.93940047 Debris Slide 23 November 2023,NO_EXACT_POLYGON_MATCH,,
28235,TN/Nil/58A11/2023/132,Tamil Nadu,Nilgiri,Kothagiri slide,SH-15,11.36052844,76.94006873,Debris,Slide,23 November 2023,2023-11-23,data/raw/events/landslide_report.pdf,716,LANDSLIDE INVENTORY (Field vaidated),28235 TN/Nil/58A11/2023/132 Tamil Nadu Nilgiri Kothagiri slide SH-15 11.36052844 76.94006873 Debris Slide 23 November 2023,NO_EXACT_POLYGON_MATCH,,
28236,TN/Nil/58A11/2023/133,Tamil Nadu,Nilgiri,Kothagiri slide,SH-15,11.36007456,76.94174795,Earth,Slide,23 November 2023,2023-11-23,data/raw/events/landslide_report.pdf,716,LANDSLIDE INVENTORY (Field vaidated),28236 TN/Nil/58A11/2023/133 Tamil Nadu Nilgiri Kothagiri slide SH-15 11.36007456 76.94174795 Earth Slide 23 November 2023,NO_EXACT_POLYGON_MATCH,,
28237,TN/Nil/58A11/2023/134,Tamil Nadu,Nilgiri,Kothagiri slide,SH-15,11.35988891,76.94218111,Earth,Slide,23 November 2023,2023-11-23,data/raw/events/landslide_report.pdf,716,LANDSLIDE INVENTORY (Field vaidated),28237 TN/Nil/58A11/2023/134 Tamil Nadu Nilgiri Kothagiri slide SH-15 11.35988891 76.94218111 Earth Slide 23 November 2023,NO_EXACT_POLYGON_MATCH,,
28238,TN/Nil/58A11/2023/135,Tamil Nadu,Nilgiri,Kothagiri slide,SH-15,11.35992556,76.94277581,Earth,Slide,23 November 2023,2023-11-23,data/raw/events/landslide_report.pdf,716,LANDSLIDE INVENTORY (Field vaidated),28238 TN/Nil/58A11/2023/135 Tamil Nadu Nilgiri Kothagiri slide SH-15 11.35992556 76.94277581 Earth Slide 23 November 2023,NO_EXACT_POLYGON_MATCH,,
28239,TN/Nil/58A11/2023/136,Tamil Nadu,Nilgiri,Kothagiri slide,SH-15,11.3613242,76.94567928,Debris,Slide,23 November 2023,2023-11-23,data/raw/events/landslide_report.pdf,716,LANDSLIDE INVENTORY (Field vaidated),28239 TN/Nil/58A11/2023/136 Tamil Nadu Nilgiri Kothagiri slide SH-15 11.3613242 76.94567928 Debris Slide 23 November 2023,NO_EXACT_POLYGON_MATCH,,
28240,TN/Nil/58A11/2023/137,Tamil Nadu,Nilgiri,Kothagiri slide,SH-15,11.35991999,76.9427611,Debris,Slide,23 November 2023,2023-11-23,data/raw/events/landslide_report.pdf,716,LANDSLIDE INVENTORY (Field vaidated),28240 TN/Nil/58A11/2023/137 Tamil Nadu Nilgiri Kothagiri slide SH-15 11.35991999 76.9427611 Debris Slide 23 November 2023,NO_EXACT_POLYGON_MATCH,,
28241,TN/Nil/58A11/2023/138,Tamil Nadu,Nilgiri,Kothagiri slide,SH-15,11.36168682,76.94604898,Debris,Slide,23 November 2023,2023-11-23,data/raw/events/landslide_report.pdf,716,LANDSLIDE INVENTORY (Field vaidated),28241 TN/Nil/58A11/2023/138 Tamil Nadu Nilgiri Kothagiri slide SH-15 11.36168682 76.94604898 Debris Slide 23 November 2023,NO_EXACT_POLYGON_MATCH,,
28242,TN/Nil/58A11/2023/139,Tamil Nadu,Nilgiri,Kothagiri slide,SH-15,11.36209752,76.94641095,Debris,Slide,23 November 2023,2023-11-23,data/raw/events/landslide_report.pdf,717,LANDSLIDE INVENTORY (Field vaidated),28242 TN/Nil/58A11/2023/139 Tamil Nadu Nilgiri Kothagiri slide SH-15 11.36209752 76.94641095 Debris Slide 23 November 2023,NO_EXACT_POLYGON_MATCH,,
28243,TN/Nil/58A11/2023/140,Tamil Nadu,Nilgiri,Kothagiri slide,SH-15,11.36256559,76.94760942,Debris,Slide,23 November 2023,2023-11-23,data/raw/events/landslide_report.pdf,717,LANDSLIDE INVENTORY (Field vaidated),28243 TN/Nil/58A11/2023/140 Tamil Nadu Nilgiri Kothagiri slide SH-15 11.36256559 76.94760942 Debris Slide 23 November 2023,NO_EXACT_POLYGON_MATCH,,
28244,TN/Nil/58A11/2023/141,Tamil Nadu,Nilgiri,Kothagiri slide,SH-15,11.36214007,76.94926543,Earth,Slide,23 November 2023,2023-11-23,data/raw/events/landslide_report.pdf,717,LANDSLIDE INVENTORY (Field vaidated),28244 TN/Nil/58A11/2023/141 Tamil Nadu Nilgiri Kothagiri slide SH-15 11.36214007 76.94926543 Earth Slide 23 November 2023,NO_EXACT_POLYGON_MATCH,,
28245,TN/Nil/58A11/2023/142,Tamil Nadu,Nilgiri,Kothagiri slide,SH-15,11.36206926,76.9497801,Earth,Slide,23 November 2023,2023-11-23,data/raw/events/landslide_report.pdf,717,LANDSLIDE INVENTORY (Field vaidated),28245 TN/Nil/58A11/2023/142 Tamil Nadu Nilgiri Kothagiri slide SH-15 11.36206926 76.9497801 Earth Slide 23 November 2023,NO_EXACT_POLYGON_MATCH,,
28246,TN/Nil/58A11/2023/143,Tamil Nadu,Nilgiri,Kothagiri slide,SH-15,11.36176027,76.95017151,Earth,Slide,23 November 2023,2023-11-23,data/raw/events/landslide_report.pdf,717,LANDSLIDE INVENTORY (Field vaidated),28246 TN/Nil/58A11/2023/143 Tamil Nadu Nilgiri Kothagiri slide SH-15 11.36176027 76.95017151 Earth Slide 23 November 2023,NO_EXACT_POLYGON_MATCH,,
28247,TN/Nil/58A11/2023/144,Tamil Nadu,Nilgiri,Kothagiri slide,SH-15,11.36127232,76.95066827,Debris,Slide,23 November 2023,2023-11-23,data/raw/events/landslide_report.pdf,717,LANDSLIDE INVENTORY (Field vaidated),28247 TN/Nil/58A11/2023/144 Tamil Nadu Nilgiri Kothagiri slide SH-15 11.36127232 76.95066827 Debris Slide 23 November 2023,NO_EXACT_POLYGON_MATCH,,
28248,TN/Nil/58A11/2023/145,Tamil Nadu,Nilgiri,Kothagiri slide,SH-15,11.36214007,76.94926543,Debris,Slide,23 November 2023,2023-11-23,data/raw/events/landslide_report.pdf,717,LANDSLIDE INVENTORY (Field vaidated),28248 TN/Nil/58A11/2023/145 Tamil Nadu Nilgiri Kothagiri slide SH-15 11.36214007 76.94926543 Debris Slide 23 November 2023,NO_EXACT_POLYGON_MATCH,,
28249,TN/Nil/58A11/2023/146,Tamil Nadu,Nilgiri,Kothagiri slide,SH-15,11.36054865,76.94816795,Debris,Slide,23 November 2023,2023-11-23,data/raw/events/landslide_report.pdf,717,LANDSLIDE INVENTORY (Field vaidated),28249 TN/Nil/58A11/2023/146 Tamil Nadu Nilgiri Kothagiri slide SH-15 11.36054865 76.94816795 Debris Slide 23 November 2023,NO_EXACT_POLYGON_MATCH,,
28250,TN/Nil/58A11/2023/147,Tamil Nadu,Nilgiri,Kothagiri slide,SH-15,11.35960568,76.94661845,Debris,Slide,23 November 2023,2023-11-23,data/raw/events/landslide_report.pdf,717,LANDSLIDE INVENTORY (Field vaidated),28250 TN/Nil/58A11/2023/147 Tamil Nadu Nilgiri Kothagiri slide SH-15 11.35960568 76.94661845 Debris Slide 23 November 2023,NO_EXACT_POLYGON_MATCH,,
28251,TN/Nil/58A11/2023/148,Tamil Nadu,Nilgiri,Kothagiri slide,SH-15,11.35914057,76.94630165,Debris,Slide,23 November 2023,2023-11-23,data/raw/events/landslide_report.pdf,717,LANDSLIDE INVENTORY (Field vaidated),28251 TN/Nil/58A11/2023/148 Tamil Nadu Nilgiri Kothagiri slide SH-15 11.35914057 76.94630165 Debris Slide 23 November 2023,NO_EXACT_POLYGON_MATCH,,
28252,TN/Nil/58A11/2023/149,Tamil Nadu,Nilgiri,Kothagiri slide,SH-15,11.35809154,76.94533891,Debris,Slide,23 November 2023,2023-11-23,data/raw/events/landslide_report.pdf,717,LANDSLIDE INVENTORY (Field vaidated),28252 TN/Nil/58A11/2023/149 Tamil Nadu Nilgiri Kothagiri slide SH-15 11.35809154 76.94533891 Debris Slide 23 November 2023,NO_EXACT_POLYGON_MATCH,,
28253,TN/Nil/58A11/2023/150,Tamil Nadu,Nilgiri,Kothagiri slide,SH-15,11.35649634,76.94579092,Debris,Slide,23 November 2023,2023-11-23,data/raw/events/landslide_report.pdf,717,LANDSLIDE INVENTORY (Field vaidated),28253 TN/Nil/58A11/2023/150 Tamil Nadu Nilgiri Kothagiri slide SH-15 11.35649634 76.94579092 Debris Slide 23 November 2023,NO_EXACT_POLYGON_MATCH,,
28254,TN/Nil/58A11/2023/151,Tamil Nadu,Nilgiri,Kothagiri slide,SH-15,11.35763256,76.94602336,Debris,Slide,23 November 2023,2023-11-23,data/raw/events/landslide_report.pdf,717,LANDSLIDE INVENTORY (Field vaidated),28254 TN/Nil/58A11/2023/151 Tamil Nadu Nilgiri Kothagiri slide SH-15 11.35763256 76.94602336 Debris Slide 23 November 2023,NO_EXACT_POLYGON_MATCH,,
28255,TN/Nil/58A11/2023/152,Tamil Nadu,Nilgiri,Kothagiri slide,SH-15,11.35774289,76.94668593,Debris,Slide,23 November 2023,2023-11-23,data/raw/events/landslide_report.pdf,717,LANDSLIDE INVENTORY (Field vaidated),28255 TN/Nil/58A11/2023/152 Tamil Nadu Nilgiri Kothagiri slide SH-15 11.35774289 76.94668593 Debris Slide 23 November 2023,NO_EXACT_POLYGON_MATCH,,
28256,TN/Nil/58A11/2023/153,Tamil Nadu,Nilgiri,Kothagiri slide,SH-15,11.35811507,76.94959631,Earth,Slide,23 November 2023,2023-11-23,data/raw/events/landslide_report.pdf,717,LANDSLIDE INVENTORY (Field vaidated),28256 TN/Nil/58A11/2023/153 Tamil Nadu Nilgiri Kothagiri slide SH-15 11.35811507 76.94959631 Earth Slide 23 November 2023,NO_EXACT_POLYGON_MATCH,,
28257,TN/Nil/58A11/2023/154,Tamil Nadu,Nilgiri,Kothagiri slide,SH-15,11.35793098,76.94887613,Debris,Slide,23 November 2023,2023-11-23,data/raw/events/landslide_report.pdf,717,LANDSLIDE INVENTORY (Field vaidated),28257 TN/Nil/58A11/2023/154 Tamil Nadu Nilgiri Kothagiri slide SH-15 11.35793098 76.94887613 Debris Slide 23 November 2023,NO_EXACT_POLYGON_MATCH,,
28258,TN/Nil/58A11/2023/155,Tamil Nadu,Nilgiri,Kothagiri slide,SH-15,11.35760003,76.94858135,Debris,Slide,23 November 2023,2023-11-23,data/raw/events/landslide_report.pdf,717,LANDSLIDE INVENTORY (Field vaidated),28258 TN/Nil/58A11/2023/155 Tamil Nadu Nilgiri Kothagiri slide SH-15 11.35760003 76.94858135 Debris Slide 23 November 2023,NO_EXACT_POLYGON_MATCH,,
28259,TN/Nil/58A11/2023/156,Tamil Nadu,Nilgiri,Kothagiri slide,SH-15,11.35746737,76.9480396,Debris,Slide,23 November 2023,2023-11-23,data/raw/events/landslide_report.pdf,717,LANDSLIDE INVENTORY (Field vaidated),28259 TN/Nil/58A11/2023/156 Tamil Nadu Nilgiri Kothagiri slide SH-15 11.35746737 76.9480396 Debris Slide 23 November 2023,NO_EXACT_POLYGON_MATCH,,
28260,TN/Nil/58A11/2023/157,Tamil Nadu,Nilgiri,Kothagiri slide,SH-15,11.35730415,76.94762268,Debris,Slide,23 November 2023,2023-11-23,data/raw/events/landslide_report.pdf,717,LANDSLIDE INVENTORY (Field vaidated),28260 TN/Nil/58A11/2023/157 Tamil Nadu Nilgiri Kothagiri slide SH-15 11.35730415 76.94762268 Debris Slide 23 November 2023,NO_EXACT_POLYGON_MATCH,,
28261,TN/Nil/58A11/2023/158,Tamil Nadu,Nilgiri,Kothagiri slide,SH-15,11.35708672,76.9470253,Debris,Slide,23 November 2023,2023-11-23,data/raw/events/landslide_report.pdf,717,LANDSLIDE INVENTORY (Field vaidated),28261 TN/Nil/58A11/2023/158 Tamil Nadu Nilgiri Kothagiri slide SH-15 11.35708672 76.9470253 Debris Slide 23 November 2023,NO_EXACT_POLYGON_MATCH,,
28262,TN/Nil/58A11/2023/159,Tamil Nadu,Nilgiri,Kothagiri slide,SH-15,11.35680547,76.94697583,Debris,Slide,23 November 2023,2023-11-23,data/raw/events/landslide_report.pdf,717,LANDSLIDE INVENTORY (Field vaidated),28262 TN/Nil/58A11/2023/159 Tamil Nadu Nilgiri Kothagiri slide SH-15 11.35680547 76.94697583 Debris Slide 23 November 2023,NO_EXACT_POLYGON_MATCH,,
28263,TN/Nil/58A11/2023/160,Tamil Nadu,Nilgiri,Kothagiri slide,SH-15,11.35473266,76.94561356,Debris,Slide,23 November 2023,2023-11-23,data/raw/events/landslide_report.pdf,717,LANDSLIDE INVENTORY (Field vaidated),28263 TN/Nil/58A11/2023/160 Tamil Nadu Nilgiri Kothagiri slide SH-15 11.35473266 76.94561356 Debris Slide 23 November 2023,NO_EXACT_POLYGON_MATCH,,
28264,TN/Nil/58A11/2023/161,Tamil Nadu,Nilgiri,Kothagiri slide,SH-15,11.35444989,76.94379168,Debris,Slide,23 November 2023,2023-11-23,data/raw/events/landslide_report.pdf,717,LANDSLIDE INVENTORY (Field vaidated),28264 TN/Nil/58A11/2023/161 Tamil Nadu Nilgiri Kothagiri slide SH-15 11.35444989 76.94379168 Debris Slide 23 November 2023,NO_EXACT_POLYGON_MATCH,,
28265,TN/Nil/58A11/2023/162,Tamil Nadu,Nilgiri,Kothagiri slide,SH-15,11.35488905,76.9430774,Debris,Slide,23 November 2023,2023-11-23,data/raw/events/landslide_report.pdf,717,LANDSLIDE INVENTORY (Field vaidated),28265 TN/Nil/58A11/2023/162 Tamil Nadu Nilgiri Kothagiri slide SH-15 11.35488905 76.9430774 Debris Slide 23 November 2023,NO_EXACT_POLYGON_MATCH,,
28266,TN/Nil/58A11/2023/163,Tamil Nadu,Nilgiri,Kothagiri slide,SH-15,11.35450826,76.94263034,Debris,Slide,23 November 2023,2023-11-23,data/raw/events/landslide_report.pdf,717,LANDSLIDE INVENTORY (Field vaidated),28266 TN/Nil/58A11/2023/163 Tamil Nadu Nilgiri Kothagiri slide SH-15 11.35450826 76.94263034 Debris Slide 23 November 2023,NO_EXACT_POLYGON_MATCH,,
28267,TN/Nil/58A11/2023/164,Tamil Nadu,Nilgiri,Kothagiri slide,SH-15,11.35346901,76.94214577,Debris,Slide,23 November 2023,2023-11-23,data/raw/events/landslide_report.pdf,717,LANDSLIDE INVENTORY (Field vaidated),28267 TN/Nil/58A11/2023/164 Tamil Nadu Nilgiri Kothagiri slide SH-15 11.35346901 76.94214577 Debris Slide 23 November 2023,NO_EXACT_POLYGON_MATCH,,
28268,TN/Nil/58A11/2023/165,Tamil Nadu,Nilgiri,Kothagiri slide,SH-15,11.34981179,76.9411861,Debris,Slide,23 November 2023,2023-11-23,data/raw/events/landslide_report.pdf,717,LANDSLIDE INVENTORY (Field vaidated),28268 TN/Nil/58A11/2023/165 Tamil Nadu Nilgiri Kothagiri slide SH-15 11.34981179 76.9411861 Debris Slide 23 November 2023,NO_EXACT_POLYGON_MATCH,,
28269,TN/Nil/58A11/2023/166,Tamil Nadu,Nilgiri,Kothagiri slide,SH-15,11.34967677,76.94147878,Earth,Slide,23 November 2023,2023-11-23,data/raw/events/landslide_report.pdf,717,LANDSLIDE INVENTORY (Field vaidated),28269 TN/Nil/58A11/2023/166 Tamil Nadu Nilgiri Kothagiri slide SH-15 11.34967677 76.94147878 Earth Slide 23 November 2023,NO_EXACT_POLYGON_MATCH,,
28270,TN/Nil/58A11/2023/167,Tamil Nadu,Nilgiri,Kothagiri slide,SH-15,11.34962812,76.94181618,Earth,Slide,23 November 2023,2023-11-23,data/raw/events/landslide_report.pdf,717,LANDSLIDE INVENTORY (Field vaidated),28270 TN/Nil/58A11/2023/167 Tamil Nadu Nilgiri Kothagiri slide SH-15 11.34962812 76.94181618 Earth Slide 23 November 2023,NO_EXACT_POLYGON_MATCH,,
28271,TN/Nil/58A11/2023/168,Tamil Nadu,Nilgiri,Kothagiri slide,SH-15,11.34893439,76.94316226,Earth,Slide,23 November 2023,2023-11-23,data/raw/events/landslide_report.pdf,717,LANDSLIDE INVENTORY (Field vaidated),28271 TN/Nil/58A11/2023/168 Tamil Nadu Nilgiri Kothagiri slide SH-15 11.34893439 76.94316226 Earth Slide 23 November 2023,NO_EXACT_POLYGON_MATCH,,
28272,TN/Nil/58A11/2023/169,Tamil Nadu,Nilgiri,Kothagiri slide,SH-15,11.34853389,76.94340348,Earth,Slide,23 November 2023,2023-11-23,data/raw/events/landslide_report.pdf,717,LANDSLIDE INVENTORY (Field vaidated),28272 TN/Nil/58A11/2023/169 Tamil Nadu Nilgiri Kothagiri slide SH-15 11.34853389 76.94340348 Earth Slide 23 November 2023,NO_EXACT_POLYGON_MATCH,,
28273,TN/Nil/58A11/2023/170,Tamil Nadu,Nilgiri,Kothagiri slide,SH-15,11.34824292,76.94361365,Earth,Slide,23 November 2023,2023-11-23,data/raw/events/landslide_report.pdf,717,LANDSLIDE INVENTORY (Field vaidated),28273 TN/Nil/58A11/2023/170 Tamil Nadu Nilgiri Kothagiri slide SH-15 11.34824292 76.94361365 Earth Slide 23 November 2023,NO_EXACT_POLYGON_MATCH,,
28274,TN/Nil/58A11/2023/171,Tamil Nadu,Nilgiri,Kothagiri slide,SH-15,11.34809917,76.94380445,Earth,Slide,23 November 2023,2023-11-23,data/raw/events/landslide_report.pdf,717,LANDSLIDE INVENTORY (Field vaidated),28274 TN/Nil/58A11/2023/171 Tamil Nadu Nilgiri Kothagiri slide SH-15 11.34809917 76.94380445 Earth Slide 23 November 2023,NO_EXACT_POLYGON_MATCH,,
28275,TN/Nil/58A11/2023/172,Tamil Nadu,Nilgiri,Kothagiri slide,SH-15,11.34777823,76.94398539,Earth,Slide,23 November 2023,2023-11-23,data/raw/events/landslide_report.pdf,717,LANDSLIDE INVENTORY (Field vaidated),28275 TN/Nil/58A11/2023/172 Tamil Nadu Nilgiri Kothagiri slide SH-15 11.34777823 76.94398539 Earth Slide 23 November 2023,NO_EXACT_POLYGON_MATCH,,
28276,TN/Nil/58A11/2023/173,Tamil Nadu,Nilgiri,Kothagiri slide,SH-15,11.34765289,76.94450377,Debris,Slide,23 November 2023,2023-11-23,data/raw/events/landslide_report.pdf,717,LANDSLIDE INVENTORY (Field vaidated),28276 TN/Nil/58A11/2023/173 Tamil Nadu Nilgiri Kothagiri slide SH-15 11.34765289 76.94450377 Debris Slide 23 November 2023,NO_EXACT_POLYGON_MATCH,,
28277,TN/Nil/58A11/2023/174,Tamil Nadu,Nilgiri,Kothagiri slide,SH-15,11.34700889,76.94478131,Debris,Slide,23 November 2023,2023-11-23,data/raw/events/landslide_report.pdf,717,LANDSLIDE INVENTORY (Field vaidated),28277 TN/Nil/58A11/2023/174 Tamil Nadu Nilgiri Kothagiri slide SH-15 11.34700889 76.94478131 Debris Slide 23 November 2023,NO_EXACT_POLYGON_MATCH,,
28278,TN/Nil/58A11/2023/175,Tamil Nadu,Nilgiri,Kothagiri slide,SH-15,11.34612638,76.94402605,Debris,Slide,23 November 2023,2023-11-23,data/raw/events/landslide_report.pdf,717,LANDSLIDE INVENTORY (Field vaidated),28278 TN/Nil/58A11/2023/175 Tamil Nadu Nilgiri Kothagiri slide SH-15 11.34612638 76.94402605 Debris Slide 23 November 2023,NO_EXACT_POLYGON_MATCH,,
28279,TN/Nil/58A11/2023/176,Tamil Nadu,Nilgiri,Kothagiri slide,SH-15,11.34619369,76.94389937,Debris,Slide,23 November 2023,2023-11-23,data/raw/events/landslide_report.pdf,717,LANDSLIDE INVENTORY (Field vaidated),28279 TN/Nil/58A11/2023/176 Tamil Nadu Nilgiri Kothagiri slide SH-15 11.34619369 76.94389937 Debris Slide 23 November 2023,NO_EXACT_POLYGON_MATCH,,
28280,TN/Nil/58A11/2023/177,Tamil Nadu,Nilgiri,Kothagiri slide,SH-15,11.34641057,76.9435889,Debris,Slide,23 November 2023,2023-11-23,data/raw/events/landslide_report.pdf,717,LANDSLIDE INVENTORY (Field vaidated),28280 TN/Nil/58A11/2023/177 Tamil Nadu Nilgiri Kothagiri slide SH-15 11.34641057 76.9435889 Debris Slide 23 November 2023,NO_EXACT_POLYGON_MATCH,,
28281,TN/Nil/58A11/2023/178,Tamil Nadu,Nilgiri,Kothagiri slide,SH-15,11.34653207,76.94348491,Debris,Slide,23 November 2023,2023-11-23,data/raw/events/landslide_report.pdf,717,LANDSLIDE INVENTORY (Field vaidated),28281 TN/Nil/58A11/2023/178 Tamil Nadu Nilgiri Kothagiri slide SH-15 11.34653207 76.94348491 Debris Slide 23 November 2023,NO_EXACT_POLYGON_MATCH,,
28282,TN/Nil/58A11/2023/179,Tamil Nadu,Nilgiri,Kothagiri slide,SH-15,11.34677326,76.94266173,Debris,Slide,23 November 2023,2023-11-23,data/raw/events/landslide_report.pdf,717,LANDSLIDE INVENTORY (Field vaidated),28282 TN/Nil/58A11/2023/179 Tamil Nadu Nilgiri Kothagiri slide SH-15 11.34677326 76.94266173 Debris Slide 23 November 2023,NO_EXACT_POLYGON_MATCH,,
28283,TN/Nil/58A11/2023/180,Tamil Nadu,Nilgiri,Kothagiri slide,SH-15,11.34687267,76.94157503,Debris,Slide,23 November 2023,2023-11-23,data/raw/events/landslide_report.pdf,717,LANDSLIDE INVENTORY (Field vaidated),28283 TN/Nil/58A11/2023/180 Tamil Nadu Nilgiri Kothagiri slide SH-15 11.34687267 76.94157503 Debris Slide 23 November 2023,NO_EXACT_POLYGON_MATCH,,
28284,TN/Nil/58A11/2023/181,Tamil Nadu,Nilgiri,Kothagiri slide,SH-15,11.34493399,76.93814992,Debris,Slide,23 November 2023,2023-11-23,data/raw/events/landslide_report.pdf,717,LANDSLIDE INVENTORY (Field vaidated),28284 TN/Nil/58A11/2023/181 Tamil Nadu Nilgiri Kothagiri slide SH-15 11.34493399 76.93814992 Debris Slide 23 November 2023,NO_EXACT_POLYGON_MATCH,,
28285,TN/Nil/58A11/2023/182,Tamil Nadu,Nilgiri,Kothagiri slide,SH-15,11.34263136,76.93718243,Debris,Slide,23 November 2023,2023-11-23,data/raw/events/landslide_report.pdf,717,LANDSLIDE INVENTORY (Field vaidated),28285 TN/Nil/58A11/2023/182 Tamil Nadu Nilgiri Kothagiri slide SH-15 11.34263136 76.93718243 Debris Slide 23 November 2023,NO_EXACT_POLYGON_MATCH,,
28286,7254,Tamil Nadu,Nilgiri,,near NH-181,11.336513,76.798517,Debris,slide,2026-01-12,2026-01-12,data/raw/events/landslide_report.pdf,717,LANDSLIDE INVENTORY (Field vaidated),28286 7254 Tamil Nadu Nilgiri near NH-181 11.336513 76.798517 Debris slide 2026-01-12,NO_EXACT_POLYGON_MATCH,,
