settlement_id,settlement_name,latitude,longitude,region,district,date,rainfall_1d_mm,rainfall_3d_mm,rainfall_7d_mm,imd_grid_latitude,imd_grid_longitude
DEMO-NLG-001,Demo Nilgiris location A,11.41,76.69,Tamil Nadu,Nilgiris,2017-01-01,0.0,,,11.5,76.75
DEMO-NLG-001,Demo Nilgiris location A,11.41,76.69,Tamil Nadu,Nilgiris,2017-01-02,0.0,,,11.5,76.75
DEMO-NLG-001,Demo Nilgiris location A,11.41,76.69,Tamil Nadu,Nilgiris,2017-01-03,0.0,0.0,,11.5,76.75
DEMO-NLG-001,Demo Nilgiris location A,11.41,76.69,Tamil Nadu,Nilgiris,2017-01-04,0.0,0.0,,11.5,76.75
DEMO-NLG-001,Demo Nilgiris location A,11.41,76.69,Tamil Nadu,Nilgiris,2017-01-05,0.0,0.0,,11.5,76.75
DEMO-NLG-001,Demo Nilgiris location A,11.41,76.69,Tamil Nadu,Nilgiris,2017-01-06,0.0,0.0,,11.5,76.75
DEMO-NLG-001,Demo Nilgiris location A,11.41,76.69,Tamil Nadu,Nilgiris,2017-01-07,0.0,0.0,0.0,11.5,76.75
DEMO-NLG-001,Demo Nilgiris location A,11.41,76.69,Tamil Nadu,Nilgiris,2017-01-08,0.0,0.0,0.0,11.5,76.75
DEMO-NLG-001,Demo Nilgiris location A,11.41,76.69,Tamil Nadu,Nilgiris,2017-01-09,0.0,0.0,0.0,11.5,76.75
DEMO-NLG-001,Demo Nilgiris location A,11.41,76.69,Tamil Nadu,Nilgiris,2017-01-10,0.0,0.0,0.0,11.5,76.75
DEMO-NLG-001,Demo Nilgiris location A,11.41,76.69,Tamil Nadu,Nilgiris,2017-01-11,0.0,0.0,0.0,11.5,76.75
DEMO-NLG-001,Demo Nilgiris location A,11.41,76.69,Tamil Nadu,Nilgiris,2017-01-12,0.0,0.0,0.0,11.5,76.75
DEMO-NLG-001,Demo Nilgiris location A,11.41,76.69,Tamil Nadu,Nilgiris,2017-01-13,0.0,0.0,0.0,11.5,76.75
DEMO-NLG-001,Demo Nilgiris location A,11.41,76.69,Tamil Nadu,Nilgiris,2017-01-14,0.0,0.0,0.0,11.5,76.75
DEMO-NLG-001,Demo Nilgiris location A,11.41,76.69,Tamil Nadu,Nilgiris,2017-01-15,0.0,0.0,0.0,11.5,76.75
DEMO-NLG-001,Demo Nilgiris location A,11.41,76.69,Tamil Nadu,Nilgiris,2017-01-16,0.0,0.0,0.0,11.5,76.75
DEMO-NLG-001,Demo Nilgiris location A,11.41,76.69,Tamil Nadu,Nilgiris,2017-01-17,0.0,0.0,0.0,11.5,76.75
DEMO-NLG-001,Demo Nilgiris location A,11.41,76.69,Tamil Nadu,Nilgiris,2017-01-18,0.0,0.0,0.0,11.5,76.75
DEMO-NLG-001,Demo Nilgiris location A,11.41,76.69,Tamil Nadu,Nilgiris,2017-01-19,0.0,0.0,0.0,11.5,76.75
DEMO-NLG-001,Demo Nilgiris location A,11.41,76.69,Tamil Nadu,Nilgiris,2017-01-20,0.0,0.0,0.0,11.5,76.75
DEMO-NLG-001,Demo Nilgiris location A,11.41,76.69,Tamil Nadu,Nilgiris,2017-01-21,2.7125957012176514,2.7125957012176514,2.7125957012176514,11.5,76.75
DEMO-NLG-001,Demo Nilgiris location A,11.41,76.69,Tamil Nadu,Nilgiris,2017-01-22,9.68580436706543,12.398400068283081,12.398400068283081,11.5,76.75
DEMO-NLG-001,Demo Nilgiris location A,11.41,76.69,Tamil Nadu,Nilgiris,2017-01-23,0.2062680721282959,12.604668140411377,12.604668140411377,11.5,76.75
DEMO-NLG-001,Demo Nilgiris location A,11.41,76.69,Tamil Nadu,Nilgiris,2017-01-24,0.0,9.892072439193726,12.604668140411377,11.5,76.75
DEMO-NLG-001,Demo Nilgiris location A,11.41,76.69,Tamil Nadu,Nilgiris,2017-01-25,0.0,0.2062680721282959,12.604668140411377,11.5,76.75
DEMO-NLG-001,Demo Nilgiris location A,11.41,76.69,Tamil Nadu,Nilgiris,2017-01-26,0.0,0.0,12.604668140411377,11.5,76.75
DEMO-NLG-001,Demo Nilgiris location A,11.41,76.69,Tamil Nadu,Nilgiris,2017-01-27,2.9795188903808594,2.9795188903808594,15.584187030792236,11.5,76.75
DEMO-NLG-001,Demo Nilgiris location A,11.41,76.69,Tamil Nadu,Nilgiris,2017-01-28,33.073970794677734,36.053489685058594,45.94556212425232,11.5,76.75
DEMO-NLG-001,Demo Nilgiris location A,11.41,76.69,Tamil Nadu,Nilgiris,2017-01-29,16.026432037353516,52.07992172241211,52.286189794540405,11.5,76.75
DEMO-NLG-001,Demo Nilgiris location A,11.41,76.69,Tamil Nadu,Nilgiris,2017-01-30,0.3535190224647522,49.453921854496,52.43344074487686,11.5,76.75
DEMO-NLG-001,Demo Nilgiris location A,11.41,76.69,Tamil Nadu,Nilgiris,2017-01-31,0.0,16.379951059818268,52.43344074487686,11.5,76.75
DEMO-NLG-001,Demo Nilgiris location A,11.41,76.69,Tamil Nadu,Nilgiris,2017-02-01,0.0,0.3535190224647522,52.43344074487686,11.5,76.75
DEMO-NLG-001,Demo Nilgiris location A,11.41,76.69,Tamil Nadu,Nilgiris,2017-02-02,0.0,0.0,52.43344074487686,11.5,76.75
DEMO-NLG-001,Demo Nilgiris location A,11.41,76.69,Tamil Nadu,Nilgiris,2017-02-03,0.0,0.0,49.453921854496,11.5,76.75
DEMO-NLG-001,Demo Nilgiris location A,11.41,76.69,Tamil Nadu,Nilgiris,2017-02-04,0.0,0.0,16.379951059818268,11.5,76.75
DEMO-NLG-001,Demo Nilgiris location A,11.41,76.69,Tamil Nadu,Nilgiris,2017-02-05,0.0,0.0,0.3535190224647522,11.5,76.75
DEMO-NLG-001,Demo Nilgiris location A,11.41,76.69,Tamil Nadu,Nilgiris,2017-02-06,0.0,0.0,0.0,11.5,76.75
DEMO-NLG-001,Demo Nilgiris location A,11.41,76.69,Tamil Nadu,Nilgiris,2017-02-07,0.0,0.0,0.0,11.5,76.75
DEMO-NLG-001,Demo Nilgiris location A,11.41,76.69,Tamil Nadu,Nilgiris,2017-02-08,0.0,0.0,0.0,11.5,76.75
DEMO-NLG-001,Demo Nilgiris location A,11.41,76.69,Tamil Nadu,Nilgiris,2017-02-09,0.0,0.0,0.0,11.5,76.75
DEMO-NLG-001,Demo Nilgiris location A,11.41,76.69,Tamil Nadu,Nilgiris,2017-02-10,0.0,0.0,0.0,11.5,76.75
DEMO-NLG-001,Demo Nilgiris location A,11.41,76.69,Tamil Nadu,Nilgiris,2017-02-11,0.0,0.0,0.0,11.5,76.75
DEMO-NLG-001,Demo Nilgiris location A,11.41,76.69,Tamil Nadu,Nilgiris,2017-02-12,0.0,0.0,0.0,11.5,76.75
DEMO-NLG-001,Demo Nilgiris location A,11.41,76.69,Tamil Nadu,Nilgiris,2017-02-13,0.0,0.0,0.0,11.5,76.75
DEMO-NLG-001,Demo Nilgiris location A,11.41,76.69,Tamil Nadu,Nilgiris,2017-02-14,0.0,0.0,0.0,11.5,76.75
DEMO-NLG-001,Demo Nilgiris location A,11.41,76.69,Tamil Nadu,Nilgiris,2017-02-15,0.0,0.0,0.0,11.5,76.75
DEMO-NLG-001,Demo Nilgiris location A,11.41,76.69,Tamil Nadu,Nilgiris,2017-02-16,0.0,0.0,0.0,11.5,76.75
DEMO-NLG-001,Demo Nilgiris location A,11.41,76.69,Tamil Nadu,Nilgiris,2017-02-17,0.0,0.0,0.0,11.5,76.75
DEMO-NLG-001,Demo Nilgiris location A,11.41,76.69,Tamil Nadu,Nilgiris,2017-02-18,0.0,0.0,0.0,11.5,76.75
DEMO-NLG-001,Demo Nilgiris location A,11.41,76.69,Tamil Nadu,Nilgiris,2017-02-19,0.0,0.0,0.0,11.5,76.75
DEMO-NLG-001,Demo Nilgiris location A,11.41,76.69,Tamil Nadu,Nilgiris,2017-02-20,0.0,0.0,0.0,11.5,76.75
DEMO-NLG-001,Demo Nilgiris location A,11.41,76.69,Tamil Nadu,Nilgiris,2017-02-21,0.0,0.0,0.0,11.5,76.75
DEMO-NLG-001,Demo Nilgiris location A,11.41,76.69,Tamil Nadu,Nilgiris,2017-02-22,0.0,0.0,0.0,11.5,76.75
DEMO-NLG-001,Demo Nilgiris location A,11.41,76.69,Tamil Nadu,Nilgiris,2017-02-23,0.0,0.0,0.0,11.5,76.75
DEMO-NLG-001,Demo Nilgiris location A,11.41,76.69,Tamil Nadu,Nilgiris,2017-02-24,0.0,0.0,0.0,11.5,76.75
DEMO-NLG-001,Demo Nilgiris location A,11.41,76.69,Tamil Nadu,Nilgiris,2017-02-25,0.0,0.0,0.0,11.5,76.75
DEMO-NLG-001,Demo Nilgiris location A,11.41,76.69,Tamil Nadu,Nilgiris,2017-02-26,0.0,0.0,0.0,11.5,76.75
DEMO-NLG-001,Demo Nilgiris location A,11.41,76.69,Tamil Nadu,Nilgiris,2017-02-27,0.0,0.0,0.0,11.5,76.75
DEMO-NLG-001,Demo Nilgiris location A,11.41,76.69,Tamil Nadu,Nilgiris,2017-02-28,0.0,0.0,0.0,11.5,76.75
DEMO-NLG-001,Demo Nilgiris location A,11.41,76.69,Tamil Nadu,Nilgiris,2017-03-01,0.0,0.0,0.0,11.5,76.75
DEMO-NLG-001,Demo Nilgiris location A,11.41,76.69,Tamil Nadu,Nilgiris,2017-03-02,0.0,0.0,0.0,11.5,76.75
DEMO-NLG-001,Demo Nilgiris location A,11.41,76.69,Tamil Nadu,Nilgiris,2017-03-03,0.0,0.0,0.0,11.5,76.75
DEMO-NLG-001,Demo Nilgiris location A,11.41,76.69,Tamil Nadu,Nilgiris,2017-03-04,0.0,0.0,0.0,11.5,76.75
DEMO-NLG-001,Demo Nilgiris location A,11.41,76.69,Tamil Nadu,Nilgiris,2017-03-05,4.407796382904053,4.407796382904053,4.407796382904053,11.5,76.75
DEMO-NLG-001,Demo Nilgiris location A,11.41,76.69,Tamil Nadu,Nilgiris,2017-03-06,0.6692551374435425,5.077051520347595,5.077051520347595,11.5,76.75
DEMO-NLG-001,Demo Nilgiris location A,11.41,76.69,Tamil Nadu,Nilgiris,2017-03-07,13.040000915527344,18.11705243587494,18.11705243587494,11.5,76.75
DEMO-NLG-001,Demo Nilgiris location A,11.41,76.69,Tamil Nadu,Nilgiris,2017-03-08,2.0375895500183105,15.746845602989197,20.15464198589325,11.5,76.75
DEMO-NLG-001,Demo Nilgiris location A,11.41,76.69,Tamil Nadu,Nilgiris,2017-03-09,0.13256299495697021,15.210153460502625,20.28720498085022,11.5,76.75
DEMO-NLG-001,Demo Nilgiris location A,11.41,76.69,Tamil Nadu,Nilgiris,2017-03-10,3.0308315753936768,5.2009841203689575,23.318036556243896,11.5,76.75
DEMO-NLG-001,Demo Nilgiris location A,11.41,76.69,Tamil Nadu,Nilgiris,2017-03-11,3.4074008464813232,6.57079541683197,26.72543740272522,11.5,76.75
DEMO-NLG-001,Demo Nilgiris location A,11.41,76.69,Tamil Nadu,Nilgiris,2017-03-12,2.6988298892974854,9.137062311172485,25.016470909118652,11.5,76.75
DEMO-NLG-001,Demo Nilgiris location A,11.41,76.69,Tamil Nadu,Nilgiris,2017-03-13,0.0,6.106230735778809,24.34721577167511,11.5,76.75
DEMO-NLG-001,Demo Nilgiris location A,11.41,76.69,Tamil Nadu,Nilgiris,2017-03-14,3.1630489826202393,5.861878871917725,14.470263838768005,11.5,76.75
DEMO-NLG-001,Demo Nilgiris location A,11.41,76.69,Tamil Nadu,Nilgiris,2017-03-15,131.3484344482422,134.51148343086243,143.78110873699188,11.5,76.75
DEMO-NLG-001,Demo Nilgiris location A,11.41,76.69,Tamil Nadu,Nilgiris,2017-03-16,20.8944091796875,155.40589261054993,164.5429549217224,11.5,76.75
DEMO-NLG-001,Demo Nilgiris location A,11.41,76.69,Tamil Nadu,Nilgiris,2017-03-17,0.0,152.2428436279297,161.51212334632874,11.5,76.75
DEMO-NLG-001,Demo Nilgiris location A,11.41,76.69,Tamil Nadu,Nilgiris,2017-03-18,0.0,20.8944091796875,158.1047224998474,11.5,76.75
DEMO-NLG-001,Demo Nilgiris location A,11.41,76.69,Tamil Nadu,Nilgiris,2017-03-19,0.0,0.0,155.40589261054993,11.5,76.75
DEMO-NLG-001,Demo Nilgiris location A,11.41,76.69,Tamil Nadu,Nilgiris,2017-03-20,0.0,0.0,155.40589261054993,11.5,76.75
DEMO-NLG-001,Demo Nilgiris location A,11.41,76.69,Tamil Nadu,Nilgiris,2017-03-21,15.789894104003906,15.789894104003906,168.0327377319336,11.5,76.75
DEMO-NLG-001,Demo Nilgiris location A,11.41,76.69,Tamil Nadu,Nilgiris,2017-03-22,0.0,15.789894104003906,36.684303283691406,11.5,76.75
DEMO-NLG-001,Demo Nilgiris location A,11.41,76.69,Tamil Nadu,Nilgiris,2017-03-23,0.0,15.789894104003906,15.789894104003906,11.5,76.75
DEMO-NLG-001,Demo Nilgiris location A,11.41,76.69,Tamil Nadu,Nilgiris,2017-03-24,0.0,0.0,15.789894104003906,11.5,76.75
DEMO-NLG-001,Demo Nilgiris location A,11.41,76.69,Tamil Nadu,Nilgiris,2017-03-25,0.0,0.0,15.789894104003906,11.5,76.75
DEMO-NLG-001,Demo Nilgiris location A,11.41,76.69,Tamil Nadu,Nilgiris,2017-03-26,0.0,0.0,15.789894104003906,11.5,76.75
DEMO-NLG-001,Demo Nilgiris location A,11.41,76.69,Tamil Nadu,Nilgiris,2017-03-27,0.0,0.0,15.789894104003906,11.5,76.75
DEMO-NLG-001,Demo Nilgiris location A,11.41,76.69,Tamil Nadu,Nilgiris,2017-03-28,0.0,0.0,0.0,11.5,76.75
DEMO-NLG-001,Demo Nilgiris location A,11.41,76.69,Tamil Nadu,Nilgiris,2017-03-29,0.0,0.0,0.0,11.5,76.75
DEMO-NLG-001,Demo Nilgiris location A,11.41,76.69,Tamil Nadu,Nilgiris,2017-03-30,0.0,0.0,0.0,11.5,76.75
DEMO-NLG-001,Demo Nilgiris location A,11.41,76.69,Tamil Nadu,Nilgiris,2017-03-31,0.0,0.0,0.0,11.5,76.75
DEMO-NLG-001,Demo Nilgiris location A,11.41,76.69,Tamil Nadu,Nilgiris,2017-04-01,0.0,0.0,0.0,11.5,76.75
DEMO-NLG-001,Demo Nilgiris location A,11.41,76.69,Tamil Nadu,Nilgiris,2017-04-02,0.0,0.0,0.0,11.5,76.75
DEMO-NLG-001,Demo Nilgiris location A,11.41,76.69,Tamil Nadu,Nilgiris,2017-04-03,0.0,0.0,0.0,11.5,76.75
DEMO-NLG-001,Demo Nilgiris location A,11.41,76.69,Tamil Nadu,Nilgiris,2017-04-04,0.0,0.0,0.0,11.5,76.75
DEMO-NLG-001,Demo Nilgiris location A,11.41,76.69,Tamil Nadu,Nilgiris,2017-04-05,0.0,0.0,0.0,11.5,76.75
DEMO-NLG-001,Demo Nilgiris location A,11.41,76.69,Tamil Nadu,Nilgiris,2017-04-06,1.0258535146713257,1.0258535146713257,1.0258535146713257,11.5,76.75
DEMO-NLG-001,Demo Nilgiris location A,11.41,76.69,Tamil Nadu,Nilgiris,2017-04-07,14.506271362304688,15.532124876976013,15.532124876976013,11.5,76.75
DEMO-NLG-001,Demo Nilgiris location A,11.41,76.69,Tamil Nadu,Nilgiris,2017-04-08,0.0,15.532124876976013,15.532124876976013,11.5,76.75
DEMO-NLG-001,Demo Nilgiris location A,11.41,76.69,Tamil Nadu,Nilgiris,2017-04-09,0.0,14.506271362304688,15.532124876976013,11.5,76.75
DEMO-NLG-001,Demo Nilgiris location A,11.41,76.69,Tamil Nadu,Nilgiris,2017-04-10,0.0,0.0,15.532124876976013,11.5,76.75
DEMO-NLG-001,Demo Nilgiris location A,11.41,76.69,Tamil Nadu,Nilgiris,2017-04-11,0.1443876475095749,0.1443876475095749,15.676512524485588,11.5,76.75
DEMO-NLG-001,Demo Nilgiris location A,11.41,76.69,Tamil Nadu,Nilgiris,2017-04-12,0.0,0.1443876475095749,15.676512524485588,11.5,76.75
DEMO-NLG-001,Demo Nilgiris location A,11.41,76.69,Tamil Nadu,Nilgiris,2017-04-13,4.615389823913574,4.759777471423149,19.266048833727837,11.5,76.75
DEMO-NLG-001,Demo Nilgiris location A,11.41,76.69,Tamil Nadu,Nilgiris,2017-04-14,0.23569703102111816,4.851086854934692,4.995474502444267,11.5,76.75
DEMO-NLG-001,Demo Nilgiris location A,11.41,76.69,Tamil Nadu,Nilgiris,2017-04-15,0.0,4.851086854934692,4.995474502444267,11.5,76.75
DEMO-NLG-001,Demo Nilgiris location A,11.41,76.69,Tamil Nadu,Nilgiris,2017-04-16,0.0,0.23569703102111816,4.995474502444267,11.5,76.75
DEMO-NLG-001,Demo Nilgiris location A,11.41,76.69,Tamil Nadu,Nilgiris,2017-04-17,7.685068130493164,7.685068130493164,12.680542632937431,11.5,76.75
DEMO-NLG-001,Demo Nilgiris location A,11.41,76.69,Tamil Nadu,Nilgiris,2017-04-18,0.18564125895500183,7.870709389448166,12.721796244382858,11.5,76.75
DEMO-NLG-001,Demo Nilgiris location A,11.41,76.69,Tamil Nadu,Nilgiris,2017-04-19,9.220239639282227,17.090949028730392,21.942035883665085,11.5,76.75
DEMO-NLG-001,Demo Nilgiris location A,11.41,76.69,Tamil Nadu,Nilgiris,2017-04-20,0.12376084923744202,9.52964174747467,17.450406908988953,11.5,76.75
DEMO-NLG-001,Demo Nilgiris location A,11.41,76.69,Tamil Nadu,Nilgiris,2017-04-21,20.766965866088867,30.110966354608536,37.9816757440567,11.5,76.75
DEMO-NLG-001,Demo Nilgiris location A,11.41,76.69,Tamil Nadu,Nilgiris,2017-04-22,0.599755048751831,21.49048176407814,38.58143079280853,11.5,76.75
DEMO-NLG-001,Demo Nilgiris location A,11.41,76.69,Tamil Nadu,Nilgiris,2017-04-23,0.33140748739242554,21.698128402233124,38.91283828020096,11.5,76.75
DEMO-NLG-001,Demo Nilgiris location A,11.41,76.69,Tamil Nadu,Nilgiris,2017-04-24,0.0,0.9311625361442566,31.227770149707794,11.5,76.75
DEMO-NLG-001,Demo Nilgiris location A,11.41,76.69,Tamil Nadu,Nilgiris,2017-04-25,0.13256299495697021,0.46397048234939575,31.174691885709763,11.5,76.75
DEMO-NLG-001,Demo Nilgiris location A,11.41,76.69,Tamil Nadu,Nilgiris,2017-04-26,0.9988888502120972,1.1314518451690674,22.953341096639633,11.5,76.75
DEMO-NLG-001,Demo Nilgiris location A,11.41,76.69,Tamil Nadu,Nilgiris,2017-04-27,0.0,1.1314518451690674,22.82958024740219,11.5,76.75
DEMO-NLG-001,Demo Nilgiris location A,11.41,76.69,Tamil Nadu,Nilgiris,2017-04-28,0.0,0.9988888502120972,2.062614381313324,11.5,76.75
DEMO-NLG-001,Demo Nilgiris location A,11.41,76.69,Tamil Nadu,Nilgiris,2017-04-29,0.0,0.0,1.462859332561493,11.5,76.75
DEMO-NLG-001,Demo Nilgiris location A,11.41,76.69,Tamil Nadu,Nilgiris,2017-04-30,0.2681484818458557,0.2681484818458557,1.399600327014923,11.5,76.75
DEMO-NLG-001,Demo Nilgiris location A,11.41,76.69,Tamil Nadu,Nilgiris,2017-05-01,1.4019683599472046,1.6701168417930603,2.8015686869621277,11.5,76.75
DEMO-NLG-001,Demo Nilgiris location A,11.41,76.69,Tamil Nadu,Nilgiris,2017-05-02,18.22037696838379,19.89049381017685,20.889382660388947,11.5,76.75
DEMO-NLG-001,Demo Nilgiris location A,11.41,76.69,Tamil Nadu,Nilgiris,2017-05-03,0.0,19.622345328330994,19.89049381017685,11.5,76.75
DEMO-NLG-001,Demo Nilgiris location A,11.41,76.69,Tamil Nadu,Nilgiris,2017-05-04,0.0,18.22037696838379,19.89049381017685,11.5,76.75
DEMO-NLG-001,Demo Nilgiris location A,11.41,76.69,Tamil Nadu,Nilgiris,2017-05-05,0.0,0.0,19.89049381017685,11.5,76.75
DEMO-NLG-001,Demo Nilgiris location A,11.41,76.69,Tamil Nadu,Nilgiris,2017-05-06,0.0,0.0,19.89049381017685,11.5,76.75
DEMO-NLG-001,Demo Nilgiris location A,11.41,76.69,Tamil Nadu,Nilgiris,2017-05-07,7.045259475708008,7.045259475708008,26.667604804039,11.5,76.75
DEMO-NLG-001,Demo Nilgiris location A,11.41,76.69,Tamil Nadu,Nilgiris,2017-05-08,5.718766212463379,12.764025688171387,30.984402656555176,11.5,76.75
DEMO-NLG-001,Demo Nilgiris location A,11.41,76.69,Tamil Nadu,Nilgiris,2017-05-09,0.0,12.764025688171387,12.764025688171387,11.5,76.75
DEMO-NLG-001,Demo Nilgiris location A,11.41,76.69,Tamil Nadu,Nilgiris,2017-05-10,0.26512598991394043,5.983892202377319,13.029151678085327,11.5,76.75
DEMO-NLG-001,Demo Nilgiris location A,11.41,76.69,Tamil Nadu,Nilgiris,2017-05-11,4.177377223968506,4.442503213882446,17.206528902053833,11.5,76.75
DEMO-NLG-001,Demo Nilgiris location A,11.41,76.69,Tamil Nadu,Nilgiris,2017-05-12,0.0,4.442503213882446,17.206528902053833,11.5,76.75
DEMO-NLG-001,Demo Nilgiris location A,11.41,76.69,Tamil Nadu,Nilgiris,2017-05-13,9.315464973449707,13.492842197418213,26.52199387550354,11.5,76.75
DEMO-NLG-001,Demo Nilgiris location A,11.41,76.69,Tamil Nadu,Nilgiris,2017-05-14,8.634315490722656,17.949780464172363,28.11104989051819,11.5,76.75
DEMO-NLG-001,Demo Nilgiris location A,11.41,76.69,Tamil Nadu,Nilgiris,2017-05-15,4.936772346496582,22.886552810668945,27.32905602455139,11.5,76.75
DEMO-NLG-001,Demo Nilgiris location A,11.41,76.69,Tamil Nadu,Nilgiris,2017-05-16,0.0,13.571087837219238,27.32905602455139,11.5,76.75
DEMO-NLG-001,Demo Nilgiris location A,11.41,76.69,Tamil Nadu,Nilgiris,2017-05-17,0.0,4.936772346496582,27.06393003463745,11.5,76.75
DEMO-NLG-001,Demo Nilgiris location A,11.41,76.69,Tamil Nadu,Nilgiris,2017-05-18,0.0,0.0,22.886552810668945,11.5,76.75
DEMO-NLG-001,Demo Nilgiris location A,11.41,76.69,Tamil Nadu,Nilgiris,2017-05-19,9.26783561706543,9.26783561706543,32.154388427734375,11.5,76.75
DEMO-NLG-001,Demo Nilgiris location A,11.41,76.69,Tamil Nadu,Nilgiris,2017-05-20,0.0,9.26783561706543,22.838923454284668,11.5,76.75
DEMO-NLG-001,Demo Nilgiris location A,11.41,76.69,Tamil Nadu,Nilgiris,2017-05-21,35.8341178894043,45.10195350646973,50.03872585296631,11.5,76.75
DEMO-NLG-001,Demo Nilgiris location A,11.41,76.69,Tamil Nadu,Nilgiris,2017-05-22,2.393237590789795,38.22735548019409,47.49519109725952,11.5,76.75
DEMO-NLG-001,Demo Nilgiris location A,11.41,76.69,Tamil Nadu,Nilgiris,2017-05-23,14.457212448120117,52.68456792831421,61.95240354537964,11.5,76.75
DEMO-NLG-001,Demo Nilgiris location A,11.41,76.69,Tamil Nadu,Nilgiris,2017-05-24,0.0,16.850450038909912,61.95240354537964,11.5,76.75
DEMO-NLG-001,Demo Nilgiris location A,11.41,76.69,Tamil Nadu,Nilgiris,2017-05-25,16.66216278076172,31.119375228881836,78.61456632614136,11.5,76.75
DEMO-NLG-001,Demo Nilgiris location A,11.41,76.69,Tamil Nadu,Nilgiris,2017-05-26,6.187624931335449,22.849787712097168,75.53435564041138,11.5,76.75
DEMO-NLG-001,Demo Nilgiris location A,11.41,76.69,Tamil Nadu,Nilgiris,2017-05-27,8.013988494873047,30.863776206970215,83.54834413528442,11.5,76.75
DEMO-NLG-001,Demo Nilgiris location A,11.41,76.69,Tamil Nadu,Nilgiris,2017-05-28,0.19884449243545532,14.400457918643951,47.91307073831558,11.5,76.75
DEMO-NLG-001,Demo Nilgiris location A,11.41,76.69,Tamil Nadu,Nilgiris,2017-05-29,0.0,8.212832987308502,45.51983314752579,11.5,76.75
DEMO-NLG-001,Demo Nilgiris location A,11.41,76.69,Tamil Nadu,Nilgiris,2017-05-30,0.0,0.19884449243545532,31.06262069940567,11.5,76.75
DEMO-NLG-001,Demo Nilgiris location A,11.41,76.69,Tamil Nadu,Nilgiris,2017-05-31,0.6394309997558594,0.6394309997558594,31.70205169916153,11.5,76.75
DEMO-NLG-001,Demo Nilgiris location A,11.41,76.69,Tamil Nadu,Nilgiris,2017-06-01,9.105671882629395,9.745102882385254,24.145560801029205,11.5,76.75
DEMO-NLG-001,Demo Nilgiris location A,11.41,76.69,Tamil Nadu,Nilgiris,2017-06-02,1.4681037664413452,11.2132066488266,19.4260396361351,11.5,76.75
DEMO-NLG-001,Demo Nilgiris location A,11.41,76.69,Tamil Nadu,Nilgiris,2017-06-03,20.06406593322754,30.63784158229828,31.476117074489594,11.5,76.75
DEMO-NLG-001,Demo Nilgiris location A,11.41,76.69,Tamil Nadu,Nilgiris,2017-06-04,2.5774078369140625,24.109577536582947,33.8546804189682,11.5,76.75
DEMO-NLG-001,Demo Nilgiris location A,11.41,76.69,Tamil Nadu,Nilgiris,2017-06-05,0.0,22.6414737701416,33.8546804189682,11.5,76.75
DEMO-NLG-001,Demo Nilgiris location A,11.41,76.69,Tamil Nadu,Nilgiris,2017-06-06,11.056751251220703,13.634159088134766,44.911431670188904,11.5,76.75
DEMO-NLG-001,Demo Nilgiris location A,11.41,76.69,Tamil Nadu,Nilgiris,2017-06-07,5.960350513458252,17.017101764678955,50.232351183891296,11.5,76.75
DEMO-NLG-001,Demo Nilgiris location A,11.41,76.69,Tamil Nadu,Nilgiris,2017-06-08,10.133491516113281,27.150593280792236,51.26017081737518,11.5,76.75
DEMO-NLG-001,Demo Nilgiris location A,11.41,76.69,Tamil Nadu,Nilgiris,2017-06-09,0.0,16.093842029571533,49.79206705093384,11.5,76.75
DEMO-NLG-001,Demo Nilgiris location A,11.41,76.69,Tamil Nadu,Nilgiris,2017-06-10,0.0,10.133491516113281,29.7280011177063,11.5,76.75
DEMO-NLG-001,Demo Nilgiris location A,11.41,76.69,Tamil Nadu,Nilgiris,2017-06-11,6.49658203125,6.49658203125,33.647175312042236,11.5,76.75
DEMO-NLG-001,Demo Nilgiris location A,11.41,76.69,Tamil Nadu,Nilgiris,2017-06-12,0.5248675346374512,7.021449565887451,34.17204284667969,11.5,76.75
DEMO-NLG-001,Demo Nilgiris location A,11.41,76.69,Tamil Nadu,Nilgiris,2017-06-13,2.523613452911377,9.545063018798828,25.63890504837036,11.5,76.75
DEMO-NLG-001,Demo Nilgiris location A,11.41,76.69,Tamil Nadu,Nilgiris,2017-06-14,0.0,3.048480987548828,19.67855453491211,11.5,76.75
DEMO-NLG-001,Demo Nilgiris location A,11.41,76.69,Tamil Nadu,Nilgiris,2017-06-15,5.154815673828125,7.678429126739502,14.699878692626953,11.5,76.75
DEMO-NLG-001,Demo Nilgiris location A,11.41,76.69,Tamil Nadu,Nilgiris,2017-06-16,15.464447021484375,20.6192626953125,30.164325714111328,11.5,76.75
DEMO-NLG-001,Demo Nilgiris location A,11.41,76.69,Tamil Nadu,Nilgiris,2017-06-17,0.0,20.6192626953125,30.164325714111328,11.5,76.75
DEMO-NLG-001,Demo Nilgiris location A,11.41,76.69,Tamil Nadu,Nilgiris,2017-06-18,0.0,15.464447021484375,23.667743682861328,11.5,76.75
DEMO-NLG-001,Demo Nilgiris location A,11.41,76.69,Tamil Nadu,Nilgiris,2017-06-19,0.0,0.0,23.142876148223877,11.5,76.75
DEMO-NLG-001,Demo Nilgiris location A,11.41,76.69,Tamil Nadu,Nilgiris,2017-06-20,0.0,0.0,20.6192626953125,11.5,76.75
DEMO-NLG-001,Demo Nilgiris location A,11.41,76.69,Tamil Nadu,Nilgiris,2017-06-21,1.9330558776855469,1.9330558776855469,22.552318572998047,11.5,76.75
DEMO-NLG-001,Demo Nilgiris location A,11.41,76.69,Tamil Nadu,Nilgiris,2017-06-22,10.953983306884766,12.887039184570312,28.351486206054688,11.5,76.75
DEMO-NLG-001,Demo Nilgiris location A,11.41,76.69,Tamil Nadu,Nilgiris,2017-06-23,0.0,12.887039184570312,12.887039184570312,11.5,76.75
DEMO-NLG-001,Demo Nilgiris location A,11.41,76.69,Tamil Nadu,Nilgiris,2017-06-24,2.9163858890533447,13.87036919593811,15.803425073623657,11.5,76.75
DEMO-NLG-001,Demo Nilgiris location A,11.41,76.69,Tamil Nadu,Nilgiris,2017-06-25,2.3831069469451904,5.299492835998535,18.186532020568848,11.5,76.75
DEMO-NLG-001,Demo Nilgiris location A,11.41,76.69,Tamil Nadu,Nilgiris,2017-06-26,0.0,5.299492835998535,18.186532020568848,11.5,76.75
DEMO-NLG-001,Demo Nilgiris location A,11.41,76.69,Tamil Nadu,Nilgiris,2017-06-27,4.209881782531738,6.592988729476929,22.396413803100586,11.5,76.75
DEMO-NLG-001,Demo Nilgiris location A,11.41,76.69,Tamil Nadu,Nilgiris,2017-06-28,7.638571739196777,11.848453521728516,28.101929664611816,11.5,76.75
DEMO-NLG-001,Demo Nilgiris location A,11.41,76.69,Tamil Nadu,Nilgiris,2017-06-29,0.9680151343345642,12.81646865606308,18.115961492061615,11.5,76.75
DEMO-NLG-001,Demo Nilgiris location A,11.41,76.69,Tamil Nadu,Nilgiris,2017-06-30,0.12376084923744202,8.730347722768784,18.239722341299057,11.5,76.75
DEMO-NLG-001,Demo Nilgiris location A,11.41,76.69,Tamil Nadu,Nilgiris,2017-07-01,0.0,1.0917759835720062,15.323336452245712,11.5,76.75
DEMO-NLG-001,Demo Nilgiris location A,11.41,76.69,Tamil Nadu,Nilgiris,2017-07-02,0.31380316615104675,0.43756401538848877,13.254032671451569,11.5,76.75
DEMO-NLG-001,Demo Nilgiris location A,11.41,76.69,Tamil Nadu,Nilgiris,2017-07-03,1.3299576044082642,1.643760770559311,14.583990275859833,11.5,76.75
DEMO-NLG-001,Demo Nilgiris location A,11.41,76.69,Tamil Nadu,Nilgiris,2017-07-04,14.203866958618164,15.847627729177475,24.57797545194626,11.5,76.75
DEMO-NLG-001,Demo Nilgiris location A,11.41,76.69,Tamil Nadu,Nilgiris,2017-07-05,1.2055522203445435,16.73937678337097,18.144955933094025,11.5,76.75
DEMO-NLG-001,Demo Nilgiris location A,11.41,76.69,Tamil Nadu,Nilgiris,2017-07-06,0.0,15.409419178962708,17.17694079875946,11.5,76.75
DEMO-NLG-001,Demo Nilgiris location A,11.41,76.69,Tamil Nadu,Nilgiris,2017-07-07,0.0,1.2055522203445435,17.05317994952202,11.5,76.75
DEMO-NLG-001,Demo Nilgiris location A,11.41,76.69,Tamil Nadu,Nilgiris,2017-07-08,0.0,0.0,17.05317994952202,11.5,76.75
DEMO-NLG-001,Demo Nilgiris location A,11.41,76.69,Tamil Nadu,Nilgiris,2017-07-09,0.0,0.0,16.73937678337097,11.5,76.75
DEMO-NLG-001,Demo Nilgiris location A,11.41,76.69,Tamil Nadu,Nilgiris,2017-07-10,16.7716121673584,16.7716121673584,32.181031346321106,11.5,76.75
DEMO-NLG-001,Demo Nilgiris location A,11.41,76.69,Tamil Nadu,Nilgiris,2017-07-11,0.0,16.7716121673584,17.977164387702942,11.5,76.75
DEMO-NLG-001,Demo Nilgiris location A,11.41,76.69,Tamil Nadu,Nilgiris,2017-07-12,0.9466010332107544,17.718213200569153,17.718213200569153,11.5,76.75
DEMO-NLG-001,Demo Nilgiris location A,11.41,76.69,Tamil Nadu,Nilgiris,2017-07-13,0.0,0.9466010332107544,17.718213200569153,11.5,76.75
DEMO-NLG-001,Demo Nilgiris location A,11.41,76.69,Tamil Nadu,Nilgiris,2017-07-14,11.30874252319336,12.255343556404114,29.026955723762512,11.5,76.75
DEMO-NLG-001,Demo Nilgiris location A,11.41,76.69,Tamil Nadu,Nilgiris,2017-07-15,0.34303605556488037,11.65177857875824,29.369991779327393,11.5,76.75
DEMO-NLG-001,Demo Nilgiris location A,11.41,76.69,Tamil Nadu,Nilgiris,2017-07-16,0.0,11.65177857875824,29.369991779327393,11.5,76.75
DEMO-NLG-001,Demo Nilgiris location A,11.41,76.69,Tamil Nadu,Nilgiris,2017-07-17,0.0,0.34303605556488037,12.598379611968994,11.5,76.75
DEMO-NLG-001,Demo Nilgiris location A,11.41,76.69,Tamil Nadu,Nilgiris,2017-07-18,0.5156701803207397,0.5156701803207397,13.114049792289734,11.5,76.75
DEMO-NLG-001,Demo Nilgiris location A,11.41,76.69,Tamil Nadu,Nilgiris,2017-07-19,2.7509748935699463,3.266645073890686,14.918423652648926,11.5,76.75
DEMO-NLG-001,Demo Nilgiris location A,11.41,76.69,Tamil Nadu,Nilgiris,2017-07-20,5.592864513397217,8.859509587287903,20.511288166046143,11.5,76.75
DEMO-NLG-001,Demo Nilgiris location A,11.41,76.69,Tamil Nadu,Nilgiris,2017-07-21,1.1032054424285889,9.447044849395752,10.305751085281372,11.5,76.75
DEMO-NLG-001,Demo Nilgiris location A,11.41,76.69,Tamil Nadu,Nilgiris,2017-07-22,1.4949719905853271,8.191041946411133,11.457687020301819,11.5,76.75
DEMO-NLG-001,Demo Nilgiris location A,11.41,76.69,Tamil Nadu,Nilgiris,2017-07-23,0.0,2.598177433013916,11.457687020301819,11.5,76.75
DEMO-NLG-001,Demo Nilgiris location A,11.41,76.69,Tamil Nadu,Nilgiris,2017-07-24,0.13256299495697021,1.6275349855422974,11.590250015258789,11.5,76.75
DEMO-NLG-001,Demo Nilgiris location A,11.41,76.69,Tamil Nadu,Nilgiris,2017-07-25,0.18564125895500183,0.31820425391197205,11.260221093893051,11.5,76.75
DEMO-NLG-001,Demo Nilgiris location A,11.41,76.69,Tamil Nadu,Nilgiris,2017-07-26,0.0,0.31820425391197205,8.509246200323105,11.5,76.75
DEMO-NLG-001,Demo Nilgiris location A,11.41,76.69,Tamil Nadu,Nilgiris,2017-07-27,0.0,0.18564125895500183,2.916381686925888,11.5,76.75
DEMO-NLG-001,Demo Nilgiris location A,11.41,76.69,Tamil Nadu,Nilgiris,2017-07-28,0.18564125895500183,0.18564125895500183,1.998817503452301,11.5,76.75
DEMO-NLG-001,Demo Nilgiris location A,11.41,76.69,Tamil Nadu,Nilgiris,2017-07-29,0.0,0.18564125895500183,0.5038455128669739,11.5,76.75
DEMO-NLG-001,Demo Nilgiris location A,11.41,76.69,Tamil Nadu,Nilgiris,2017-07-30,1.4581929445266724,1.6438342034816742,1.9620384573936462,11.5,76.75
DEMO-NLG-001,Demo Nilgiris location A,11.41,76.69,Tamil Nadu,Nilgiris,2017-07-31,1.5470105409622192,3.0052034854888916,3.3764860033988953,11.5,76.75
DEMO-NLG-001,Demo Nilgiris location A,11.41,76.69,Tamil Nadu,Nilgiris,2017-08-01,1.4081372022628784,4.41334068775177,4.598981946706772,11.5,76.75
DEMO-NLG-001,Demo Nilgiris location A,11.41,76.69,Tamil Nadu,Nilgiris,2017-08-02,16.96636962890625,19.921517372131348,21.565351575613022,11.5,76.75
DEMO-NLG-001,Demo Nilgiris location A,11.41,76.69,Tamil Nadu,Nilgiris,2017-08-03,0.13256299495697021,18.5070698261261,21.697914570569992,11.5,76.75
DEMO-NLG-001,Demo Nilgiris location A,11.41,76.69,Tamil Nadu,Nilgiris,2017-08-04,0.10313403606414795,17.202066659927368,21.615407347679138,11.5,76.75
DEMO-NLG-001,Demo Nilgiris location A,11.41,76.69,Tamil Nadu,Nilgiris,2017-08-05,1.570048213005066,1.805745244026184,23.185455560684204,11.5,76.75
DEMO-NLG-001,Demo Nilgiris location A,11.41,76.69,Tamil Nadu,Nilgiris,2017-08-06,2.539520740509033,4.212702989578247,24.266783356666565,11.5,76.75
DEMO-NLG-001,Demo Nilgiris location A,11.41,76.69,Tamil Nadu,Nilgiris,2017-08-07,0.5332744717597961,4.642843425273895,23.253047287464142,11.5,76.75
DEMO-NLG-001,Demo Nilgiris location A,11.41,76.69,Tamil Nadu,Nilgiris,2017-08-08,1.1426191329956055,4.215414345264435,22.98752921819687,11.5,76.75
DEMO-NLG-001,Demo Nilgiris location A,11.41,76.69,Tamil Nadu,Nilgiris,2017-08-09,0.0,1.6758936047554016,6.021159589290619,11.5,76.75
DEMO-NLG-001,Demo Nilgiris location A,11.41,76.69,Tamil Nadu,Nilgiris,2017-08-10,5.80642032623291,6.949039459228516,11.695016920566559,11.5,76.75
DEMO-NLG-001,Demo Nilgiris location A,11.41,76.69,Tamil Nadu,Nilgiris,2017-08-11,0.13256299495697021,5.93898332118988,11.724445879459381,11.5,76.75
DEMO-NLG-001,Demo Nilgiris location A,11.41,76.69,Tamil Nadu,Nilgiris,2017-08-12,0.0,5.93898332118988,10.154397666454315,11.5,76.75
DEMO-NLG-001,Demo Nilgiris location A,11.41,76.69,Tamil Nadu,Nilgiris,2017-08-13,0.12376084923744202,0.25632384419441223,7.738637775182724,11.5,76.75
DEMO-NLG-001,Demo Nilgiris location A,11.41,76.69,Tamil Nadu,Nilgiris,2017-08-14,0.13256299495697021,0.25632384419441223,7.337926298379898,11.5,76.75
DEMO-NLG-001,Demo Nilgiris location A,11.41,76.69,Tamil Nadu,Nilgiris,2017-08-15,5.082157135009766,5.338480979204178,11.277464300394058,11.5,76.75
DEMO-NLG-001,Demo Nilgiris location A,11.41,76.69,Tamil Nadu,Nilgiris,2017-08-16,1.9421626329421997,7.1568827629089355,13.219626933336258,11.5,76.75
DEMO-NLG-001,Demo Nilgiris location A,11.41,76.69,Tamil Nadu,Nilgiris,2017-08-17,2.430413007736206,9.454732775688171,9.843619614839554,11.5,76.75
DEMO-NLG-001,Demo Nilgiris location A,11.41,76.69,Tamil Nadu,Nilgiris,2017-08-18,0.35564807057380676,4.7282237112522125,10.06670469045639,11.5,76.75
DEMO-NLG-001,Demo Nilgiris location A,11.41,76.69,Tamil Nadu,Nilgiris,2017-08-19,1.9390496015548706,4.725110679864883,12.005754292011261,11.5,76.75
DEMO-NLG-001,Demo Nilgiris location A,11.41,76.69,Tamil Nadu,Nilgiris,2017-08-20,1.5765691995620728,3.87126687169075,13.458562642335892,11.5,76.75
DEMO-NLG-001,Demo Nilgiris location A,11.41,76.69,Tamil Nadu,Nilgiris,2017-08-21,7.157232761383057,10.6728515625,20.483232408761978,11.5,76.75
DEMO-NLG-001,Demo Nilgiris location A,11.41,76.69,Tamil Nadu,Nilgiris,2017-08-22,2.8913536071777344,11.625155568122864,18.292428880929947,11.5,76.75
DEMO-NLG-001,Demo Nilgiris location A,11.41,76.69,Tamil Nadu,Nilgiris,2017-08-23,0.0,10.048586368560791,16.350266247987747,11.5,76.75
DEMO-NLG-001,Demo Nilgiris location A,11.41,76.69,Tamil Nadu,Nilgiris,2017-08-24,2.118697166442871,5.0100507736206055,16.038550406694412,11.5,76.75
DEMO-NLG-001,Demo Nilgiris location A,11.41,76.69,Tamil Nadu,Nilgiris,2017-08-25,0.10313403606414795,2.221831202507019,15.786036372184753,11.5,76.75
DEMO-NLG-001,Demo Nilgiris location A,11.41,76.69,Tamil Nadu,Nilgiris,2017-08-26,0.0,2.221831202507019,13.846986770629883,11.5,76.75
DEMO-NLG-001,Demo Nilgiris location A,11.41,76.69,Tamil Nadu,Nilgiris,2017-08-27,0.18564125895500183,0.2887752950191498,12.456058830022812,11.5,76.75
DEMO-NLG-001,Demo Nilgiris location A,11.41,76.69,Tamil Nadu,Nilgiris,2017-08-28,3.84379243850708,4.029433697462082,9.142618507146835,11.5,76.75
DEMO-NLG-001,Demo Nilgiris location A,11.41,76.69,Tamil Nadu,Nilgiris,2017-08-29,4.409389019012451,8.438822716474533,10.660653918981552,11.5,76.75
DEMO-NLG-001,Demo Nilgiris location A,11.41,76.69,Tamil Nadu,Nilgiris,2017-08-30,4.388028144836426,12.641209602355957,15.048682063817978,11.5,76.75
DEMO-NLG-001,Demo Nilgiris location A,11.41,76.69,Tamil Nadu,Nilgiris,2017-08-31,0.0,8.797417163848877,12.929984897375107,11.5,76.75
DEMO-NLG-001,Demo Nilgiris location A,11.41,76.69,Tamil Nadu,Nilgiris,2017-09-01,0.0,4.388028144836426,12.826850861310959,11.5,76.75
DEMO-NLG-001,Demo Nilgiris location A,11.41,76.69,Tamil Nadu,Nilgiris,2017-09-02,3.4782447814941406,3.4782447814941406,16.3050956428051,11.5,76.75
DEMO-NLG-001,Demo Nilgiris location A,11.41,76.69,Tamil Nadu,Nilgiris,2017-09-03,30.76987648010254,34.24812126159668,46.88933086395264,11.5,76.75
DEMO-NLG-001,Demo Nilgiris location A,11.41,76.69,Tamil Nadu,Nilgiris,2017-09-04,7.273512363433838,41.52163362503052,50.319050788879395,11.5,76.75
DEMO-NLG-001,Demo Nilgiris location A,11.41,76.69,Tamil Nadu,Nilgiris,2017-09-05,24.656492233276367,62.699881076812744,70.56615400314331,11.5,76.75
DEMO-NLG-001,Demo Nilgiris location A,11.41,76.69,Tamil Nadu,Nilgiris,2017-09-06,25.073923110961914,57.00392770767212,91.2520489692688,11.5,76.75
DEMO-NLG-001,Demo Nilgiris location A,11.41,76.69,Tamil Nadu,Nilgiris,2017-09-07,0.6443519592285156,50.3747673034668,91.89640092849731,11.5,76.75
DEMO-NLG-001,Demo Nilgiris location A,11.41,76.69,Tamil Nadu,Nilgiris,2017-09-08,25.112899780273438,50.83117485046387,117.00930070877075,11.5,76.75
DEMO-NLG-001,Demo Nilgiris location A,11.41,76.69,Tamil Nadu,Nilgiris,2017-09-09,35.03459167480469,60.79184341430664,148.5656476020813,11.5,76.75
DEMO-NLG-001,Demo Nilgiris location A,11.41,76.69,Tamil Nadu,Nilgiris,2017-09-10,3.18131160736084,63.328803062438965,120.9770827293396,11.5,76.75
DEMO-NLG-001,Demo Nilgiris location A,11.41,76.69,Tamil Nadu,Nilgiris,2017-09-11,34.15107345581055,72.36697673797607,147.8546438217163,11.5,76.75
DEMO-NLG-001,Demo Nilgiris location A,11.41,76.69,Tamil Nadu,Nilgiris,2017-09-12,11.850241661071777,49.182626724243164,135.04839324951172,11.5,76.75
DEMO-NLG-001,Demo Nilgiris location A,11.41,76.69,Tamil Nadu,Nilgiris,2017-09-13,8.27523136138916,54.276546478271484,118.24970149993896,11.5,76.75
DEMO-NLG-001,Demo Nilgiris location A,11.41,76.69,Tamil Nadu,Nilgiris,2017-09-14,29.367752075195312,49.49322509765625,146.97310161590576,11.5,76.75
DEMO-NLG-001,Demo Nilgiris location A,11.41,76.69,Tamil Nadu,Nilgiris,2017-09-15,11.056295394897461,48.699278831481934,132.91649723052979,11.5,76.75
DEMO-NLG-001,Demo Nilgiris location A,11.41,76.69,Tamil Nadu,Nilgiris,2017-09-16,0.0,40.42404747009277,97.8819055557251,11.5,76.75
DEMO-NLG-001,Demo Nilgiris location A,11.41,76.69,Tamil Nadu,Nilgiris,2017-09-17,12.651721954345703,23.708017349243164,107.35231590270996,11.5,76.75
DEMO-NLG-001,Demo Nilgiris location A,11.41,76.69,Tamil Nadu,Nilgiris,2017-09-18,11.815475463867188,24.46719741821289,85.0167179107666,11.5,76.75
DEMO-NLG-001,Demo Nilgiris location A,11.41,76.69,Tamil Nadu,Nilgiris,2017-09-19,1.3599244356155396,25.82712185382843,74.52640068531036,11.5,76.75
DEMO-NLG-001,Demo Nilgiris location A,11.41,76.69,Tamil Nadu,Nilgiris,2017-09-20,1.8586348295211792,15.034034729003906,68.10980415344238,11.5,76.75
DEMO-NLG-001,Demo Nilgiris location A,11.41,76.69,Tamil Nadu,Nilgiris,2017-09-21,0.0,3.2185592651367188,38.74205207824707,11.5,76.75
DEMO-NLG-001,Demo Nilgiris location A,11.41,76.69,Tamil Nadu,Nilgiris,2017-09-22,1.2066681385040283,3.0653029680252075,28.892424821853638,11.5,76.75
DEMO-NLG-001,Demo Nilgiris location A,11.41,76.69,Tamil Nadu,Nilgiris,2017-09-23,0.23990203440189362,1.446570172905922,29.13232685625553,11.5,76.75
DEMO-NLG-001,Demo Nilgiris location A,11.41,76.69,Tamil Nadu,Nilgiris,2017-09-24,0.0,1.446570172905922,16.480604901909828,11.5,76.75
DEMO-NLG-001,Demo Nilgiris location A,11.41,76.69,Tamil Nadu,Nilgiris,2017-09-25,27.040996551513672,27.280898585915565,31.706125989556313,11.5,76.75
DEMO-NLG-001,Demo Nilgiris location A,11.41,76.69,Tamil Nadu,Nilgiris,2017-09-26,7.834341049194336,34.87533760070801,38.18054260313511,11.5,76.75
DEMO-NLG-001,Demo Nilgiris location A,11.41,76.69,Tamil Nadu,Nilgiris,2017-09-27,1.2755742073059082,36.150911808013916,37.59748198091984,11.5,76.75
DEMO-NLG-001,Demo Nilgiris location A,11.41,76.69,Tamil Nadu,Nilgiris,2017-09-28,13.804451942443848,22.914367198944092,51.401933923363686,11.5,76.75
DEMO-NLG-001,Demo Nilgiris location A,11.41,76.69,Tamil Nadu,Nilgiris,2017-09-29,0.24752169847488403,15.32754784822464,50.44278748333454,11.5,76.75
DEMO-NLG-001,Demo Nilgiris location A,11.41,76.69,Tamil Nadu,Nilgiris,2017-09-30,0.0,14.051973640918732,50.20288544893265,11.5,76.75
DEMO-NLG-001,Demo Nilgiris location A,11.41,76.69,Tamil Nadu,Nilgiris,2017-10-01,1.9330558776855469,2.180577576160431,52.135941326618195,11.5,76.75
DEMO-NLG-001,Demo Nilgiris location A,11.41,76.69,Tamil Nadu,Nilgiris,2017-10-02,2.7755544185638428,4.70861029624939,27.870499193668365,11.5,76.75
DEMO-NLG-001,Demo Nilgiris location A,11.41,76.69,Tamil Nadu,Nilgiris,2017-10-03,0.0,4.70861029624939,20.03615814447403,11.5,76.75
DEMO-NLG-001,Demo Nilgiris location A,11.41,76.69,Tamil Nadu,Nilgiris,2017-10-04,1.1138476133346558,3.8894020318984985,19.874431550502777,11.5,76.75
DEMO-NLG-001,Demo Nilgiris location A,11.41,76.69,Tamil Nadu,Nilgiris,2017-10-05,5.590821743011475,6.70466935634613,11.660801351070404,11.5,76.75
DEMO-NLG-001,Demo Nilgiris location A,11.41,76.69,Tamil Nadu,Nilgiris,2017-10-06,10.323933601379395,17.028602957725525,21.737213253974915,11.5,76.75
DEMO-NLG-001,Demo Nilgiris location A,11.41,76.69,Tamil Nadu,Nilgiris,2017-10-07,3.0989420413970947,19.013697385787964,24.83615529537201,11.5,76.75
DEMO-NLG-001,Demo Nilgiris location A,11.41,76.69,Tamil Nadu,Nilgiris,2017-10-08,4.735072612762451,18.15794825553894,27.638172030448914,11.5,76.75
DEMO-NLG-001,Demo Nilgiris location A,11.41,76.69,Tamil Nadu,Nilgiris,2017-10-09,1.474345088005066,9.308359742164612,26.336962699890137,11.5,76.75
DEMO-NLG-001,Demo Nilgiris location A,11.41,76.69,Tamil Nadu,Nilgiris,2017-10-10,0.0,6.209417700767517,26.336962699890137,11.5,76.75
DEMO-NLG-001,Demo Nilgiris location A,11.41,76.69,Tamil Nadu,Nilgiris,2017-10-11,8.201794624328613,9.67613971233368,33.424909710884094,11.5,76.75
DEMO-NLG-001,Demo Nilgiris location A,11.41,76.69,Tamil Nadu,Nilgiris,2017-10-12,29.68256378173828,37.884358406066895,57.5166517496109,11.5,76.75
DEMO-NLG-001,Demo Nilgiris location A,11.41,76.69,Tamil Nadu,Nilgiris,2017-10-13,1.0699665546417236,38.95432496070862,48.26268470287323,11.5,76.75
DEMO-NLG-001,Demo Nilgiris location A,11.41,76.69,Tamil Nadu,Nilgiris,2017-10-14,11.794469833374023,42.54700016975403,56.95821249485016,11.5,76.75
DEMO-NLG-001,Demo Nilgiris location A,11.41,76.69,Tamil Nadu,Nilgiris,2017-10-15,9.0166654586792,21.881101846694946,61.23980534076691,11.5,76.75
DEMO-NLG-001,Demo Nilgiris location A,11.41,76.69,Tamil Nadu,Nilgiris,2017-10-16,0.12376084923744202,20.934896141290665,59.88922110199928,11.5,76.75
DEMO-NLG-001,Demo Nilgiris location A,11.41,76.69,Tamil Nadu,Nilgiris,2017-10-17,0.10313403606414795,9.24356034398079,59.99235513806343,11.5,76.75
DEMO-NLG-001,Demo Nilgiris location A,11.41,76.69,Tamil Nadu,Nilgiris,2017-10-18,0.0,0.22689488530158997,51.79056051373482,11.5,76.75
DEMO-NLG-001,Demo Nilgiris location A,11.41,76.69,Tamil Nadu,Nilgiris,2017-10-19,0.0,0.10313403606414795,22.107996731996536,11.5,76.75
DEMO-NLG-001,Demo Nilgiris location A,11.41,76.69,Tamil Nadu,Nilgiris,2017-10-20,0.0,0.0,21.038030177354813,11.5,76.75
DEMO-NLG-001,Demo Nilgiris location A,11.41,76.69,Tamil Nadu,Nilgiris,2017-10-21,0.0,0.0,9.24356034398079,11.5,76.75
DEMO-NLG-001,Demo Nilgiris location A,11.41,76.69,Tamil Nadu,Nilgiris,2017-10-22,0.34303605556488037,0.34303605556488037,0.5699309408664703,11.5,76.75
DEMO-NLG-001,Demo Nilgiris location A,11.41,76.69,Tamil Nadu,Nilgiris,2017-10-23,0.0,0.34303605556488037,0.4461700916290283,11.5,76.75
DEMO-NLG-001,Demo Nilgiris location A,11.41,76.69,Tamil Nadu,Nilgiris,2017-10-24,0.0,0.34303605556488037,0.34303605556488037,11.5,76.75
DEMO-NLG-001,Demo Nilgiris location A,11.41,76.69,Tamil Nadu,Nilgiris,2017-10-25,0.0,0.0,0.34303605556488037,11.5,76.75
DEMO-NLG-001,Demo Nilgiris location A,11.41,76.69,Tamil Nadu,Nilgiris,2017-10-26,24.076051712036133,24.076051712036133,24.419087767601013,11.5,76.75
DEMO-NLG-001,Demo Nilgiris location A,11.41,76.69,Tamil Nadu,Nilgiris,2017-10-27,0.9279409646987915,25.003992676734924,25.347028732299805,11.5,76.75
DEMO-NLG-001,Demo Nilgiris location A,11.41,76.69,Tamil Nadu,Nilgiris,2017-10-28,25.2904109954834,50.29440367221832,50.6374397277832,11.5,76.75
DEMO-NLG-001,Demo Nilgiris location A,11.41,76.69,Tamil Nadu,Nilgiris,2017-10-29,0.39768898487091064,26.6160409450531,50.69209265708923,11.5,76.75
DEMO-NLG-001,Demo Nilgiris location A,11.41,76.69,Tamil Nadu,Nilgiris,2017-10-30,0.0,25.68809998035431,50.69209265708923,11.5,76.75
DEMO-NLG-001,Demo Nilgiris location A,11.41,76.69,Tamil Nadu,Nilgiris,2017-10-31,1.140254020690918,1.5379430055618286,51.83234667778015,11.5,76.75
DEMO-NLG-001,Demo Nilgiris location A,11.41,76.69,Tamil Nadu,Nilgiris,2017-11-01,2.387422561645508,3.527676582336426,54.21976923942566,11.5,76.75
DEMO-NLG-001,Demo Nilgiris location A,11.41,76.69,Tamil Nadu,Nilgiris,2017-11-02,5.161329746246338,8.689006328582764,35.305047273635864,11.5,76.75
DEMO-NLG-001,Demo Nilgiris location A,11.41,76.69,Tamil Nadu,Nilgiris,2017-11-03,3.8752024173736572,11.423954725265503,38.25230872631073,11.5,76.75
DEMO-NLG-001,Demo Nilgiris location A,11.41,76.69,Tamil Nadu,Nilgiris,2017-11-04,0.0,9.036532163619995,12.961897730827332,11.5,76.75
DEMO-NLG-001,Demo Nilgiris location A,11.41,76.69,Tamil Nadu,Nilgiris,2017-11-05,28.904090881347656,32.77929329872131,41.46829962730408,11.5,76.75
DEMO-NLG-001,Demo Nilgiris location A,11.41,76.69,Tamil Nadu,Nilgiris,2017-11-06,4.033633708953857,32.937724590301514,45.501933336257935,11.5,76.75
DEMO-NLG-001,Demo Nilgiris location A,11.41,76.69,Tamil Nadu,Nilgiris,2017-11-07,41.815155029296875,74.75287961959839,86.17683434486389,11.5,76.75
DEMO-NLG-001,Demo Nilgiris location A,11.41,76.69,Tamil Nadu,Nilgiris,2017-11-08,10.163938522338867,56.0127272605896,93.95335030555725,11.5,76.75
DEMO-NLG-001,Demo Nilgiris location A,11.41,76.69,Tamil Nadu,Nilgiris,2017-11-09,6.319571018218994,58.298664569854736,95.11159157752991,11.5,76.75
DEMO-NLG-001,Demo Nilgiris location A,11.41,76.69,Tamil Nadu,Nilgiris,2017-11-10,0.0,16.48350954055786,91.23638916015625,11.5,76.75
DEMO-NLG-001,Demo Nilgiris location A,11.41,76.69,Tamil Nadu,Nilgiris,2017-11-11,0.0,6.319571018218994,91.23638916015625,11.5,76.75
DEMO-NLG-001,Demo Nilgiris location A,11.41,76.69,Tamil Nadu,Nilgiris,2017-11-12,0.0,0.0,62.332298278808594,11.5,76.75
DEMO-NLG-001,Demo Nilgiris location A,11.41,76.69,Tamil Nadu,Nilgiris,2017-11-13,0.0,0.0,58.298664569854736,11.5,76.75
DEMO-NLG-001,Demo Nilgiris location A,11.41,76.69,Tamil Nadu,Nilgiris,2017-11-14,0.0,0.0,16.48350954055786,11.5,76.75
DEMO-NLG-001,Demo Nilgiris location A,11.41,76.69,Tamil Nadu,Nilgiris,2017-11-15,0.0,0.0,6.319571018218994,11.5,76.75
DEMO-NLG-001,Demo Nilgiris location A,11.41,76.69,Tamil Nadu,Nilgiris,2017-11-16,0.5277844667434692,0.5277844667434692,0.5277844667434692,11.5,76.75
DEMO-NLG-001,Demo Nilgiris location A,11.41,76.69,Tamil Nadu,Nilgiris,2017-11-17,3.7763257026672363,4.304110169410706,4.304110169410706,11.5,76.75
DEMO-NLG-001,Demo Nilgiris location A,11.41,76.69,Tamil Nadu,Nilgiris,2017-11-18,36.98100662231445,41.28511679172516,41.28511679172516,11.5,76.75
DEMO-NLG-001,Demo Nilgiris location A,11.41,76.69,Tamil Nadu,Nilgiris,2017-11-19,5.04071569442749,45.79804801940918,46.32583248615265,11.5,76.75
DEMO-NLG-001,Demo Nilgiris location A,11.41,76.69,Tamil Nadu,Nilgiris,2017-11-20,1.5686002969741821,43.590322613716125,47.89443278312683,11.5,76.75
DEMO-NLG-001,Demo Nilgiris location A,11.41,76.69,Tamil Nadu,Nilgiris,2017-11-21,17.541790008544922,24.151105999946594,65.43622279167175,11.5,76.75
DEMO-NLG-001,Demo Nilgiris location A,11.41,76.69,Tamil Nadu,Nilgiris,2017-11-22,0.10605040192604065,19.216440707445145,65.5422731935978,11.5,76.75
DEMO-NLG-001,Demo Nilgiris location A,11.41,76.69,Tamil Nadu,Nilgiris,2017-11-23,0.0,17.647840410470963,65.01448872685432,11.5,76.75
DEMO-NLG-001,Demo Nilgiris location A,11.41,76.69,Tamil Nadu,Nilgiris,2017-11-24,0.0,0.10605040192604065,61.23816302418709,11.5,76.75
DEMO-NLG-001,Demo Nilgiris location A,11.41,76.69,Tamil Nadu,Nilgiris,2017-11-25,0.0,0.0,24.257156401872635,11.5,76.75
DEMO-NLG-001,Demo Nilgiris location A,11.41,76.69,Tamil Nadu,Nilgiris,2017-11-26,0.0,0.0,19.216440707445145,11.5,76.75
DEMO-NLG-001,Demo Nilgiris location A,11.41,76.69,Tamil Nadu,Nilgiris,2017-11-27,0.0,0.0,17.647840410470963,11.5,76.75
DEMO-NLG-001,Demo Nilgiris location A,11.41,76.69,Tamil Nadu,Nilgiris,2017-11-28,0.13256299495697021,0.13256299495697021,0.23861339688301086,11.5,76.75
DEMO-NLG-001,Demo Nilgiris location A,11.41,76.69,Tamil Nadu,Nilgiris,2017-11-29,0.0,0.13256299495697021,0.13256299495697021,11.5,76.75
DEMO-NLG-001,Demo Nilgiris location A,11.41,76.69,Tamil Nadu,Nilgiris,2017-11-30,3.7430315017700195,3.8755944967269897,3.8755944967269897,11.5,76.75
DEMO-NLG-001,Demo Nilgiris location A,11.41,76.69,Tamil Nadu,Nilgiris,2017-12-01,69.18521118164062,72.92824268341064,73.06080567836761,11.5,76.75
DEMO-NLG-001,Demo Nilgiris location A,11.41,76.69,Tamil Nadu,Nilgiris,2017-12-02,68.66706085205078,141.59530353546143,141.7278665304184,11.5,76.75
DEMO-NLG-001,Demo Nilgiris location A,11.41,76.69,Tamil Nadu,Nilgiris,2017-12-03,23.859010696411133,161.71128273010254,165.58687722682953,11.5,76.75
DEMO-NLG-001,Demo Nilgiris location A,11.41,76.69,Tamil Nadu,Nilgiris,2017-12-04,0.0,92.52607154846191,165.58687722682953,11.5,76.75
DEMO-NLG-001,Demo Nilgiris location A,11.41,76.69,Tamil Nadu,Nilgiris,2017-12-05,3.0840821266174316,26.943092823028564,168.53839635849,11.5,76.75
DEMO-NLG-001,Demo Nilgiris location A,11.41,76.69,Tamil Nadu,Nilgiris,2017-12-06,0.0,3.0840821266174316,168.53839635849,11.5,76.75
DEMO-NLG-001,Demo Nilgiris location A,11.41,76.69,Tamil Nadu,Nilgiris,2017-12-07,0.0,3.0840821266174316,164.79536485671997,11.5,76.75
DEMO-NLG-001,Demo Nilgiris location A,11.41,76.69,Tamil Nadu,Nilgiris,2017-12-08,0.0,0.0,95.61015367507935,11.5,76.75
DEMO-NLG-001,Demo Nilgiris location A,11.41,76.69,Tamil Nadu,Nilgiris,2017-12-09,0.0,0.0,26.943092823028564,11.5,76.75
DEMO-NLG-001,Demo Nilgiris location A,11.41,76.69,Tamil Nadu,Nilgiris,2017-12-10,0.0,0.0,3.0840821266174316,11.5,76.75
DEMO-NLG-001,Demo Nilgiris location A,11.41,76.69,Tamil Nadu,Nilgiris,2017-12-11,0.0,0.0,3.0840821266174316,11.5,76.75
DEMO-NLG-001,Demo Nilgiris location A,11.41,76.69,Tamil Nadu,Nilgiris,2017-12-12,0.0,0.0,0.0,11.5,76.75
DEMO-NLG-001,Demo Nilgiris location A,11.41,76.69,Tamil Nadu,Nilgiris,2017-12-13,0.0,0.0,0.0,11.5,76.75
DEMO-NLG-001,Demo Nilgiris location A,11.41,76.69,Tamil Nadu,Nilgiris,2017-12-14,15.93598747253418,15.93598747253418,15.93598747253418,11.5,76.75
DEMO-NLG-001,Demo Nilgiris location A,11.41,76.69,Tamil Nadu,Nilgiris,2017-12-15,1.2887039184570312,17.22469139099121,17.22469139099121,11.5,76.75
DEMO-NLG-001,Demo Nilgiris location A,11.41,76.69,Tamil Nadu,Nilgiris,2017-12-16,0.0,17.22469139099121,17.22469139099121,11.5,76.75
DEMO-NLG-001,Demo Nilgiris location A,11.41,76.69,Tamil Nadu,Nilgiris,2017-12-17,0.0,1.2887039184570312,17.22469139099121,11.5,76.75
DEMO-NLG-001,Demo Nilgiris location A,11.41,76.69,Tamil Nadu,Nilgiris,2017-12-18,0.0,0.0,17.22469139099121,11.5,76.75
DEMO-NLG-001,Demo Nilgiris location A,11.41,76.69,Tamil Nadu,Nilgiris,2017-12-19,0.0,0.0,17.22469139099121,11.5,76.75
DEMO-NLG-001,Demo Nilgiris location A,11.41,76.69,Tamil Nadu,Nilgiris,2017-12-20,0.0,0.0,17.22469139099121,11.5,76.75
DEMO-NLG-001,Demo Nilgiris location A,11.41,76.69,Tamil Nadu,Nilgiris,2017-12-21,0.0,0.0,1.2887039184570312,11.5,76.75
DEMO-NLG-001,Demo Nilgiris location A,11.41,76.69,Tamil Nadu,Nilgiris,2017-12-22,2.9750969409942627,2.9750969409942627,2.9750969409942627,11.5,76.75
DEMO-NLG-001,Demo Nilgiris location A,11.41,76.69,Tamil Nadu,Nilgiris,2017-12-23,0.0,2.9750969409942627,2.9750969409942627,11.5,76.75
DEMO-NLG-001,Demo Nilgiris location A,11.41,76.69,Tamil Nadu,Nilgiris,2017-12-24,0.0,2.9750969409942627,2.9750969409942627,11.5,76.75
DEMO-NLG-001,Demo Nilgiris location A,11.41,76.69,Tamil Nadu,Nilgiris,2017-12-25,0.0,0.0,2.9750969409942627,11.5,76.75
DEMO-NLG-001,Demo Nilgiris location A,11.41,76.69,Tamil Nadu,Nilgiris,2017-12-26,0.0,0.0,2.9750969409942627,11.5,76.75
DEMO-NLG-001,Demo Nilgiris location A,11.41,76.69,Tamil Nadu,Nilgiris,2017-12-27,0.0,0.0,2.9750969409942627,11.5,76.75
DEMO-NLG-001,Demo Nilgiris location A,11.41,76.69,Tamil Nadu,Nilgiris,2017-12-28,0.0,0.0,2.9750969409942627,11.5,76.75
DEMO-NLG-001,Demo Nilgiris location A,11.41,76.69,Tamil Nadu,Nilgiris,2017-12-29,0.0,0.0,0.0,11.5,76.75
DEMO-NLG-001,Demo Nilgiris location A,11.41,76.69,Tamil Nadu,Nilgiris,2017-12-30,0.0,0.0,0.0,11.5,76.75
DEMO-NLG-001,Demo Nilgiris location A,11.41,76.69,Tamil Nadu,Nilgiris,2017-12-31,0.0,0.0,0.0,11.5,76.75
DEMO-NLG-001,Demo Nilgiris location A,11.41,76.69,Tamil Nadu,Nilgiris,2019-01-01,0.0,,,11.5,76.75
DEMO-NLG-001,Demo Nilgiris location A,11.41,76.69,Tamil Nadu,Nilgiris,2019-01-02,0.0,,,11.5,76.75
DEMO-NLG-001,Demo Nilgiris location A,11.41,76.69,Tamil Nadu,Nilgiris,2019-01-03,0.0,0.0,,11.5,76.75
DEMO-NLG-001,Demo Nilgiris location A,11.41,76.69,Tamil Nadu,Nilgiris,2019-01-04,0.0,0.0,,11.5,76.75
DEMO-NLG-001,Demo Nilgiris location A,11.41,76.69,Tamil Nadu,Nilgiris,2019-01-05,0.0,0.0,,11.5,76.75
DEMO-NLG-001,Demo Nilgiris location A,11.41,76.69,Tamil Nadu,Nilgiris,2019-01-06,0.0,0.0,,11.5,76.75
DEMO-NLG-001,Demo Nilgiris location A,11.41,76.69,Tamil Nadu,Nilgiris,2019-01-07,0.0,0.0,0.0,11.5,76.75
DEMO-NLG-001,Demo Nilgiris location A,11.41,76.69,Tamil Nadu,Nilgiris,2019-01-08,0.0,0.0,0.0,11.5,76.75
DEMO-NLG-001,Demo Nilgiris location A,11.41,76.69,Tamil Nadu,Nilgiris,2019-01-09,0.0,0.0,0.0,11.5,76.75
DEMO-NLG-001,Demo Nilgiris location A,11.41,76.69,Tamil Nadu,Nilgiris,2019-01-10,0.0,0.0,0.0,11.5,76.75
DEMO-NLG-001,Demo Nilgiris location A,11.41,76.69,Tamil Nadu,Nilgiris,2019-01-11,0.0,0.0,0.0,11.5,76.75
DEMO-NLG-001,Demo Nilgiris location A,11.41,76.69,Tamil Nadu,Nilgiris,2019-01-12,0.0,0.0,0.0,11.5,76.75
DEMO-NLG-001,Demo Nilgiris location A,11.41,76.69,Tamil Nadu,Nilgiris,2019-01-13,0.0,0.0,0.0,11.5,76.75
DEMO-NLG-001,Demo Nilgiris location A,11.41,76.69,Tamil Nadu,Nilgiris,2019-01-14,0.0,0.0,0.0,11.5,76.75
DEMO-NLG-001,Demo Nilgiris location A,11.41,76.69,Tamil Nadu,Nilgiris,2019-01-15,0.0,0.0,0.0,11.5,76.75
DEMO-NLG-001,Demo Nilgiris location A,11.41,76.69,Tamil Nadu,Nilgiris,2019-01-16,0.0,0.0,0.0,11.5,76.75
DEMO-NLG-001,Demo Nilgiris location A,11.41,76.69,Tamil Nadu,Nilgiris,2019-01-17,0.0,0.0,0.0,11.5,76.75
DEMO-NLG-001,Demo Nilgiris location A,11.41,76.69,Tamil Nadu,Nilgiris,2019-01-18,0.0,0.0,0.0,11.5,76.75
DEMO-NLG-001,Demo Nilgiris location A,11.41,76.69,Tamil Nadu,Nilgiris,2019-01-19,0.0,0.0,0.0,11.5,76.75
DEMO-NLG-001,Demo Nilgiris location A,11.41,76.69,Tamil Nadu,Nilgiris,2019-01-20,0.0,0.0,0.0,11.5,76.75
DEMO-NLG-001,Demo Nilgiris location A,11.41,76.69,Tamil Nadu,Nilgiris,2019-01-21,0.0,0.0,0.0,11.5,76.75
DEMO-NLG-001,Demo Nilgiris location A,11.41,76.69,Tamil Nadu,Nilgiris,2019-01-22,0.0,0.0,0.0,11.5,76.75
DEMO-NLG-001,Demo Nilgiris location A,11.41,76.69,Tamil Nadu,Nilgiris,2019-01-23,0.0,0.0,0.0,11.5,76.75
DEMO-NLG-001,Demo Nilgiris location A,11.41,76.69,Tamil Nadu,Nilgiris,2019-01-24,0.0,0.0,0.0,11.5,76.75
DEMO-NLG-001,Demo Nilgiris location A,11.41,76.69,Tamil Nadu,Nilgiris,2019-01-25,0.0,0.0,0.0,11.5,76.75
DEMO-NLG-001,Demo Nilgiris location A,11.41,76.69,Tamil Nadu,Nilgiris,2019-01-26,0.0,0.0,0.0,11.5,76.75
DEMO-NLG-001,Demo Nilgiris location A,11.41,76.69,Tamil Nadu,Nilgiris,2019-01-27,0.0,0.0,0.0,11.5,76.75
DEMO-NLG-001,Demo Nilgiris location A,11.41,76.69,Tamil Nadu,Nilgiris,2019-01-28,0.0,0.0,0.0,11.5,76.75
DEMO-NLG-001,Demo Nilgiris location A,11.41,76.69,Tamil Nadu,Nilgiris,2019-01-29,0.0,0.0,0.0,11.5,76.75
DEMO-NLG-001,Demo Nilgiris location A,11.41,76.69,Tamil Nadu,Nilgiris,2019-01-30,0.0,0.0,0.0,11.5,76.75
DEMO-NLG-001,Demo Nilgiris location A,11.41,76.69,Tamil Nadu,Nilgiris,2019-01-31,0.0,0.0,0.0,11.5,76.75
DEMO-NLG-001,Demo Nilgiris location A,11.41,76.69,Tamil Nadu,Nilgiris,2019-02-01,0.0,0.0,0.0,11.5,76.75
DEMO-NLG-001,Demo Nilgiris location A,11.41,76.69,Tamil Nadu,Nilgiris,2019-02-02,0.0,0.0,0.0,11.5,76.75
DEMO-NLG-001,Demo Nilgiris location A,11.41,76.69,Tamil Nadu,Nilgiris,2019-02-03,0.0,0.0,0.0,11.5,76.75
DEMO-NLG-001,Demo Nilgiris location A,11.41,76.69,Tamil Nadu,Nilgiris,2019-02-04,0.0,0.0,0.0,11.5,76.75
DEMO-NLG-001,Demo Nilgiris location A,11.41,76.69,Tamil Nadu,Nilgiris,2019-02-05,0.0,0.0,0.0,11.5,76.75
DEMO-NLG-001,Demo Nilgiris location A,11.41,76.69,Tamil Nadu,Nilgiris,2019-02-06,0.0,0.0,0.0,11.5,76.75
DEMO-NLG-001,Demo Nilgiris location A,11.41,76.69,Tamil Nadu,Nilgiris,2019-02-07,0.0,0.0,0.0,11.5,76.75
DEMO-NLG-001,Demo Nilgiris location A,11.41,76.69,Tamil Nadu,Nilgiris,2019-02-08,0.0,0.0,0.0,11.5,76.75
DEMO-NLG-001,Demo Nilgiris location A,11.41,76.69,Tamil Nadu,Nilgiris,2019-02-09,0.0,0.0,0.0,11.5,76.75
DEMO-NLG-001,Demo Nilgiris location A,11.41,76.69,Tamil Nadu,Nilgiris,2019-02-10,0.0,0.0,0.0,11.5,76.75
DEMO-NLG-001,Demo Nilgiris location A,11.41,76.69,Tamil Nadu,Nilgiris,2019-02-11,1.3465220928192139,1.3465220928192139,1.3465220928192139,11.5,76.75
DEMO-NLG-001,Demo Nilgiris location A,11.41,76.69,Tamil Nadu,Nilgiris,2019-02-12,0.0,1.3465220928192139,1.3465220928192139,11.5,76.75
DEMO-NLG-001,Demo Nilgiris location A,11.41,76.69,Tamil Nadu,Nilgiris,2019-02-13,0.0,1.3465220928192139,1.3465220928192139,11.5,76.75
DEMO-NLG-001,Demo Nilgiris location A,11.41,76.69,Tamil Nadu,Nilgiris,2019-02-14,0.0,0.0,1.3465220928192139,11.5,76.75
DEMO-NLG-001,Demo Nilgiris location A,11.41,76.69,Tamil Nadu,Nilgiris,2019-02-15,0.0,0.0,1.3465220928192139,11.5,76.75
DEMO-NLG-001,Demo Nilgiris location A,11.41,76.69,Tamil Nadu,Nilgiris,2019-02-16,0.0,0.0,1.3465220928192139,11.5,76.75
DEMO-NLG-001,Demo Nilgiris location A,11.41,76.69,Tamil Nadu,Nilgiris,2019-02-17,0.0,0.0,1.3465220928192139,11.5,76.75
DEMO-NLG-001,Demo Nilgiris location A,11.41,76.69,Tamil Nadu,Nilgiris,2019-02-18,0.0,0.0,0.0,11.5,76.75
DEMO-NLG-001,Demo Nilgiris location A,11.41,76.69,Tamil Nadu,Nilgiris,2019-02-19,0.0,0.0,0.0,11.5,76.75
DEMO-NLG-001,Demo Nilgiris location A,11.41,76.69,Tamil Nadu,Nilgiris,2019-02-20,0.0,0.0,0.0,11.5,76.75
DEMO-NLG-001,Demo Nilgiris location A,11.41,76.69,Tamil Nadu,Nilgiris,2019-02-21,0.0,0.0,0.0,11.5,76.75
DEMO-NLG-001,Demo Nilgiris location A,11.41,76.69,Tamil Nadu,Nilgiris,2019-02-22,0.0,0.0,0.0,11.5,76.75
DEMO-NLG-001,Demo Nilgiris location A,11.41,76.69,Tamil Nadu,Nilgiris,2019-02-23,0.0,0.0,0.0,11.5,76.75
DEMO-NLG-001,Demo Nilgiris location A,11.41,76.69,Tamil Nadu,Nilgiris,2019-02-24,0.0,0.0,0.0,11.5,76.75
DEMO-NLG-001,Demo Nilgiris location A,11.41,76.69,Tamil Nadu,Nilgiris,2019-02-25,0.0,0.0,0.0,11.5,76.75
DEMO-NLG-001,Demo Nilgiris location A,11.41,76.69,Tamil Nadu,Nilgiris,2019-02-26,0.0,0.0,0.0,11.5,76.75
DEMO-NLG-001,Demo Nilgiris location A,11.41,76.69,Tamil Nadu,Nilgiris,2019-02-27,0.0,0.0,0.0,11.5,76.75
DEMO-NLG-001,Demo Nilgiris location A,11.41,76.69,Tamil Nadu,Nilgiris,2019-02-28,0.0,0.0,0.0,11.5,76.75
DEMO-NLG-001,Demo Nilgiris location A,11.41,76.69,Tamil Nadu,Nilgiris,2019-03-01,0.0,0.0,0.0,11.5,76.75
DEMO-NLG-001,Demo Nilgiris location A,11.41,76.69,Tamil Nadu,Nilgiris,2019-03-02,110.30152130126953,110.30152130126953,110.30152130126953,11.5,76.75
DEMO-NLG-001,Demo Nilgiris location A,11.41,76.69,Tamil Nadu,Nilgiris,2019-03-03,0.0,110.30152130126953,110.30152130126953,11.5,76.75
DEMO-NLG-001,Demo Nilgiris location A,11.41,76.69,Tamil Nadu,Nilgiris,2019-03-04,0.0,110.30152130126953,110.30152130126953,11.5,76.75
DEMO-NLG-001,Demo Nilgiris location A,11.41,76.69,Tamil Nadu,Nilgiris,2019-03-05,0.0,0.0,110.30152130126953,11.5,76.75
DEMO-NLG-001,Demo Nilgiris location A,11.41,76.69,Tamil Nadu,Nilgiris,2019-03-06,0.0,0.0,110.30152130126953,11.5,76.75
DEMO-NLG-001,Demo Nilgiris location A,11.41,76.69,Tamil Nadu,Nilgiris,2019-03-07,0.0,0.0,110.30152130126953,11.5,76.75
DEMO-NLG-001,Demo Nilgiris location A,11.41,76.69,Tamil Nadu,Nilgiris,2019-03-08,0.0,0.0,110.30152130126953,11.5,76.75
DEMO-NLG-001,Demo Nilgiris location A,11.41,76.69,Tamil Nadu,Nilgiris,2019-03-09,0.0,0.0,0.0,11.5,76.75
DEMO-NLG-001,Demo Nilgiris location A,11.41,76.69,Tamil Nadu,Nilgiris,2019-03-10,15.89906120300293,15.89906120300293,15.89906120300293,11.5,76.75
DEMO-NLG-001,Demo Nilgiris location A,11.41,76.69,Tamil Nadu,Nilgiris,2019-03-11,0.0,15.89906120300293,15.89906120300293,11.5,76.75
DEMO-NLG-001,Demo Nilgiris location A,11.41,76.69,Tamil Nadu,Nilgiris,2019-03-12,0.0,15.89906120300293,15.89906120300293,11.5,76.75
DEMO-NLG-001,Demo Nilgiris location A,11.41,76.69,Tamil Nadu,Nilgiris,2019-03-13,0.0,0.0,15.89906120300293,11.5,76.75
DEMO-NLG-001,Demo Nilgiris location A,11.41,76.69,Tamil Nadu,Nilgiris,2019-03-14,0.0,0.0,15.89906120300293,11.5,76.75
DEMO-NLG-001,Demo Nilgiris location A,11.41,76.69,Tamil Nadu,Nilgiris,2019-03-15,0.0,0.0,15.89906120300293,11.5,76.75
DEMO-NLG-001,Demo Nilgiris location A,11.41,76.69,Tamil Nadu,Nilgiris,2019-03-16,0.0,0.0,15.89906120300293,11.5,76.75
DEMO-NLG-001,Demo Nilgiris location A,11.41,76.69,Tamil Nadu,Nilgiris,2019-03-17,0.0,0.0,0.0,11.5,76.75
DEMO-NLG-001,Demo Nilgiris location A,11.41,76.69,Tamil Nadu,Nilgiris,2019-03-18,0.0,0.0,0.0,11.5,76.75
DEMO-NLG-001,Demo Nilgiris location A,11.41,76.69,Tamil Nadu,Nilgiris,2019-03-19,0.0,0.0,0.0,11.5,76.75
DEMO-NLG-001,Demo Nilgiris location A,11.41,76.69,Tamil Nadu,Nilgiris,2019-03-20,0.0,0.0,0.0,11.5,76.75
DEMO-NLG-001,Demo Nilgiris location A,11.41,76.69,Tamil Nadu,Nilgiris,2019-03-21,0.0,0.0,0.0,11.5,76.75
DEMO-NLG-001,Demo Nilgiris location A,11.41,76.69,Tamil Nadu,Nilgiris,2019-03-22,0.0,0.0,0.0,11.5,76.75
DEMO-NLG-001,Demo Nilgiris location A,11.41,76.69,Tamil Nadu,Nilgiris,2019-03-23,0.0,0.0,0.0,11.5,76.75
DEMO-NLG-001,Demo Nilgiris location A,11.41,76.69,Tamil Nadu,Nilgiris,2019-03-24,0.0,0.0,0.0,11.5,76.75
DEMO-NLG-001,Demo Nilgiris location A,11.41,76.69,Tamil Nadu,Nilgiris,2019-03-25,0.0,0.0,0.0,11.5,76.75
DEMO-NLG-001,Demo Nilgiris location A,11.41,76.69,Tamil Nadu,Nilgiris,2019-03-26,0.0,0.0,0.0,11.5,76.75
DEMO-NLG-001,Demo Nilgiris location A,11.41,76.69,Tamil Nadu,Nilgiris,2019-03-27,0.0,0.0,0.0,11.5,76.75
DEMO-NLG-001,Demo Nilgiris location A,11.41,76.69,Tamil Nadu,Nilgiris,2019-03-28,0.0,0.0,0.0,11.5,76.75
DEMO-NLG-001,Demo Nilgiris location A,11.41,76.69,Tamil Nadu,Nilgiris,2019-03-29,0.0,0.0,0.0,11.5,76.75
DEMO-NLG-001,Demo Nilgiris location A,11.41,76.69,Tamil Nadu,Nilgiris,2019-03-30,0.0,0.0,0.0,11.5,76.75
DEMO-NLG-001,Demo Nilgiris location A,11.41,76.69,Tamil Nadu,Nilgiris,2019-03-31,0.4105672240257263,0.4105672240257263,0.4105672240257263,11.5,76.75
DEMO-NLG-001,Demo Nilgiris location A,11.41,76.69,Tamil Nadu,Nilgiris,2019-04-01,0.0,0.4105672240257263,0.4105672240257263,11.5,76.75
DEMO-NLG-001,Demo Nilgiris location A,11.41,76.69,Tamil Nadu,Nilgiris,2019-04-02,0.0,0.4105672240257263,0.4105672240257263,11.5,76.75
DEMO-NLG-001,Demo Nilgiris location A,11.41,76.69,Tamil Nadu,Nilgiris,2019-04-03,0.0,0.0,0.4105672240257263,11.5,76.75
DEMO-NLG-001,Demo Nilgiris location A,11.41,76.69,Tamil Nadu,Nilgiris,2019-04-04,0.0,0.0,0.4105672240257263,11.5,76.75
DEMO-NLG-001,Demo Nilgiris location A,11.41,76.69,Tamil Nadu,Nilgiris,2019-04-05,0.0,0.0,0.4105672240257263,11.5,76.75
DEMO-NLG-001,Demo Nilgiris location A,11.41,76.69,Tamil Nadu,Nilgiris,2019-04-06,0.0,0.0,0.4105672240257263,11.5,76.75
DEMO-NLG-001,Demo Nilgiris location A,11.41,76.69,Tamil Nadu,Nilgiris,2019-04-07,0.0,0.0,0.0,11.5,76.75
DEMO-NLG-001,Demo Nilgiris location A,11.41,76.69,Tamil Nadu,Nilgiris,2019-04-08,0.0,0.0,0.0,11.5,76.75
DEMO-NLG-001,Demo Nilgiris location A,11.41,76.69,Tamil Nadu,Nilgiris,2019-04-09,0.0,0.0,0.0,11.5,76.75
DEMO-NLG-001,Demo Nilgiris location A,11.41,76.69,Tamil Nadu,Nilgiris,2019-04-10,0.0,0.0,0.0,11.5,76.75
DEMO-NLG-001,Demo Nilgiris location A,11.41,76.69,Tamil Nadu,Nilgiris,2019-04-11,0.0,0.0,0.0,11.5,76.75
DEMO-NLG-001,Demo Nilgiris location A,11.41,76.69,Tamil Nadu,Nilgiris,2019-04-12,0.0,0.0,0.0,11.5,76.75
DEMO-NLG-001,Demo Nilgiris location A,11.41,76.69,Tamil Nadu,Nilgiris,2019-04-13,0.0,0.0,0.0,11.5,76.75
DEMO-NLG-001,Demo Nilgiris location A,11.41,76.69,Tamil Nadu,Nilgiris,2019-04-14,0.0,0.0,0.0,11.5,76.75
DEMO-NLG-001,Demo Nilgiris location A,11.41,76.69,Tamil Nadu,Nilgiris,2019-04-15,0.0,0.0,0.0,11.5,76.75
DEMO-NLG-001,Demo Nilgiris location A,11.41,76.69,Tamil Nadu,Nilgiris,2019-04-16,0.0,0.0,0.0,11.5,76.75
DEMO-NLG-001,Demo Nilgiris location A,11.41,76.69,Tamil Nadu,Nilgiris,2019-04-17,0.0,0.0,0.0,11.5,76.75
DEMO-NLG-001,Demo Nilgiris location A,11.41,76.69,Tamil Nadu,Nilgiris,2019-04-18,27.41103744506836,27.41103744506836,27.41103744506836,11.5,76.75
DEMO-NLG-001,Demo Nilgiris location A,11.41,76.69,Tamil Nadu,Nilgiris,2019-04-19,17.414390563964844,44.8254280090332,44.8254280090332,11.5,76.75
DEMO-NLG-001,Demo Nilgiris location A,11.41,76.69,Tamil Nadu,Nilgiris,2019-04-20,3.1679654121398926,47.993393421173096,47.993393421173096,11.5,76.75
DEMO-NLG-001,Demo Nilgiris location A,11.41,76.69,Tamil Nadu,Nilgiris,2019-04-21,35.59339141845703,56.17574739456177,83.58678483963013,11.5,76.75
DEMO-NLG-001,Demo Nilgiris location A,11.41,76.69,Tamil Nadu,Nilgiris,2019-04-22,0.9900867938995361,39.75144362449646,84.57687163352966,11.5,76.75
DEMO-NLG-001,Demo Nilgiris location A,11.41,76.69,Tamil Nadu,Nilgiris,2019-04-23,3.3578290939331055,39.94130730628967,87.93470072746277,11.5,76.75
DEMO-NLG-001,Demo Nilgiris location A,11.41,76.69,Tamil Nadu,Nilgiris,2019-04-24,0.7517623901367188,5.09967827796936,88.68646311759949,11.5,76.75
DEMO-NLG-001,Demo Nilgiris location A,11.41,76.69,Tamil Nadu,Nilgiris,2019-04-25,0.0,4.109591484069824,61.27542567253113,11.5,76.75
DEMO-NLG-001,Demo Nilgiris location A,11.41,76.69,Tamil Nadu,Nilgiris,2019-04-26,0.0,0.7517623901367188,43.861035108566284,11.5,76.75
DEMO-NLG-001,Demo Nilgiris location A,11.41,76.69,Tamil Nadu,Nilgiris,2019-04-27,0.0,0.0,40.69306969642639,11.5,76.75
DEMO-NLG-001,Demo Nilgiris location A,11.41,76.69,Tamil Nadu,Nilgiris,2019-04-28,0.0,0.0,5.09967827796936,11.5,76.75
DEMO-NLG-001,Demo Nilgiris location A,11.41,76.69,Tamil Nadu,Nilgiris,2019-04-29,0.0,0.0,4.109591484069824,11.5,76.75
DEMO-NLG-001,Demo Nilgiris location A,11.41,76.69,Tamil Nadu,Nilgiris,2019-04-30,8.373372077941895,8.373372077941895,9.125134468078613,11.5,76.75
DEMO-NLG-001,Demo Nilgiris location A,11.41,76.69,Tamil Nadu,Nilgiris,2019-05-01,0.0,8.373372077941895,8.373372077941895,11.5,76.75
DEMO-NLG-001,Demo Nilgiris location A,11.41,76.69,Tamil Nadu,Nilgiris,2019-05-02,0.0,8.373372077941895,8.373372077941895,11.5,76.75
DEMO-NLG-001,Demo Nilgiris location A,11.41,76.69,Tamil Nadu,Nilgiris,2019-05-03,0.0,0.0,8.373372077941895,11.5,76.75
DEMO-NLG-001,Demo Nilgiris location A,11.41,76.69,Tamil Nadu,Nilgiris,2019-05-04,0.0,0.0,8.373372077941895,11.5,76.75
DEMO-NLG-001,Demo Nilgiris location A,11.41,76.69,Tamil Nadu,Nilgiris,2019-05-05,0.0,0.0,8.373372077941895,11.5,76.75
DEMO-NLG-001,Demo Nilgiris location A,11.41,76.69,Tamil Nadu,Nilgiris,2019-05-06,0.0,0.0,8.373372077941895,11.5,76.75
DEMO-NLG-001,Demo Nilgiris location A,11.41,76.69,Tamil Nadu,Nilgiris,2019-05-07,0.12376084923744202,0.12376084923744202,0.12376084923744202,11.5,76.75
DEMO-NLG-001,Demo Nilgiris location A,11.41,76.69,Tamil Nadu,Nilgiris,2019-05-08,1.3456634283065796,1.4694242775440216,1.4694242775440216,11.5,76.75
DEMO-NLG-001,Demo Nilgiris location A,11.41,76.69,Tamil Nadu,Nilgiris,2019-05-09,0.10313403606414795,1.5725583136081696,1.5725583136081696,11.5,76.75
DEMO-NLG-001,Demo Nilgiris location A,11.41,76.69,Tamil Nadu,Nilgiris,2019-05-10,2.929006576538086,4.3778040409088135,4.5015648901462555,11.5,76.75
DEMO-NLG-001,Demo Nilgiris location A,11.41,76.69,Tamil Nadu,Nilgiris,2019-05-11,0.0,3.032140612602234,4.5015648901462555,11.5,76.75
DEMO-NLG-001,Demo Nilgiris location A,11.41,76.69,Tamil Nadu,Nilgiris,2019-05-12,49.762943267822266,52.69194984436035,54.26450815796852,11.5,76.75
DEMO-NLG-001,Demo Nilgiris location A,11.41,76.69,Tamil Nadu,Nilgiris,2019-05-13,23.67647361755371,73.43941688537598,77.94098177552223,11.5,76.75
DEMO-NLG-001,Demo Nilgiris location A,11.41,76.69,Tamil Nadu,Nilgiris,2019-05-14,11.207427024841309,84.64684391021729,89.0246479511261,11.5,76.75
DEMO-NLG-001,Demo Nilgiris location A,11.41,76.69,Tamil Nadu,Nilgiris,2019-05-15,0.0,34.88390064239502,87.67898452281952,11.5,76.75
DEMO-NLG-001,Demo Nilgiris location A,11.41,76.69,Tamil Nadu,Nilgiris,2019-05-16,0.780008852481842,11.98743587732315,88.35585933923721,11.5,76.75
DEMO-NLG-001,Demo Nilgiris location A,11.41,76.69,Tamil Nadu,Nilgiris,2019-05-17,0.12376084923744202,0.9037697017192841,85.55061361193657,11.5,76.75
DEMO-NLG-001,Demo Nilgiris location A,11.41,76.69,Tamil Nadu,Nilgiris,2019-05-18,2.3567051887512207,3.2604748904705048,87.90731880068779,11.5,76.75
DEMO-NLG-001,Demo Nilgiris location A,11.41,76.69,Tamil Nadu,Nilgiris,2019-05-19,0.0,2.4804660379886627,38.144375532865524,11.5,76.75
DEMO-NLG-001,Demo Nilgiris location A,11.41,76.69,Tamil Nadu,Nilgiris,2019-05-20,0.0,2.3567051887512207,14.467901915311813,11.5,76.75
DEMO-NLG-001,Demo Nilgiris location A,11.41,76.69,Tamil Nadu,Nilgiris,2019-05-21,0.0,0.0,3.2604748904705048,11.5,76.75
DEMO-NLG-001,Demo Nilgiris location A,11.41,76.69,Tamil Nadu,Nilgiris,2019-05-22,0.22689487040042877,0.22689487040042877,3.4873697608709335,11.5,76.75
DEMO-NLG-001,Demo Nilgiris location A,11.41,76.69,Tamil Nadu,Nilgiris,2019-05-23,0.0,0.22689487040042877,2.7073609083890915,11.5,76.75
DEMO-NLG-001,Demo Nilgiris location A,11.41,76.69,Tamil Nadu,Nilgiris,2019-05-24,4.607844352722168,4.834739223122597,7.191444411873817,11.5,76.75
DEMO-NLG-001,Demo Nilgiris location A,11.41,76.69,Tamil Nadu,Nilgiris,2019-05-25,0.22689487040042877,4.834739223122597,5.0616340935230255,11.5,76.75
DEMO-NLG-001,Demo Nilgiris location A,11.41,76.69,Tamil Nadu,Nilgiris,2019-05-26,3.4601848125457764,8.294924035668373,8.521818906068802,11.5,76.75
DEMO-NLG-001,Demo Nilgiris location A,11.41,76.69,Tamil Nadu,Nilgiris,2019-05-27,3.8661117553710938,7.553191438317299,12.387930661439896,11.5,76.75
DEMO-NLG-001,Demo Nilgiris location A,11.41,76.69,Tamil Nadu,Nilgiris,2019-05-28,0.0,7.32629656791687,12.387930661439896,11.5,76.75
DEMO-NLG-001,Demo Nilgiris location A,11.41,76.69,Tamil Nadu,Nilgiris,2019-05-29,11.441662788391113,15.307774543762207,23.60269857943058,11.5,76.75
DEMO-NLG-001,Demo Nilgiris location A,11.41,76.69,Tamil Nadu,Nilgiris,2019-05-30,2.0705599784851074,13.51222276687622,25.673258557915688,11.5,76.75
DEMO-NLG-001,Demo Nilgiris location A,11.41,76.69,Tamil Nadu,Nilgiris,2019-05-31,1.9414116144180298,15.45363438129425,23.00682581961155,11.5,76.75
DEMO-NLG-001,Demo Nilgiris location A,11.41,76.69,Tamil Nadu,Nilgiris,2019-06-01,4.583362579345703,8.59533417224884,27.363293528556824,11.5,76.75
DEMO-NLG-001,Demo Nilgiris location A,11.41,76.69,Tamil Nadu,Nilgiris,2019-06-02,0.0,6.524774193763733,23.903108716011047,11.5,76.75
DEMO-NLG-001,Demo Nilgiris location A,11.41,76.69,Tamil Nadu,Nilgiris,2019-06-03,6.183334827423096,10.766697406768799,26.22033178806305,11.5,76.75
DEMO-NLG-001,Demo Nilgiris location A,11.41,76.69,Tamil Nadu,Nilgiris,2019-06-04,0.0,6.183334827423096,26.22033178806305,11.5,76.75
DEMO-NLG-001,Demo Nilgiris location A,11.41,76.69,Tamil Nadu,Nilgiris,2019-06-05,2.475644826889038,8.658979654312134,17.254313826560974,11.5,76.75
DEMO-NLG-001,Demo Nilgiris location A,11.41,76.69,Tamil Nadu,Nilgiris,2019-06-06,13.435001373291016,15.910646200180054,28.618755221366882,11.5,76.75
DEMO-NLG-001,Demo Nilgiris location A,11.41,76.69,Tamil Nadu,Nilgiris,2019-06-07,0.0,15.910646200180054,26.677343606948853,11.5,76.75
DEMO-NLG-001,Demo Nilgiris location A,11.41,76.69,Tamil Nadu,Nilgiris,2019-06-08,3.221759557723999,16.656760931015015,25.31574058532715,11.5,76.75
DEMO-NLG-001,Demo Nilgiris location A,11.41,76.69,Tamil Nadu,Nilgiris,2019-06-09,0.0,3.221759557723999,25.31574058532715,11.5,76.75
DEMO-NLG-001,Demo Nilgiris location A,11.41,76.69,Tamil Nadu,Nilgiris,2019-06-10,2.709970712661743,5.931730270385742,21.842376470565796,11.5,76.75
DEMO-NLG-001,Demo Nilgiris location A,11.41,76.69,Tamil Nadu,Nilgiris,2019-06-11,2.5581061840057373,5.2680768966674805,24.400482654571533,11.5,76.75
DEMO-NLG-001,Demo Nilgiris location A,11.41,76.69,Tamil Nadu,Nilgiris,2019-06-12,1.0030938386917114,6.271170735359192,22.927931666374207,11.5,76.75
DEMO-NLG-001,Demo Nilgiris location A,11.41,76.69,Tamil Nadu,Nilgiris,2019-06-13,0.0,3.5612000226974487,9.492930293083191,11.5,76.75
DEMO-NLG-001,Demo Nilgiris location A,11.41,76.69,Tamil Nadu,Nilgiris,2019-06-14,0.0,1.0030938386917114,9.492930293083191,11.5,76.75
DEMO-NLG-001,Demo Nilgiris location A,11.41,76.69,Tamil Nadu,Nilgiris,2019-06-15,0.0,0.0,6.271170735359192,11.5,76.75
DEMO-NLG-001,Demo Nilgiris location A,11.41,76.69,Tamil Nadu,Nilgiris,2019-06-16,0.0,0.0,6.271170735359192,11.5,76.75
DEMO-NLG-001,Demo Nilgiris location A,11.41,76.69,Tamil Nadu,Nilgiris,2019-06-17,0.0,0.0,3.5612000226974487,11.5,76.75
DEMO-NLG-001,Demo Nilgiris location A,11.41,76.69,Tamil Nadu,Nilgiris,2019-06-18,0.0,0.0,1.0030938386917114,11.5,76.75
DEMO-NLG-001,Demo Nilgiris location A,11.41,76.69,Tamil Nadu,Nilgiris,2019-06-19,0.0,0.0,0.0,11.5,76.75
DEMO-NLG-001,Demo Nilgiris location A,11.41,76.69,Tamil Nadu,Nilgiris,2019-06-20,1.9884449243545532,1.9884449243545532,1.9884449243545532,11.5,76.75
DEMO-NLG-001,Demo Nilgiris location A,11.41,76.69,Tamil Nadu,Nilgiris,2019-06-21,0.0,1.9884449243545532,1.9884449243545532,11.5,76.75
DEMO-NLG-001,Demo Nilgiris location A,11.41,76.69,Tamil Nadu,Nilgiris,2019-06-22,6.455221652984619,8.443666577339172,8.443666577339172,11.5,76.75
DEMO-NLG-001,Demo Nilgiris location A,11.41,76.69,Tamil Nadu,Nilgiris,2019-06-23,6.623673439025879,13.078895092010498,15.067340016365051,11.5,76.75
DEMO-NLG-001,Demo Nilgiris location A,11.41,76.69,Tamil Nadu,Nilgiris,2019-06-24,0.10313403606414795,13.182029128074646,15.1704740524292,11.5,76.75
DEMO-NLG-001,Demo Nilgiris location A,11.41,76.69,Tamil Nadu,Nilgiris,2019-06-25,1.9750455617904663,8.701853036880493,17.145519614219666,11.5,76.75
DEMO-NLG-001,Demo Nilgiris location A,11.41,76.69,Tamil Nadu,Nilgiris,2019-06-26,21.263614654541016,23.34179425239563,38.40913426876068,11.5,76.75
DEMO-NLG-001,Demo Nilgiris location A,11.41,76.69,Tamil Nadu,Nilgiris,2019-06-27,0.0,23.238660216331482,36.42068934440613,11.5,76.75
DEMO-NLG-001,Demo Nilgiris location A,11.41,76.69,Tamil Nadu,Nilgiris,2019-06-28,0.0,21.263614654541016,36.42068934440613,11.5,76.75
DEMO-NLG-001,Demo Nilgiris location A,11.41,76.69,Tamil Nadu,Nilgiris,2019-06-29,0.0,0.0,29.96546769142151,11.5,76.75
DEMO-NLG-001,Demo Nilgiris location A,11.41,76.69,Tamil Nadu,Nilgiris,2019-06-30,0.0,0.0,23.34179425239563,11.5,76.75
DEMO-NLG-001,Demo Nilgiris location A,11.41,76.69,Tamil Nadu,Nilgiris,2019-07-01,0.0,0.0,23.238660216331482,11.5,76.75
DEMO-NLG-001,Demo Nilgiris location A,11.41,76.69,Tamil Nadu,Nilgiris,2019-07-02,0.0,0.0,21.263614654541016,11.5,76.75
DEMO-NLG-001,Demo Nilgiris location A,11.41,76.69,Tamil Nadu,Nilgiris,2019-07-03,0.0,0.0,0.0,11.5,76.75
DEMO-NLG-001,Demo Nilgiris location A,11.41,76.69,Tamil Nadu,Nilgiris,2019-07-04,0.12376084923744202,0.12376084923744202,0.12376084923744202,11.5,76.75
DEMO-NLG-001,Demo Nilgiris location A,11.41,76.69,Tamil Nadu,Nilgiris,2019-07-05,0.1443876475095749,0.2681484967470169,0.2681484967470169,11.5,76.75
DEMO-NLG-001,Demo Nilgiris location A,11.41,76.69,Tamil Nadu,Nilgiris,2019-07-06,1.1008355617523193,1.3689840584993362,1.3689840584993362,11.5,76.75
DEMO-NLG-001,Demo Nilgiris location A,11.41,76.69,Tamil Nadu,Nilgiris,2019-07-07,2.4107091426849365,3.6559323519468307,3.7796932011842728,11.5,76.75
DEMO-NLG-001,Demo Nilgiris location A,11.41,76.69,Tamil Nadu,Nilgiris,2019-07-08,0.1443876475095749,3.6559323519468307,3.9240808486938477,11.5,76.75
DEMO-NLG-001,Demo Nilgiris location A,11.41,76.69,Tamil Nadu,Nilgiris,2019-07-09,0.7219382524490356,3.277035042643547,4.646019101142883,11.5,76.75
DEMO-NLG-001,Demo Nilgiris location A,11.41,76.69,Tamil Nadu,Nilgiris,2019-07-10,5.268949031829834,6.1352749317884445,9.914968132972717,11.5,76.75
DEMO-NLG-001,Demo Nilgiris location A,11.41,76.69,Tamil Nadu,Nilgiris,2019-07-11,0.3300289213657379,6.3209162056446075,10.121236205101013,11.5,76.75
DEMO-NLG-001,Demo Nilgiris location A,11.41,76.69,Tamil Nadu,Nilgiris,2019-07-12,0.9175641536712646,6.5165421068668365,10.894412711262703,11.5,76.75
DEMO-NLG-001,Demo Nilgiris location A,11.41,76.69,Tamil Nadu,Nilgiris,2019-07-13,3.484867811203003,4.7324608862400055,13.278444960713387,11.5,76.75
DEMO-NLG-001,Demo Nilgiris location A,11.41,76.69,Tamil Nadu,Nilgiris,2019-07-14,9.818227767944336,14.220659732818604,20.685963585972786,11.5,76.75
DEMO-NLG-001,Demo Nilgiris location A,11.41,76.69,Tamil Nadu,Nilgiris,2019-07-15,5.5553083419799805,18.85840392112732,26.09688428044319,11.5,76.75
DEMO-NLG-001,Demo Nilgiris location A,11.41,76.69,Tamil Nadu,Nilgiris,2019-07-16,28.043432235717773,43.41696834564209,53.41837826371193,11.5,76.75
DEMO-NLG-001,Demo Nilgiris location A,11.41,76.69,Tamil Nadu,Nilgiris,2019-07-17,2.371211051940918,35.96995162963867,50.52064028382301,11.5,76.75
DEMO-NLG-001,Demo Nilgiris location A,11.41,76.69,Tamil Nadu,Nilgiris,2019-07-18,0.16120463609695435,30.575847923755646,50.35181599855423,11.5,76.75
DEMO-NLG-001,Demo Nilgiris location A,11.41,76.69,Tamil Nadu,Nilgiris,2019-07-19,0.0,2.5324156880378723,49.434251844882965,11.5,76.75
DEMO-NLG-001,Demo Nilgiris location A,11.41,76.69,Tamil Nadu,Nilgiris,2019-07-20,1.8145649433135986,1.975769579410553,47.76394897699356,11.5,76.75
DEMO-NLG-001,Demo Nilgiris location A,11.41,76.69,Tamil Nadu,Nilgiris,2019-07-21,0.1443876475095749,1.9589525908231735,38.0901088565588,11.5,76.75
DEMO-NLG-001,Demo Nilgiris location A,11.41,76.69,Tamil Nadu,Nilgiris,2019-07-22,0.9794445633888245,2.938397154211998,33.514245077967644,11.5,76.75
DEMO-NLG-001,Demo Nilgiris location A,11.41,76.69,Tamil Nadu,Nilgiris,2019-07-23,4.611971855163574,5.735804066061974,10.082784697413445,11.5,76.75
DEMO-NLG-001,Demo Nilgiris location A,11.41,76.69,Tamil Nadu,Nilgiris,2019-07-24,0.0,5.591416418552399,7.7115736454725266,11.5,76.75
DEMO-NLG-001,Demo Nilgiris location A,11.41,76.69,Tamil Nadu,Nilgiris,2019-07-25,17.849878311157227,22.4618501663208,25.4002473205328,11.5,76.75
DEMO-NLG-001,Demo Nilgiris location A,11.41,76.69,Tamil Nadu,Nilgiris,2019-07-26,2.901803970336914,20.75168228149414,28.302051290869713,11.5,76.75
DEMO-NLG-001,Demo Nilgiris location A,11.41,76.69,Tamil Nadu,Nilgiris,2019-07-27,4.134260177612305,24.885942459106445,30.62174652516842,11.5,76.75
DEMO-NLG-001,Demo Nilgiris location A,11.41,76.69,Tamil Nadu,Nilgiris,2019-07-28,0.0,7.036064147949219,30.477358877658844,11.5,76.75
DEMO-NLG-001,Demo Nilgiris location A,11.41,76.69,Tamil Nadu,Nilgiris,2019-07-29,0.0,4.134260177612305,29.49791431427002,11.5,76.75
DEMO-NLG-001,Demo Nilgiris location A,11.41,76.69,Tamil Nadu,Nilgiris,2019-07-30,0.0,0.0,24.885942459106445,11.5,76.75
DEMO-NLG-001,Demo Nilgiris location A,11.41,76.69,Tamil Nadu,Nilgiris,2019-07-31,0.0,0.0,24.885942459106445,11.5,76.75
DEMO-NLG-001,Demo Nilgiris location A,11.41,76.69,Tamil Nadu,Nilgiris,2019-08-01,0.0,0.0,7.036064147949219,11.5,76.75
DEMO-NLG-001,Demo Nilgiris location A,11.41,76.69,Tamil Nadu,Nilgiris,2019-08-02,0.0,0.0,4.134260177612305,11.5,76.75
DEMO-NLG-001,Demo Nilgiris location A,11.41,76.69,Tamil Nadu,Nilgiris,2019-08-03,0.30940210819244385,0.30940210819244385,0.30940210819244385,11.5,76.75
DEMO-NLG-001,Demo Nilgiris location A,11.41,76.69,Tamil Nadu,Nilgiris,2019-08-04,1.2533093690872192,1.562711477279663,1.562711477279663,11.5,76.75
DEMO-NLG-001,Demo Nilgiris location A,11.41,76.69,Tamil Nadu,Nilgiris,2019-08-05,8.606406211853027,10.16911768913269,10.16911768913269,11.5,76.75
DEMO-NLG-001,Demo Nilgiris location A,11.41,76.69,Tamil Nadu,Nilgiris,2019-08-06,3.4333057403564453,13.293021321296692,13.602423429489136,11.5,76.75
DEMO-NLG-001,Demo Nilgiris location A,11.41,76.69,Tamil Nadu,Nilgiris,2019-08-07,26.760801315307617,38.80051326751709,40.36322474479675,11.5,76.75
DEMO-NLG-001,Demo Nilgiris location A,11.41,76.69,Tamil Nadu,Nilgiris,2019-08-08,12.906766891479492,43.100873947143555,53.269991636276245,11.5,76.75
DEMO-NLG-001,Demo Nilgiris location A,11.41,76.69,Tamil Nadu,Nilgiris,2019-08-09,84.43251037597656,124.10007858276367,137.7025020122528,11.5,76.75
DEMO-NLG-001,Demo Nilgiris location A,11.41,76.69,Tamil Nadu,Nilgiris,2019-08-10,18.947816848754883,116.28709411621094,156.34091675281525,11.5,76.75
DEMO-NLG-001,Demo Nilgiris location A,11.41,76.69,Tamil Nadu,Nilgiris,2019-08-11,3.2032456398010254,106.58357286453247,158.29085302352905,11.5,76.75
DEMO-NLG-001,Demo Nilgiris location A,11.41,76.69,Tamil Nadu,Nilgiris,2019-08-12,0.16501446068286896,22.316076949238777,149.8494612723589,11.5,76.75
DEMO-NLG-001,Demo Nilgiris location A,11.41,76.69,Tamil Nadu,Nilgiris,2019-08-13,0.0,3.3682601004838943,146.41615553200245,11.5,76.75
DEMO-NLG-001,Demo Nilgiris location A,11.41,76.69,Tamil Nadu,Nilgiris,2019-08-14,0.2887752950191498,0.45378975570201874,119.94412951171398,11.5,76.75
DEMO-NLG-001,Demo Nilgiris location A,11.41,76.69,Tamil Nadu,Nilgiris,2019-08-15,8.315078735351562,8.603854030370712,115.35244135558605,11.5,76.75
DEMO-NLG-001,Demo Nilgiris location A,11.41,76.69,Tamil Nadu,Nilgiris,2019-08-16,0.1443876475095749,8.748241677880287,31.064318627119064,11.5,76.75
DEMO-NLG-001,Demo Nilgiris location A,11.41,76.69,Tamil Nadu,Nilgiris,2019-08-17,6.763745307922363,15.2232116907835,18.880247086286545,11.5,76.75
DEMO-NLG-001,Demo Nilgiris location A,11.41,76.69,Tamil Nadu,Nilgiris,2019-08-18,3.2934470176696777,10.201579973101616,18.970448464155197,11.5,76.75
DEMO-NLG-001,Demo Nilgiris location A,11.41,76.69,Tamil Nadu,Nilgiris,2019-08-19,0.0,10.057192325592041,18.805434003472328,11.5,76.75
DEMO-NLG-001,Demo Nilgiris location A,11.41,76.69,Tamil Nadu,Nilgiris,2019-08-20,4.901217937469482,8.19466495513916,23.70665194094181,11.5,76.75
DEMO-NLG-001,Demo Nilgiris location A,11.41,76.69,Tamil Nadu,Nilgiris,2019-08-21,9.880334854125977,14.781552791595459,33.29821150004864,11.5,76.75
DEMO-NLG-001,Demo Nilgiris location A,11.41,76.69,Tamil Nadu,Nilgiris,2019-08-22,0.2887752950191498,15.070328086614609,25.271908059716225,11.5,76.75
DEMO-NLG-001,Demo Nilgiris location A,11.41,76.69,Tamil Nadu,Nilgiris,2019-08-23,0.0,10.169110149145126,25.12752041220665,11.5,76.75
DEMO-NLG-001,Demo Nilgiris location A,11.41,76.69,Tamil Nadu,Nilgiris,2019-08-24,0.0,0.2887752950191498,18.363775104284286,11.5,76.75
DEMO-NLG-001,Demo Nilgiris location A,11.41,76.69,Tamil Nadu,Nilgiris,2019-08-25,0.0,0.0,15.070328086614609,11.5,76.75
DEMO-NLG-001,Demo Nilgiris location A,11.41,76.69,Tamil Nadu,Nilgiris,2019-08-26,17.8292236328125,17.8292236328125,32.89955171942711,11.5,76.75
DEMO-NLG-001,Demo Nilgiris location A,11.41,76.69,Tamil Nadu,Nilgiris,2019-08-27,1.390420913696289,19.21964454650879,29.388754695653915,11.5,76.75
DEMO-NLG-001,Demo Nilgiris location A,11.41,76.69,Tamil Nadu,Nilgiris,2019-08-28,0.22689487040042877,19.446539416909218,19.735314711928368,11.5,76.75
DEMO-NLG-001,Demo Nilgiris location A,11.41,76.69,Tamil Nadu,Nilgiris,2019-08-29,0.10313403606414795,1.7204498201608658,19.549673452973366,11.5,76.75
DEMO-NLG-001,Demo Nilgiris location A,11.41,76.69,Tamil Nadu,Nilgiris,2019-08-30,6.4951701164245605,6.825199022889137,26.044843569397926,11.5,76.75
DEMO-NLG-001,Demo Nilgiris location A,11.41,76.69,Tamil Nadu,Nilgiris,2019-08-31,0.0,6.5983041524887085,26.044843569397926,11.5,76.75
DEMO-NLG-001,Demo Nilgiris location A,11.41,76.69,Tamil Nadu,Nilgiris,2019-09-01,0.0,6.4951701164245605,26.044843569397926,11.5,76.75
DEMO-NLG-001,Demo Nilgiris location A,11.41,76.69,Tamil Nadu,Nilgiris,2019-09-02,2.679236650466919,2.679236650466919,10.894856587052345,11.5,76.75
DEMO-NLG-001,Demo Nilgiris location A,11.41,76.69,Tamil Nadu,Nilgiris,2019-09-03,2.784142255783081,5.46337890625,12.288577929139137,11.5,76.75
DEMO-NLG-001,Demo Nilgiris location A,11.41,76.69,Tamil Nadu,Nilgiris,2019-09-04,6.315518379211426,11.778897285461426,18.377201437950134,11.5,76.75
DEMO-NLG-001,Demo Nilgiris location A,11.41,76.69,Tamil Nadu,Nilgiris,2019-09-05,4.453073978424072,13.552734613418579,22.72714138031006,11.5,76.75
DEMO-NLG-001,Demo Nilgiris location A,11.41,76.69,Tamil Nadu,Nilgiris,2019-09-06,0.2062680721282959,10.974860429763794,16.438239336013794,11.5,76.75
DEMO-NLG-001,Demo Nilgiris location A,11.41,76.69,Tamil Nadu,Nilgiris,2019-09-07,0.0,4.659342050552368,16.438239336013794,11.5,76.75
DEMO-NLG-001,Demo Nilgiris location A,11.41,76.69,Tamil Nadu,Nilgiris,2019-09-08,0.0,0.2062680721282959,16.438239336013794,11.5,76.75
DEMO-NLG-001,Demo Nilgiris location A,11.41,76.69,Tamil Nadu,Nilgiris,2019-09-09,0.2062680721282959,0.2062680721282959,13.965270757675171,11.5,76.75
DEMO-NLG-001,Demo Nilgiris location A,11.41,76.69,Tamil Nadu,Nilgiris,2019-09-10,0.0,0.2062680721282959,11.18112850189209,11.5,76.75
DEMO-NLG-001,Demo Nilgiris location A,11.41,76.69,Tamil Nadu,Nilgiris,2019-09-11,0.0,0.2062680721282959,4.865610122680664,11.5,76.75
DEMO-NLG-001,Demo Nilgiris location A,11.41,76.69,Tamil Nadu,Nilgiris,2019-09-12,5.536617755889893,5.536617755889893,5.949153900146484,11.5,76.75
DEMO-NLG-001,Demo Nilgiris location A,11.41,76.69,Tamil Nadu,Nilgiris,2019-09-13,0.0,5.536617755889893,5.7428858280181885,11.5,76.75
DEMO-NLG-001,Demo Nilgiris location A,11.41,76.69,Tamil Nadu,Nilgiris,2019-09-14,0.0,5.536617755889893,5.7428858280181885,11.5,76.75
DEMO-NLG-001,Demo Nilgiris location A,11.41,76.69,Tamil Nadu,Nilgiris,2019-09-15,0.0,0.0,5.7428858280181885,11.5,76.75
DEMO-NLG-001,Demo Nilgiris location A,11.41,76.69,Tamil Nadu,Nilgiris,2019-09-16,1.0222728252410889,1.0222728252410889,6.5588905811309814,11.5,76.75
DEMO-NLG-001,Demo Nilgiris location A,11.41,76.69,Tamil Nadu,Nilgiris,2019-09-17,7.511321544647217,8.533594369888306,14.070212125778198,11.5,76.75
DEMO-NLG-001,Demo Nilgiris location A,11.41,76.69,Tamil Nadu,Nilgiris,2019-09-18,0.0,8.533594369888306,14.070212125778198,11.5,76.75
DEMO-NLG-001,Demo Nilgiris location A,11.41,76.69,Tamil Nadu,Nilgiris,2019-09-19,0.8858999609947205,8.397221505641937,9.419494330883026,11.5,76.75
DEMO-NLG-001,Demo Nilgiris location A,11.41,76.69,Tamil Nadu,Nilgiris,2019-09-20,7.861093521118164,8.746993482112885,17.28058785200119,11.5,76.75
DEMO-NLG-001,Demo Nilgiris location A,11.41,76.69,Tamil Nadu,Nilgiris,2019-09-21,0.6443519592285156,9.3913454413414,17.924939811229706,11.5,76.75
DEMO-NLG-001,Demo Nilgiris location A,11.41,76.69,Tamil Nadu,Nilgiris,2019-09-22,20.85916519165039,29.36461067199707,38.784105002880096,11.5,76.75
DEMO-NLG-001,Demo Nilgiris location A,11.41,76.69,Tamil Nadu,Nilgiris,2019-09-23,20.812206268310547,42.31572341918945,58.574038445949554,11.5,76.75
DEMO-NLG-001,Demo Nilgiris location A,11.41,76.69,Tamil Nadu,Nilgiris,2019-09-24,49.21826934814453,90.88964080810547,100.28098624944687,11.5,76.75
DEMO-NLG-001,Demo Nilgiris location A,11.41,76.69,Tamil Nadu,Nilgiris,2019-09-25,5.85426139831543,75.88473701477051,106.1352476477623,11.5,76.75
DEMO-NLG-001,Demo Nilgiris location A,11.41,76.69,Tamil Nadu,Nilgiris,2019-09-26,1.606979489326477,56.67951023578644,106.85632717609406,11.5,76.75
DEMO-NLG-001,Demo Nilgiris location A,11.41,76.69,Tamil Nadu,Nilgiris,2019-09-27,0.12376084923744202,7.585001736879349,99.11899450421333,11.5,76.75
DEMO-NLG-001,Demo Nilgiris location A,11.41,76.69,Tamil Nadu,Nilgiris,2019-09-28,8.617949485778809,10.348689824342728,107.09259203076363,11.5,76.75
DEMO-NLG-001,Demo Nilgiris location A,11.41,76.69,Tamil Nadu,Nilgiris,2019-09-29,2.4633078575134277,11.205018192529678,88.69673469662666,11.5,76.75
DEMO-NLG-001,Demo Nilgiris location A,11.41,76.69,Tamil Nadu,Nilgiris,2019-09-30,38.579856872558594,49.66111421585083,106.46438530087471,11.5,76.75
DEMO-NLG-001,Demo Nilgiris location A,11.41,76.69,Tamil Nadu,Nilgiris,2019-10-01,0.6127592325210571,41.65592396259308,57.858875185251236,11.5,76.75
DEMO-NLG-001,Demo Nilgiris location A,11.41,76.69,Tamil Nadu,Nilgiris,2019-10-02,8.460563659667969,47.65317976474762,60.465177446603775,11.5,76.75
DEMO-NLG-001,Demo Nilgiris location A,11.41,76.69,Tamil Nadu,Nilgiris,2019-10-03,28.134666442871094,37.20798933506012,86.99286440014839,11.5,76.75
DEMO-NLG-001,Demo Nilgiris location A,11.41,76.69,Tamil Nadu,Nilgiris,2019-10-04,1.2346522808074951,37.82988238334656,88.10375583171844,11.5,76.75
DEMO-NLG-001,Demo Nilgiris location A,11.41,76.69,Tamil Nadu,Nilgiris,2019-10-05,1.768507957458496,31.137826681137085,81.25431430339813,11.5,76.75
DEMO-NLG-001,Demo Nilgiris location A,11.41,76.69,Tamil Nadu,Nilgiris,2019-10-06,5.505349159240723,8.508509397506714,84.29635560512543,11.5,76.75
DEMO-NLG-001,Demo Nilgiris location A,11.41,76.69,Tamil Nadu,Nilgiris,2019-10-07,40.145267486572266,47.419124603271484,85.8617662191391,11.5,76.75
DEMO-NLG-001,Demo Nilgiris location A,11.41,76.69,Tamil Nadu,Nilgiris,2019-10-08,16.048707962036133,61.69932460784912,101.29771494865417,11.5,76.75
DEMO-NLG-001,Demo Nilgiris location A,11.41,76.69,Tamil Nadu,Nilgiris,2019-10-09,0.0,56.1939754486084,92.8371512889862,11.5,76.75
DEMO-NLG-001,Demo Nilgiris location A,11.41,76.69,Tamil Nadu,Nilgiris,2019-10-10,1.855881929397583,17.904589891433716,66.5583667755127,11.5,76.75
DEMO-NLG-001,Demo Nilgiris location A,11.41,76.69,Tamil Nadu,Nilgiris,2019-10-11,0.9665279388427734,2.8224098682403564,66.29024243354797,11.5,76.75
DEMO-NLG-001,Demo Nilgiris location A,11.41,76.69,Tamil Nadu,Nilgiris,2019-10-12,37.86502456665039,40.68743443489075,102.38675904273987,11.5,76.75
DEMO-NLG-001,Demo Nilgiris location A,11.41,76.69,Tamil Nadu,Nilgiris,2019-10-13,18.856441497802734,57.6879940032959,115.73785138130188,11.5,76.75
DEMO-NLG-001,Demo Nilgiris location A,11.41,76.69,Tamil Nadu,Nilgiris,2019-10-14,35.210289001464844,91.93175506591797,110.80287289619446,11.5,76.75
DEMO-NLG-001,Demo Nilgiris location A,11.41,76.69,Tamil Nadu,Nilgiris,2019-10-15,51.66426467895508,105.73099517822266,146.4184296131134,11.5,76.75
DEMO-NLG-001,Demo Nilgiris location A,11.41,76.69,Tamil Nadu,Nilgiris,2019-10-16,12.485593795776367,99.36014747619629,158.90402340888977,11.5,76.75
DEMO-NLG-001,Demo Nilgiris location A,11.41,76.69,Tamil Nadu,Nilgiris,2019-10-17,42.17631149291992,106.32616996765137,199.2244529724121,11.5,76.75
DEMO-NLG-001,Demo Nilgiris location A,11.41,76.69,Tamil Nadu,Nilgiris,2019-10-18,39.634056091308594,94.29596138000488,237.89198112487793,11.5,76.75
DEMO-NLG-001,Demo Nilgiris location A,11.41,76.69,Tamil Nadu,Nilgiris,2019-10-19,33.235595703125,115.04596328735352,233.26255226135254,11.5,76.75
DEMO-NLG-001,Demo Nilgiris location A,11.41,76.69,Tamil Nadu,Nilgiris,2019-10-20,35.34307098388672,108.21272277832031,249.74918174743652,11.5,76.75
DEMO-NLG-001,Demo Nilgiris location A,11.41,76.69,Tamil Nadu,Nilgiris,2019-10-21,57.23686218261719,125.8155288696289,271.77575492858887,11.5,76.75
DEMO-NLG-001,Demo Nilgiris location A,11.41,76.69,Tamil Nadu,Nilgiris,2019-10-22,7.877623081207275,100.45755624771118,227.98911333084106,11.5,76.75
DEMO-NLG-001,Demo Nilgiris location A,11.41,76.69,Tamil Nadu,Nilgiris,2019-10-23,0.46298709511756897,65.57747235894203,215.96650663018227,11.5,76.75
DEMO-NLG-001,Demo Nilgiris location A,11.41,76.69,Tamil Nadu,Nilgiris,2019-10-24,1.7188442945480347,10.059454470872879,175.50903943181038,11.5,76.75
DEMO-NLG-001,Demo Nilgiris location A,11.41,76.69,Tamil Nadu,Nilgiris,2019-10-25,0.22689487040042877,2.4087262600660324,136.1018782109022,11.5,76.75
DEMO-NLG-001,Demo Nilgiris location A,11.41,76.69,Tamil Nadu,Nilgiris,2019-10-26,0.1443876475095749,2.0901268124580383,103.01067015528679,11.5,76.75
DEMO-NLG-001,Demo Nilgiris location A,11.41,76.69,Tamil Nadu,Nilgiris,2019-10-27,0.9722201228141785,1.3435026407241821,68.63981929421425,11.5,76.75
DEMO-NLG-001,Demo Nilgiris location A,11.41,76.69,Tamil Nadu,Nilgiris,2019-10-28,0.5362969636917114,1.6529047340154648,11.939254075288773,11.5,76.75
DEMO-NLG-001,Demo Nilgiris location A,11.41,76.69,Tamil Nadu,Nilgiris,2019-10-29,0.0,1.50851708650589,4.061630994081497,11.5,76.75
DEMO-NLG-001,Demo Nilgiris location A,11.41,76.69,Tamil Nadu,Nilgiris,2019-10-30,33.859615325927734,34.395912289619446,37.45825922489166,11.5,76.75
DEMO-NLG-001,Demo Nilgiris location A,11.41,76.69,Tamil Nadu,Nilgiris,2019-10-31,77.40776824951172,111.26738357543945,113.14718317985535,11.5,76.75
DEMO-NLG-001,Demo Nilgiris location A,11.41,76.69,Tamil Nadu,Nilgiris,2019-11-01,10.469745635986328,121.73712921142578,123.39003394544125,11.5,76.75
DEMO-NLG-001,Demo Nilgiris location A,11.41,76.69,Tamil Nadu,Nilgiris,2019-11-02,0.0,87.87751388549805,123.24564629793167,11.5,76.75
DEMO-NLG-001,Demo Nilgiris location A,11.41,76.69,Tamil Nadu,Nilgiris,2019-11-03,0.0,10.469745635986328,122.27342617511749,11.5,76.75
DEMO-NLG-001,Demo Nilgiris location A,11.41,76.69,Tamil Nadu,Nilgiris,2019-11-04,0.0,0.0,121.73712921142578,11.5,76.75
DEMO-NLG-001,Demo Nilgiris location A,11.41,76.69,Tamil Nadu,Nilgiris,2019-11-05,0.0,0.0,121.73712921142578,11.5,76.75
DEMO-NLG-001,Demo Nilgiris location A,11.41,76.69,Tamil Nadu,Nilgiris,2019-11-06,0.0,0.0,87.87751388549805,11.5,76.75
DEMO-NLG-001,Demo Nilgiris location A,11.41,76.69,Tamil Nadu,Nilgiris,2019-11-07,0.47980406880378723,0.47980406880378723,10.949549704790115,11.5,76.75
DEMO-NLG-001,Demo Nilgiris location A,11.41,76.69,Tamil Nadu,Nilgiris,2019-11-08,1.5538299083709717,2.033633977174759,2.033633977174759,11.5,76.75
DEMO-NLG-001,Demo Nilgiris location A,11.41,76.69,Tamil Nadu,Nilgiris,2019-11-09,1.1502386331558228,3.1838726103305817,3.1838726103305817,11.5,76.75
DEMO-NLG-001,Demo Nilgiris location A,11.41,76.69,Tamil Nadu,Nilgiris,2019-11-10,2.523024320602417,5.227092862129211,5.706896930932999,11.5,76.75
DEMO-NLG-001,Demo Nilgiris location A,11.41,76.69,Tamil Nadu,Nilgiris,2019-11-11,0.909477949142456,4.582740902900696,6.616374880075455,11.5,76.75
DEMO-NLG-001,Demo Nilgiris location A,11.41,76.69,Tamil Nadu,Nilgiris,2019-11-12,15.068977355957031,18.501479625701904,21.685352236032486,11.5,76.75
DEMO-NLG-001,Demo Nilgiris location A,11.41,76.69,Tamil Nadu,Nilgiris,2019-11-13,0.0,15.978455305099487,21.685352236032486,11.5,76.75
DEMO-NLG-001,Demo Nilgiris location A,11.41,76.69,Tamil Nadu,Nilgiris,2019-11-14,0.0,15.068977355957031,21.2055481672287,11.5,76.75
DEMO-NLG-001,Demo Nilgiris location A,11.41,76.69,Tamil Nadu,Nilgiris,2019-11-15,0.26512598991394043,0.26512598991394043,19.916844248771667,11.5,76.75
DEMO-NLG-001,Demo Nilgiris location A,11.41,76.69,Tamil Nadu,Nilgiris,2019-11-16,44.50802230834961,44.77314829826355,63.274627923965454,11.5,76.75
DEMO-NLG-001,Demo Nilgiris location A,11.41,76.69,Tamil Nadu,Nilgiris,2019-11-17,58.15531921386719,102.92846751213074,118.90692281723022,11.5,76.75
DEMO-NLG-001,Demo Nilgiris location A,11.41,76.69,Tamil Nadu,Nilgiris,2019-11-18,0.13256299495697021,102.79590451717377,118.13000786304474,11.5,76.75
DEMO-NLG-001,Demo Nilgiris location A,11.41,76.69,Tamil Nadu,Nilgiris,2019-11-19,6.341121673583984,64.62900388240814,109.40215218067169,11.5,76.75
DEMO-NLG-001,Demo Nilgiris location A,11.41,76.69,Tamil Nadu,Nilgiris,2019-11-20,0.26512598991394043,6.738810658454895,109.66727817058563,11.5,76.75
DEMO-NLG-001,Demo Nilgiris location A,11.41,76.69,Tamil Nadu,Nilgiris,2019-11-21,25.82272720336914,32.428974866867065,135.49000537395477,11.5,76.75
DEMO-NLG-001,Demo Nilgiris location A,11.41,76.69,Tamil Nadu,Nilgiris,2019-11-22,21.625530242919922,47.713383436203,156.85040962696075,11.5,76.75
DEMO-NLG-001,Demo Nilgiris location A,11.41,76.69,Tamil Nadu,Nilgiris,2019-11-23,6.801675319671631,54.24993276596069,119.14406263828278,11.5,76.75
DEMO-NLG-001,Demo Nilgiris location A,11.41,76.69,Tamil Nadu,Nilgiris,2019-11-24,0.0,28.427205562591553,60.98874342441559,11.5,76.75
DEMO-NLG-001,Demo Nilgiris location A,11.41,76.69,Tamil Nadu,Nilgiris,2019-11-25,0.909477949142456,7.711153268814087,61.765658378601074,11.5,76.75
DEMO-NLG-001,Demo Nilgiris location A,11.41,76.69,Tamil Nadu,Nilgiris,2019-11-26,0.0,0.909477949142456,55.42453670501709,11.5,76.75
DEMO-NLG-001,Demo Nilgiris location A,11.41,76.69,Tamil Nadu,Nilgiris,2019-11-27,0.6443519592285156,1.5538299083709717,55.803762674331665,11.5,76.75
DEMO-NLG-001,Demo Nilgiris location A,11.41,76.69,Tamil Nadu,Nilgiris,2019-11-28,7.556191921234131,8.200543880462646,37.537227392196655,11.5,76.75
DEMO-NLG-001,Demo Nilgiris location A,11.41,76.69,Tamil Nadu,Nilgiris,2019-11-29,7.3743977546691895,15.574941635131836,23.286094903945923,11.5,76.75
DEMO-NLG-001,Demo Nilgiris location A,11.41,76.69,Tamil Nadu,Nilgiris,2019-11-30,6.068214416503906,20.998804092407227,22.5526340007782,11.5,76.75
DEMO-NLG-001,Demo Nilgiris location A,11.41,76.69,Tamil Nadu,Nilgiris,2019-12-01,13.075995445251465,26.51860761642456,35.62862944602966,11.5,76.75
DEMO-NLG-001,Demo Nilgiris location A,11.41,76.69,Tamil Nadu,Nilgiris,2019-12-02,50.00623321533203,69.1504430770874,84.72538471221924,11.5,76.75
DEMO-NLG-001,Demo Nilgiris location A,11.41,76.69,Tamil Nadu,Nilgiris,2019-12-03,76.9317626953125,140.013991355896,161.65714740753174,11.5,76.75
DEMO-NLG-001,Demo Nilgiris location A,11.41,76.69,Tamil Nadu,Nilgiris,2019-12-04,7.960249423980713,134.89824533462524,168.97304487228394,11.5,76.75
DEMO-NLG-001,Demo Nilgiris location A,11.41,76.69,Tamil Nadu,Nilgiris,2019-12-05,0.7769149541854858,85.6689270734787,162.1937679052353,11.5,76.75
DEMO-NLG-001,Demo Nilgiris location A,11.41,76.69,Tamil Nadu,Nilgiris,2019-12-06,0.0,8.737164378166199,154.8193701505661,11.5,76.75
DEMO-NLG-001,Demo Nilgiris location A,11.41,76.69,Tamil Nadu,Nilgiris,2019-12-07,0.0,0.7769149541854858,148.7511557340622,11.5,76.75
DEMO-NLG-001,Demo Nilgiris location A,11.41,76.69,Tamil Nadu,Nilgiris,2019-12-08,0.6628149747848511,0.6628149747848511,136.33797526359558,11.5,76.75
DEMO-NLG-001,Demo Nilgiris location A,11.41,76.69,Tamil Nadu,Nilgiris,2019-12-09,0.26512598991394043,0.9279409646987915,86.59686803817749,11.5,76.75
DEMO-NLG-001,Demo Nilgiris location A,11.41,76.69,Tamil Nadu,Nilgiris,2019-12-10,1.5538299083709717,2.481770873069763,11.218935251235962,11.5,76.75
DEMO-NLG-001,Demo Nilgiris location A,11.41,76.69,Tamil Nadu,Nilgiris,2019-12-11,0.0,1.818955898284912,3.258685827255249,11.5,76.75
DEMO-NLG-001,Demo Nilgiris location A,11.41,76.69,Tamil Nadu,Nilgiris,2019-12-12,0.0,1.5538299083709717,2.481770873069763,11.5,76.75
DEMO-NLG-001,Demo Nilgiris location A,11.41,76.69,Tamil Nadu,Nilgiris,2019-12-13,0.0,0.0,2.481770873069763,11.5,76.75
DEMO-NLG-001,Demo Nilgiris location A,11.41,76.69,Tamil Nadu,Nilgiris,2019-12-14,0.0,0.0,2.481770873069763,11.5,76.75
DEMO-NLG-001,Demo Nilgiris location A,11.41,76.69,Tamil Nadu,Nilgiris,2019-12-15,18.798181533813477,18.798181533813477,20.61713743209839,11.5,76.75
DEMO-NLG-001,Demo Nilgiris location A,11.41,76.69,Tamil Nadu,Nilgiris,2019-12-16,0.0,18.798181533813477,20.35201144218445,11.5,76.75
DEMO-NLG-001,Demo Nilgiris location A,11.41,76.69,Tamil Nadu,Nilgiris,2019-12-17,0.0,18.798181533813477,18.798181533813477,11.5,76.75
DEMO-NLG-001,Demo Nilgiris location A,11.41,76.69,Tamil Nadu,Nilgiris,2019-12-18,0.13256299495697021,0.13256299495697021,18.930744528770447,11.5,76.75
DEMO-NLG-001,Demo Nilgiris location A,11.41,76.69,Tamil Nadu,Nilgiris,2019-12-19,0.0,0.13256299495697021,18.930744528770447,11.5,76.75
DEMO-NLG-001,Demo Nilgiris location A,11.41,76.69,Tamil Nadu,Nilgiris,2019-12-20,0.0,0.13256299495697021,18.930744528770447,11.5,76.75
DEMO-NLG-001,Demo Nilgiris location A,11.41,76.69,Tamil Nadu,Nilgiris,2019-12-21,0.0,0.0,18.930744528770447,11.5,76.75
DEMO-NLG-001,Demo Nilgiris location A,11.41,76.69,Tamil Nadu,Nilgiris,2019-12-22,0.0,0.0,0.13256299495697021,11.5,76.75
DEMO-NLG-001,Demo Nilgiris location A,11.41,76.69,Tamil Nadu,Nilgiris,2019-12-23,0.0,0.0,0.13256299495697021,11.5,76.75
DEMO-NLG-001,Demo Nilgiris location A,11.41,76.69,Tamil Nadu,Nilgiris,2019-12-24,0.0,0.0,0.13256299495697021,11.5,76.75
DEMO-NLG-001,Demo Nilgiris location A,11.41,76.69,Tamil Nadu,Nilgiris,2019-12-25,0.4675842225551605,0.4675842225551605,0.4675842225551605,11.5,76.75
DEMO-NLG-001,Demo Nilgiris location A,11.41,76.69,Tamil Nadu,Nilgiris,2019-12-26,2.8299217224121094,3.29750594496727,3.29750594496727,11.5,76.75
DEMO-NLG-001,Demo Nilgiris location A,11.41,76.69,Tamil Nadu,Nilgiris,2019-12-27,0.0,3.29750594496727,3.29750594496727,11.5,76.75
DEMO-NLG-001,Demo Nilgiris location A,11.41,76.69,Tamil Nadu,Nilgiris,2019-12-28,0.0,2.8299217224121094,3.29750594496727,11.5,76.75
DEMO-NLG-001,Demo Nilgiris location A,11.41,76.69,Tamil Nadu,Nilgiris,2019-12-29,0.0,0.0,3.29750594496727,11.5,76.75
DEMO-NLG-001,Demo Nilgiris location A,11.41,76.69,Tamil Nadu,Nilgiris,2019-12-30,0.0,0.0,3.29750594496727,11.5,76.75
DEMO-NLG-001,Demo Nilgiris location A,11.41,76.69,Tamil Nadu,Nilgiris,2019-12-31,0.0,0.0,3.29750594496727,11.5,76.75
DEMO-NLG-001,Demo Nilgiris location A,11.41,76.69,Tamil Nadu,Nilgiris,2022-01-01,11.10102367401123,,,11.5,76.75
DEMO-NLG-001,Demo Nilgiris location A,11.41,76.69,Tamil Nadu,Nilgiris,2022-01-02,8.890032768249512,,,11.5,76.75
DEMO-NLG-001,Demo Nilgiris location A,11.41,76.69,Tamil Nadu,Nilgiris,2022-01-03,1.3256299495697021,21.316686391830444,,11.5,76.75
DEMO-NLG-001,Demo Nilgiris location A,11.41,76.69,Tamil Nadu,Nilgiris,2022-01-04,0.0,10.215662717819214,,11.5,76.75
DEMO-NLG-001,Demo Nilgiris location A,11.41,76.69,Tamil Nadu,Nilgiris,2022-01-05,0.0,1.3256299495697021,,11.5,76.75
DEMO-NLG-001,Demo Nilgiris location A,11.41,76.69,Tamil Nadu,Nilgiris,2022-01-06,0.0,0.0,,11.5,76.75
DEMO-NLG-001,Demo Nilgiris location A,11.41,76.69,Tamil Nadu,Nilgiris,2022-01-07,0.6443519592285156,0.6443519592285156,21.96103835105896,11.5,76.75
DEMO-NLG-001,Demo Nilgiris location A,11.41,76.69,Tamil Nadu,Nilgiris,2022-01-08,7.087871074676514,7.732223033905029,17.947885751724243,11.5,76.75
DEMO-NLG-001,Demo Nilgiris location A,11.41,76.69,Tamil Nadu,Nilgiris,2022-01-09,0.0,7.732223033905029,9.057852983474731,11.5,76.75
DEMO-NLG-001,Demo Nilgiris location A,11.41,76.69,Tamil Nadu,Nilgiris,2022-01-10,0.0,7.087871074676514,7.732223033905029,11.5,76.75
DEMO-NLG-001,Demo Nilgiris location A,11.41,76.69,Tamil Nadu,Nilgiris,2022-01-11,0.0,0.0,7.732223033905029,11.5,76.75
DEMO-NLG-001,Demo Nilgiris location A,11.41,76.69,Tamil Nadu,Nilgiris,2022-01-12,0.0,0.0,7.732223033905029,11.5,76.75
DEMO-NLG-001,Demo Nilgiris location A,11.41,76.69,Tamil Nadu,Nilgiris,2022-01-13,0.0,0.0,7.732223033905029,11.5,76.75
DEMO-NLG-001,Demo Nilgiris location A,11.41,76.69,Tamil Nadu,Nilgiris,2022-01-14,0.0,0.0,7.087871074676514,11.5,76.75
DEMO-NLG-001,Demo Nilgiris location A,11.41,76.69,Tamil Nadu,Nilgiris,2022-01-15,0.0,0.0,0.0,11.5,76.75
DEMO-NLG-001,Demo Nilgiris location A,11.41,76.69,Tamil Nadu,Nilgiris,2022-01-16,0.0,0.0,0.0,11.5,76.75
DEMO-NLG-001,Demo Nilgiris location A,11.41,76.69,Tamil Nadu,Nilgiris,2022-01-17,28.230669021606445,28.230669021606445,28.230669021606445,11.5,76.75
DEMO-NLG-001,Demo Nilgiris location A,11.41,76.69,Tamil Nadu,Nilgiris,2022-01-18,6.443519115447998,34.67418813705444,34.67418813705444,11.5,76.75
DEMO-NLG-001,Demo Nilgiris location A,11.41,76.69,Tamil Nadu,Nilgiris,2022-01-19,0.0,34.67418813705444,34.67418813705444,11.5,76.75
DEMO-NLG-001,Demo Nilgiris location A,11.41,76.69,Tamil Nadu,Nilgiris,2022-01-20,0.0,6.443519115447998,34.67418813705444,11.5,76.75
DEMO-NLG-001,Demo Nilgiris location A,11.41,76.69,Tamil Nadu,Nilgiris,2022-01-21,0.0,0.0,34.67418813705444,11.5,76.75
DEMO-NLG-001,Demo Nilgiris location A,11.41,76.69,Tamil Nadu,Nilgiris,2022-01-22,0.0,0.0,34.67418813705444,11.5,76.75
DEMO-NLG-001,Demo Nilgiris location A,11.41,76.69,Tamil Nadu,Nilgiris,2022-01-23,0.0,0.0,34.67418813705444,11.5,76.75
DEMO-NLG-001,Demo Nilgiris location A,11.41,76.69,Tamil Nadu,Nilgiris,2022-01-24,0.0,0.0,6.443519115447998,11.5,76.75
DEMO-NLG-001,Demo Nilgiris location A,11.41,76.69,Tamil Nadu,Nilgiris,2022-01-25,0.0,0.0,0.0,11.5,76.75
DEMO-NLG-001,Demo Nilgiris location A,11.41,76.69,Tamil Nadu,Nilgiris,2022-01-26,0.0,0.0,0.0,11.5,76.75
DEMO-NLG-001,Demo Nilgiris location A,11.41,76.69,Tamil Nadu,Nilgiris,2022-01-27,5.63461971282959,5.63461971282959,5.63461971282959,11.5,76.75
DEMO-NLG-001,Demo Nilgiris location A,11.41,76.69,Tamil Nadu,Nilgiris,2022-01-28,15.792808532714844,21.427428245544434,21.427428245544434,11.5,76.75
DEMO-NLG-001,Demo Nilgiris location A,11.41,76.69,Tamil Nadu,Nilgiris,2022-01-29,0.0,21.427428245544434,21.427428245544434,11.5,76.75
DEMO-NLG-001,Demo Nilgiris location A,11.41,76.69,Tamil Nadu,Nilgiris,2022-01-30,0.0,15.792808532714844,21.427428245544434,11.5,76.75
DEMO-NLG-001,Demo Nilgiris location A,11.41,76.69,Tamil Nadu,Nilgiris,2022-01-31,0.0,0.0,21.427428245544434,11.5,76.75
DEMO-NLG-001,Demo Nilgiris location A,11.41,76.69,Tamil Nadu,Nilgiris,2022-02-01,0.0,0.0,21.427428245544434,11.5,76.75
DEMO-NLG-001,Demo Nilgiris location A,11.41,76.69,Tamil Nadu,Nilgiris,2022-02-02,0.0,0.0,21.427428245544434,11.5,76.75
DEMO-NLG-001,Demo Nilgiris location A,11.41,76.69,Tamil Nadu,Nilgiris,2022-02-03,0.0,0.0,15.792808532714844,11.5,76.75
DEMO-NLG-001,Demo Nilgiris location A,11.41,76.69,Tamil Nadu,Nilgiris,2022-02-04,0.0,0.0,0.0,11.5,76.75
DEMO-NLG-001,Demo Nilgiris location A,11.41,76.69,Tamil Nadu,Nilgiris,2022-02-05,0.0,0.0,0.0,11.5,76.75
DEMO-NLG-001,Demo Nilgiris location A,11.41,76.69,Tamil Nadu,Nilgiris,2022-02-06,0.0,0.0,0.0,11.5,76.75
DEMO-NLG-001,Demo Nilgiris location A,11.41,76.69,Tamil Nadu,Nilgiris,2022-02-07,0.0,0.0,0.0,11.5,76.75
DEMO-NLG-001,Demo Nilgiris location A,11.41,76.69,Tamil Nadu,Nilgiris,2022-02-08,0.0,0.0,0.0,11.5,76.75
DEMO-NLG-001,Demo Nilgiris location A,11.41,76.69,Tamil Nadu,Nilgiris,2022-02-09,0.0,0.0,0.0,11.5,76.75
DEMO-NLG-001,Demo Nilgiris location A,11.41,76.69,Tamil Nadu,Nilgiris,2022-02-10,0.0,0.0,0.0,11.5,76.75
DEMO-NLG-001,Demo Nilgiris location A,11.41,76.69,Tamil Nadu,Nilgiris,2022-02-11,0.0,0.0,0.0,11.5,76.75
DEMO-NLG-001,Demo Nilgiris location A,11.41,76.69,Tamil Nadu,Nilgiris,2022-02-12,0.0,0.0,0.0,11.5,76.75
DEMO-NLG-001,Demo Nilgiris location A,11.41,76.69,Tamil Nadu,Nilgiris,2022-02-13,0.0,0.0,0.0,11.5,76.75
DEMO-NLG-001,Demo Nilgiris location A,11.41,76.69,Tamil Nadu,Nilgiris,2022-02-14,0.0,0.0,0.0,11.5,76.75
DEMO-NLG-001,Demo Nilgiris location A,11.41,76.69,Tamil Nadu,Nilgiris,2022-02-15,0.0,0.0,0.0,11.5,76.75
DEMO-NLG-001,Demo Nilgiris location A,11.41,76.69,Tamil Nadu,Nilgiris,2022-02-16,0.0,0.0,0.0,11.5,76.75
DEMO-NLG-001,Demo Nilgiris location A,11.41,76.69,Tamil Nadu,Nilgiris,2022-02-17,0.0,0.0,0.0,11.5,76.75
DEMO-NLG-001,Demo Nilgiris location A,11.41,76.69,Tamil Nadu,Nilgiris,2022-02-18,0.0,0.0,0.0,11.5,76.75
DEMO-NLG-001,Demo Nilgiris location A,11.41,76.69,Tamil Nadu,Nilgiris,2022-02-19,0.0,0.0,0.0,11.5,76.75
DEMO-NLG-001,Demo Nilgiris location A,11.41,76.69,Tamil Nadu,Nilgiris,2022-02-20,0.0,0.0,0.0,11.5,76.75
DEMO-NLG-001,Demo Nilgiris location A,11.41,76.69,Tamil Nadu,Nilgiris,2022-02-21,0.0,0.0,0.0,11.5,76.75
DEMO-NLG-001,Demo Nilgiris location A,11.41,76.69,Tamil Nadu,Nilgiris,2022-02-22,0.0,0.0,0.0,11.5,76.75
DEMO-NLG-001,Demo Nilgiris location A,11.41,76.69,Tamil Nadu,Nilgiris,2022-02-23,0.0,0.0,0.0,11.5,76.75
DEMO-NLG-001,Demo Nilgiris location A,11.41,76.69,Tamil Nadu,Nilgiris,2022-02-24,0.0,0.0,0.0,11.5,76.75
DEMO-NLG-001,Demo Nilgiris location A,11.41,76.69,Tamil Nadu,Nilgiris,2022-02-25,0.0,0.0,0.0,11.5,76.75
DEMO-NLG-001,Demo Nilgiris location A,11.41,76.69,Tamil Nadu,Nilgiris,2022-02-26,0.0,0.0,0.0,11.5,76.75
DEMO-NLG-001,Demo Nilgiris location A,11.41,76.69,Tamil Nadu,Nilgiris,2022-02-27,0.0,0.0,0.0,11.5,76.75
DEMO-NLG-001,Demo Nilgiris location A,11.41,76.69,Tamil Nadu,Nilgiris,2022-02-28,0.0,0.0,0.0,11.5,76.75
DEMO-NLG-001,Demo Nilgiris location A,11.41,76.69,Tamil Nadu,Nilgiris,2022-03-01,0.0,0.0,0.0,11.5,76.75
DEMO-NLG-001,Demo Nilgiris location A,11.41,76.69,Tamil Nadu,Nilgiris,2022-03-02,0.0,0.0,0.0,11.5,76.75
DEMO-NLG-001,Demo Nilgiris location A,11.41,76.69,Tamil Nadu,Nilgiris,2022-03-03,0.0,0.0,0.0,11.5,76.75
DEMO-NLG-001,Demo Nilgiris location A,11.41,76.69,Tamil Nadu,Nilgiris,2022-03-04,0.0,0.0,0.0,11.5,76.75
DEMO-NLG-001,Demo Nilgiris location A,11.41,76.69,Tamil Nadu,Nilgiris,2022-03-05,0.0,0.0,0.0,11.5,76.75
DEMO-NLG-001,Demo Nilgiris location A,11.41,76.69,Tamil Nadu,Nilgiris,2022-03-06,0.0,0.0,0.0,11.5,76.75
DEMO-NLG-001,Demo Nilgiris location A,11.41,76.69,Tamil Nadu,Nilgiris,2022-03-07,0.0,0.0,0.0,11.5,76.75
DEMO-NLG-001,Demo Nilgiris location A,11.41,76.69,Tamil Nadu,Nilgiris,2022-03-08,2.039484977722168,2.039484977722168,2.039484977722168,11.5,76.75
DEMO-NLG-001,Demo Nilgiris location A,11.41,76.69,Tamil Nadu,Nilgiris,2022-03-09,0.0,2.039484977722168,2.039484977722168,11.5,76.75
DEMO-NLG-001,Demo Nilgiris location A,11.41,76.69,Tamil Nadu,Nilgiris,2022-03-10,0.0,2.039484977722168,2.039484977722168,11.5,76.75
DEMO-NLG-001,Demo Nilgiris location A,11.41,76.69,Tamil Nadu,Nilgiris,2022-03-11,0.0,0.0,2.039484977722168,11.5,76.75
DEMO-NLG-001,Demo Nilgiris location A,11.41,76.69,Tamil Nadu,Nilgiris,2022-03-12,0.0,0.0,2.039484977722168,11.5,76.75
DEMO-NLG-001,Demo Nilgiris location A,11.41,76.69,Tamil Nadu,Nilgiris,2022-03-13,0.0,0.0,2.039484977722168,11.5,76.75
DEMO-NLG-001,Demo Nilgiris location A,11.41,76.69,Tamil Nadu,Nilgiris,2022-03-14,0.0,0.0,2.039484977722168,11.5,76.75
DEMO-NLG-001,Demo Nilgiris location A,11.41,76.69,Tamil Nadu,Nilgiris,2022-03-15,0.0,0.0,0.0,11.5,76.75
DEMO-NLG-001,Demo Nilgiris location A,11.41,76.69,Tamil Nadu,Nilgiris,2022-03-16,0.0,0.0,0.0,11.5,76.75
DEMO-NLG-001,Demo Nilgiris location A,11.41,76.69,Tamil Nadu,Nilgiris,2022-03-17,0.0,0.0,0.0,11.5,76.75
DEMO-NLG-001,Demo Nilgiris location A,11.41,76.69,Tamil Nadu,Nilgiris,2022-03-18,0.0,0.0,0.0,11.5,76.75
DEMO-NLG-001,Demo Nilgiris location A,11.41,76.69,Tamil Nadu,Nilgiris,2022-03-19,0.0,0.0,0.0,11.5,76.75
DEMO-NLG-001,Demo Nilgiris location A,11.41,76.69,Tamil Nadu,Nilgiris,2022-03-20,0.0,0.0,0.0,11.5,76.75
DEMO-NLG-001,Demo Nilgiris location A,11.41,76.69,Tamil Nadu,Nilgiris,2022-03-21,0.8462903499603271,0.8462903499603271,0.8462903499603271,11.5,76.75
DEMO-NLG-001,Demo Nilgiris location A,11.41,76.69,Tamil Nadu,Nilgiris,2022-03-22,21.61081886291504,22.457109212875366,22.457109212875366,11.5,76.75
DEMO-NLG-001,Demo Nilgiris location A,11.41,76.69,Tamil Nadu,Nilgiris,2022-03-23,0.0,22.457109212875366,22.457109212875366,11.5,76.75
DEMO-NLG-001,Demo Nilgiris location A,11.41,76.69,Tamil Nadu,Nilgiris,2022-03-24,11.463747024536133,33.07456588745117,33.9208562374115,11.5,76.75
DEMO-NLG-001,Demo Nilgiris location A,11.41,76.69,Tamil Nadu,Nilgiris,2022-03-25,1.5538299083709717,13.017576932907104,35.47468614578247,11.5,76.75
DEMO-NLG-001,Demo Nilgiris location A,11.41,76.69,Tamil Nadu,Nilgiris,2022-03-26,0.7953779697418213,13.812954902648926,36.27006411552429,11.5,76.75
DEMO-NLG-001,Demo Nilgiris location A,11.41,76.69,Tamil Nadu,Nilgiris,2022-03-27,0.8278294205665588,3.177037298679352,37.09789353609085,11.5,76.75
DEMO-NLG-001,Demo Nilgiris location A,11.41,76.69,Tamil Nadu,Nilgiris,2022-03-28,0.0,1.6232073903083801,36.251603186130524,11.5,76.75
DEMO-NLG-001,Demo Nilgiris location A,11.41,76.69,Tamil Nadu,Nilgiris,2022-03-29,0.0,0.8278294205665588,14.640784323215485,11.5,76.75
DEMO-NLG-001,Demo Nilgiris location A,11.41,76.69,Tamil Nadu,Nilgiris,2022-03-30,2.442044734954834,2.442044734954834,17.08282905817032,11.5,76.75
DEMO-NLG-001,Demo Nilgiris location A,11.41,76.69,Tamil Nadu,Nilgiris,2022-03-31,3.203712224960327,5.645756959915161,8.822794258594513,11.5,76.75
DEMO-NLG-001,Demo Nilgiris location A,11.41,76.69,Tamil Nadu,Nilgiris,2022-04-01,0.0,5.645756959915161,7.268964350223541,11.5,76.75
DEMO-NLG-001,Demo Nilgiris location A,11.41,76.69,Tamil Nadu,Nilgiris,2022-04-02,6.56165075302124,9.765362977981567,13.03523713350296,11.5,76.75
DEMO-NLG-001,Demo Nilgiris location A,11.41,76.69,Tamil Nadu,Nilgiris,2022-04-03,0.0,6.56165075302124,12.207407712936401,11.5,76.75
DEMO-NLG-001,Demo Nilgiris location A,11.41,76.69,Tamil Nadu,Nilgiris,2022-04-04,0.0,6.56165075302124,12.207407712936401,11.5,76.75
DEMO-NLG-001,Demo Nilgiris location A,11.41,76.69,Tamil Nadu,Nilgiris,2022-04-05,0.0,0.0,12.207407712936401,11.5,76.75
DEMO-NLG-001,Demo Nilgiris location A,11.41,76.69,Tamil Nadu,Nilgiris,2022-04-06,0.0,0.0,9.765362977981567,11.5,76.75
DEMO-NLG-001,Demo Nilgiris location A,11.41,76.69,Tamil Nadu,Nilgiris,2022-04-07,0.0,0.0,6.56165075302124,11.5,76.75
DEMO-NLG-001,Demo Nilgiris location A,11.41,76.69,Tamil Nadu,Nilgiris,2022-04-08,0.0,0.0,6.56165075302124,11.5,76.75
DEMO-NLG-001,Demo Nilgiris location A,11.41,76.69,Tamil Nadu,Nilgiris,2022-04-09,6.0808844566345215,6.0808844566345215,6.0808844566345215,11.5,76.75
DEMO-NLG-001,Demo Nilgiris location A,11.41,76.69,Tamil Nadu,Nilgiris,2022-04-10,1.6090238094329834,7.689908266067505,7.689908266067505,11.5,76.75
DEMO-NLG-001,Demo Nilgiris location A,11.41,76.69,Tamil Nadu,Nilgiris,2022-04-11,0.0,7.689908266067505,7.689908266067505,11.5,76.75
DEMO-NLG-001,Demo Nilgiris location A,11.41,76.69,Tamil Nadu,Nilgiris,2022-04-12,0.10313403606414795,1.7121578454971313,7.793042302131653,11.5,76.75
DEMO-NLG-001,Demo Nilgiris location A,11.41,76.69,Tamil Nadu,Nilgiris,2022-04-13,5.760656833648682,5.86379086971283,13.553699135780334,11.5,76.75
DEMO-NLG-001,Demo Nilgiris location A,11.41,76.69,Tamil Nadu,Nilgiris,2022-04-14,0.6486283540725708,6.5124192237854,14.202327489852905,11.5,76.75
DEMO-NLG-001,Demo Nilgiris location A,11.41,76.69,Tamil Nadu,Nilgiris,2022-04-15,25.809574127197266,32.21885931491852,40.01190161705017,11.5,76.75
DEMO-NLG-001,Demo Nilgiris location A,11.41,76.69,Tamil Nadu,Nilgiris,2022-04-16,1.2789918184280396,27.737194299697876,35.21000897884369,11.5,76.75
DEMO-NLG-001,Demo Nilgiris location A,11.41,76.69,Tamil Nadu,Nilgiris,2022-04-17,12.051946640014648,39.140512585639954,45.652931809425354,11.5,76.75
DEMO-NLG-001,Demo Nilgiris location A,11.41,76.69,Tamil Nadu,Nilgiris,2022-04-18,11.948989868164062,25.27992832660675,57.60192167758942,11.5,76.75
DEMO-NLG-001,Demo Nilgiris location A,11.41,76.69,Tamil Nadu,Nilgiris,2022-04-19,1.102418065071106,25.103354573249817,58.601205706596375,11.5,76.75
DEMO-NLG-001,Demo Nilgiris location A,11.41,76.69,Tamil Nadu,Nilgiris,2022-04-20,0.0,13.051407933235168,52.84054887294769,11.5,76.75
DEMO-NLG-001,Demo Nilgiris location A,11.41,76.69,Tamil Nadu,Nilgiris,2022-04-21,0.0,1.102418065071106,52.19192051887512,11.5,76.75
DEMO-NLG-001,Demo Nilgiris location A,11.41,76.69,Tamil Nadu,Nilgiris,2022-04-22,0.0,0.0,26.382346391677856,11.5,76.75
DEMO-NLG-001,Demo Nilgiris location A,11.41,76.69,Tamil Nadu,Nilgiris,2022-04-23,34.53160095214844,34.53160095214844,59.634955525398254,11.5,76.75
DEMO-NLG-001,Demo Nilgiris location A,11.41,76.69,Tamil Nadu,Nilgiris,2022-04-24,5.9928436279296875,40.524444580078125,53.57585251331329,11.5,76.75
DEMO-NLG-001,Demo Nilgiris location A,11.41,76.69,Tamil Nadu,Nilgiris,2022-04-25,0.49504339694976807,41.01948797702789,42.121906042099,11.5,76.75
DEMO-NLG-001,Demo Nilgiris location A,11.41,76.69,Tamil Nadu,Nilgiris,2022-04-26,0.0,6.487887024879456,41.01948797702789,11.5,76.75
DEMO-NLG-001,Demo Nilgiris location A,11.41,76.69,Tamil Nadu,Nilgiris,2022-04-27,0.0,0.49504339694976807,41.01948797702789,11.5,76.75
DEMO-NLG-001,Demo Nilgiris location A,11.41,76.69,Tamil Nadu,Nilgiris,2022-04-28,0.0,0.0,41.01948797702789,11.5,76.75
DEMO-NLG-001,Demo Nilgiris location A,11.41,76.69,Tamil Nadu,Nilgiris,2022-04-29,0.0,0.0,41.01948797702789,11.5,76.75
DEMO-NLG-001,Demo Nilgiris location A,11.41,76.69,Tamil Nadu,Nilgiris,2022-04-30,2.2254631519317627,2.2254631519317627,8.713350176811218,11.5,76.75
DEMO-NLG-001,Demo Nilgiris location A,11.41,76.69,Tamil Nadu,Nilgiris,2022-05-01,0.0,2.2254631519317627,2.7205065488815308,11.5,76.75
DEMO-NLG-001,Demo Nilgiris location A,11.41,76.69,Tamil Nadu,Nilgiris,2022-05-02,6.382206439971924,8.607669591903687,8.607669591903687,11.5,76.75
DEMO-NLG-001,Demo Nilgiris location A,11.41,76.69,Tamil Nadu,Nilgiris,2022-05-03,5.422987461090088,11.805193901062012,14.030657052993774,11.5,76.75
DEMO-NLG-001,Demo Nilgiris location A,11.41,76.69,Tamil Nadu,Nilgiris,2022-05-04,3.92216157913208,15.727355480194092,17.952818632125854,11.5,76.75
DEMO-NLG-001,Demo Nilgiris location A,11.41,76.69,Tamil Nadu,Nilgiris,2022-05-05,7.722654342651367,17.067803382873535,25.67547297477722,11.5,76.75
DEMO-NLG-001,Demo Nilgiris location A,11.41,76.69,Tamil Nadu,Nilgiris,2022-05-06,0.0,11.644815921783447,25.67547297477722,11.5,76.75
DEMO-NLG-001,Demo Nilgiris location A,11.41,76.69,Tamil Nadu,Nilgiris,2022-05-07,0.0,7.722654342651367,23.45000982284546,11.5,76.75
DEMO-NLG-001,Demo Nilgiris location A,11.41,76.69,Tamil Nadu,Nilgiris,2022-05-08,9.888195991516113,9.888195991516113,33.33820581436157,11.5,76.75
DEMO-NLG-001,Demo Nilgiris location A,11.41,76.69,Tamil Nadu,Nilgiris,2022-05-09,18.724424362182617,28.61262035369873,45.680423736572266,11.5,76.75
DEMO-NLG-001,Demo Nilgiris location A,11.41,76.69,Tamil Nadu,Nilgiris,2022-05-10,0.5286772847175598,29.14129763841629,40.78611356019974,11.5,76.75
DEMO-NLG-001,Demo Nilgiris location A,11.41,76.69,Tamil Nadu,Nilgiris,2022-05-11,10.673831939697266,29.926933586597443,47.53778392076492,11.5,76.75
DEMO-NLG-001,Demo Nilgiris location A,11.41,76.69,Tamil Nadu,Nilgiris,2022-05-12,0.6628149747848511,11.865324199199677,40.47794455289841,11.5,76.75
DEMO-NLG-001,Demo Nilgiris location A,11.41,76.69,Tamil Nadu,Nilgiris,2022-05-13,5.2871294021606445,16.62377631664276,45.76507395505905,11.5,76.75
DEMO-NLG-001,Demo Nilgiris location A,11.41,76.69,Tamil Nadu,Nilgiris,2022-05-14,0.10313403606414795,6.0530784130096436,45.8682079911232,11.5,76.75
DEMO-NLG-001,Demo Nilgiris location A,11.41,76.69,Tamil Nadu,Nilgiris,2022-05-15,26.526798248291016,31.917061686515808,62.5068102478981,11.5,76.75
DEMO-NLG-001,Demo Nilgiris location A,11.41,76.69,Tamil Nadu,Nilgiris,2022-05-16,26.033538818359375,52.66347110271454,69.81592470407486,11.5,76.75
DEMO-NLG-001,Demo Nilgiris location A,11.41,76.69,Tamil Nadu,Nilgiris,2022-05-17,14.70522689819336,67.26556396484375,83.99247431755066,11.5,76.75
DEMO-NLG-001,Demo Nilgiris location A,11.41,76.69,Tamil Nadu,Nilgiris,2022-05-18,3.597733974456787,44.33649969100952,76.91637635231018,11.5,76.75
DEMO-NLG-001,Demo Nilgiris location A,11.41,76.69,Tamil Nadu,Nilgiris,2022-05-19,2.9626305103302,21.265591382980347,79.21619188785553,11.5,76.75
DEMO-NLG-001,Demo Nilgiris location A,11.41,76.69,Tamil Nadu,Nilgiris,2022-05-20,0.0,6.560364484786987,73.92906248569489,11.5,76.75
DEMO-NLG-001,Demo Nilgiris location A,11.41,76.69,Tamil Nadu,Nilgiris,2022-05-21,0.8908554911613464,3.8534860014915466,74.71678394079208,11.5,76.75
DEMO-NLG-001,Demo Nilgiris location A,11.41,76.69,Tamil Nadu,Nilgiris,2022-05-22,3.3945364952087402,4.285391986370087,51.58452218770981,11.5,76.75
DEMO-NLG-001,Demo Nilgiris location A,11.41,76.69,Tamil Nadu,Nilgiris,2022-05-23,0.0,4.285391986370087,25.550983369350433,11.5,76.75
DEMO-NLG-001,Demo Nilgiris location A,11.41,76.69,Tamil Nadu,Nilgiris,2022-05-24,0.0,3.3945364952087402,10.845756471157074,11.5,76.75
DEMO-NLG-001,Demo Nilgiris location A,11.41,76.69,Tamil Nadu,Nilgiris,2022-05-25,0.0,0.0,7.248022496700287,11.5,76.75
DEMO-NLG-001,Demo Nilgiris location A,11.41,76.69,Tamil Nadu,Nilgiris,2022-05-26,5.773619651794434,5.773619651794434,10.05901163816452,11.5,76.75
DEMO-NLG-001,Demo Nilgiris location A,11.41,76.69,Tamil Nadu,Nilgiris,2022-05-27,17.130624771118164,22.904244422912598,27.189636409282684,11.5,76.75
DEMO-NLG-001,Demo Nilgiris location A,11.41,76.69,Tamil Nadu,Nilgiris,2022-05-28,3.0460710525512695,25.950315475463867,29.344851970672607,11.5,76.75
DEMO-NLG-001,Demo Nilgiris location A,11.41,76.69,Tamil Nadu,Nilgiris,2022-05-29,0.3300289213657379,20.50672474503517,26.280344396829605,11.5,76.75
DEMO-NLG-001,Demo Nilgiris location A,11.41,76.69,Tamil Nadu,Nilgiris,2022-05-30,23.733911514282227,27.110011488199234,50.01425591111183,11.5,76.75
DEMO-NLG-001,Demo Nilgiris location A,11.41,76.69,Tamil Nadu,Nilgiris,2022-05-31,18.803279876708984,42.86722031235695,68.81753578782082,11.5,76.75
DEMO-NLG-001,Demo Nilgiris location A,11.41,76.69,Tamil Nadu,Nilgiris,2022-06-01,9.305058479309082,51.84224987030029,78.1225942671299,11.5,76.75
DEMO-NLG-001,Demo Nilgiris location A,11.41,76.69,Tamil Nadu,Nilgiris,2022-06-02,6.666938781738281,34.77527713775635,79.01591339707375,11.5,76.75
DEMO-NLG-001,Demo Nilgiris location A,11.41,76.69,Tamil Nadu,Nilgiris,2022-06-03,17.41107749938965,33.38307476043701,79.29636612534523,11.5,76.75
DEMO-NLG-001,Demo Nilgiris location A,11.41,76.69,Tamil Nadu,Nilgiris,2022-06-04,0.0,24.07801628112793,76.25029507279396,11.5,76.75
DEMO-NLG-001,Demo Nilgiris location A,11.41,76.69,Tamil Nadu,Nilgiris,2022-06-05,0.16501446068286896,17.576091960072517,76.08528061211109,11.5,76.75
DEMO-NLG-001,Demo Nilgiris location A,11.41,76.69,Tamil Nadu,Nilgiris,2022-06-06,2.2841782569885254,2.4491927176713943,54.63554735481739,11.5,76.75
DEMO-NLG-001,Demo Nilgiris location A,11.41,76.69,Tamil Nadu,Nilgiris,2022-06-07,3.204298257827759,5.653490975499153,39.036565735936165,11.5,76.75
DEMO-NLG-001,Demo Nilgiris location A,11.41,76.69,Tamil Nadu,Nilgiris,2022-06-08,0.0,5.488476514816284,29.731507256627083,11.5,76.75
DEMO-NLG-001,Demo Nilgiris location A,11.41,76.69,Tamil Nadu,Nilgiris,2022-06-09,0.22689487040042877,3.4311931282281876,23.29146334528923,11.5,76.75
DEMO-NLG-001,Demo Nilgiris location A,11.41,76.69,Tamil Nadu,Nilgiris,2022-06-10,2.1039342880249023,2.330829158425331,7.984320133924484,11.5,76.75
DEMO-NLG-001,Demo Nilgiris location A,11.41,76.69,Tamil Nadu,Nilgiris,2022-06-11,20.372684478759766,22.703513637185097,28.35700461268425,11.5,76.75
DEMO-NLG-001,Demo Nilgiris location A,11.41,76.69,Tamil Nadu,Nilgiris,2022-06-12,3.8661117553710938,26.34273052215576,32.058101907372475,11.5,76.75
DEMO-NLG-001,Demo Nilgiris location A,11.41,76.69,Tamil Nadu,Nilgiris,2022-06-13,24.80379295349121,49.04258918762207,54.57771660387516,11.5,76.75
DEMO-NLG-001,Demo Nilgiris location A,11.41,76.69,Tamil Nadu,Nilgiris,2022-06-14,3.8267343044281006,32.496639013290405,55.2001526504755,11.5,76.75
DEMO-NLG-001,Demo Nilgiris location A,11.41,76.69,Tamil Nadu,Nilgiris,2022-06-15,3.147338628768921,31.777865886688232,58.34749127924442,11.5,76.75
DEMO-NLG-001,Demo Nilgiris location A,11.41,76.69,Tamil Nadu,Nilgiris,2022-06-16,1.1317757368087769,8.105848670005798,59.25237214565277,11.5,76.75
DEMO-NLG-001,Demo Nilgiris location A,11.41,76.69,Tamil Nadu,Nilgiris,2022-06-17,18.996074676513672,23.27518904209137,76.14451253414154,11.5,76.75
DEMO-NLG-001,Demo Nilgiris location A,11.41,76.69,Tamil Nadu,Nilgiris,2022-06-18,11.10200309753418,31.22985351085663,66.87383115291595,11.5,76.75
DEMO-NLG-001,Demo Nilgiris location A,11.41,76.69,Tamil Nadu,Nilgiris,2022-06-19,3.65633225440979,33.75441002845764,66.66405165195465,11.5,76.75
DEMO-NLG-001,Demo Nilgiris location A,11.41,76.69,Tamil Nadu,Nilgiris,2022-06-20,26.92087173461914,41.67920708656311,68.78113043308258,11.5,76.75
DEMO-NLG-001,Demo Nilgiris location A,11.41,76.69,Tamil Nadu,Nilgiris,2022-06-21,4.964720249176025,35.541924238204956,69.9191163778305,11.5,76.75
DEMO-NLG-001,Demo Nilgiris location A,11.41,76.69,Tamil Nadu,Nilgiris,2022-06-22,2.5774078369140625,34.46299982070923,69.34918558597565,11.5,76.75
DEMO-NLG-001,Demo Nilgiris location A,11.41,76.69,Tamil Nadu,Nilgiris,2022-06-23,14.175742149353027,21.717870235443115,82.3931519985199,11.5,76.75
DEMO-NLG-001,Demo Nilgiris location A,11.41,76.69,Tamil Nadu,Nilgiris,2022-06-24,1.2887039184570312,18.04185390472412,64.68578124046326,11.5,76.75
DEMO-NLG-001,Demo Nilgiris location A,11.41,76.69,Tamil Nadu,Nilgiris,2022-06-25,0.1443876475095749,15.608833715319633,53.72816579043865,11.5,76.75
DEMO-NLG-001,Demo Nilgiris location A,11.41,76.69,Tamil Nadu,Nilgiris,2022-06-26,2.917567253112793,4.350658819079399,52.989400789141655,11.5,76.75
DEMO-NLG-001,Demo Nilgiris location A,11.41,76.69,Tamil Nadu,Nilgiris,2022-06-27,0.0,3.061954900622368,26.068529054522514,11.5,76.75
DEMO-NLG-001,Demo Nilgiris location A,11.41,76.69,Tamil Nadu,Nilgiris,2022-06-28,0.0,2.917567253112793,21.10380880534649,11.5,76.75
DEMO-NLG-001,Demo Nilgiris location A,11.41,76.69,Tamil Nadu,Nilgiris,2022-06-29,1.3293129205703735,1.3293129205703735,19.8557138890028,11.5,76.75
DEMO-NLG-001,Demo Nilgiris location A,11.41,76.69,Tamil Nadu,Nilgiris,2022-06-30,0.5661211609840393,1.8954340815544128,6.246092900633812,11.5,76.75
DEMO-NLG-001,Demo Nilgiris location A,11.41,76.69,Tamil Nadu,Nilgiris,2022-07-01,3.007227659225464,4.902661740779877,7.964616641402245,11.5,76.75
DEMO-NLG-001,Demo Nilgiris location A,11.41,76.69,Tamil Nadu,Nilgiris,2022-07-02,0.2062680721282959,3.779616892337799,8.026497066020966,11.5,76.75
DEMO-NLG-001,Demo Nilgiris location A,11.41,76.69,Tamil Nadu,Nilgiris,2022-07-03,2.2581636905670166,5.471659421920776,7.367093503475189,11.5,76.75
DEMO-NLG-001,Demo Nilgiris location A,11.41,76.69,Tamil Nadu,Nilgiris,2022-07-04,2.6065874099731445,5.071019172668457,9.973680913448334,11.5,76.75
DEMO-NLG-001,Demo Nilgiris location A,11.41,76.69,Tamil Nadu,Nilgiris,2022-07-05,5.436042785644531,10.300793886184692,15.409723699092865,11.5,76.75
DEMO-NLG-001,Demo Nilgiris location A,11.41,76.69,Tamil Nadu,Nilgiris,2022-07-06,7.290223121643066,15.332853317260742,21.370633900165558,11.5,76.75
DEMO-NLG-001,Demo Nilgiris location A,11.41,76.69,Tamil Nadu,Nilgiris,2022-07-07,1.7766655683517456,14.502931475639343,22.581178307533264,11.5,76.75
DEMO-NLG-001,Demo Nilgiris location A,11.41,76.69,Tamil Nadu,Nilgiris,2022-07-08,4.237884044647217,13.304772734642029,23.811834692955017,11.5,76.75
DEMO-NLG-001,Demo Nilgiris location A,11.41,76.69,Tamil Nadu,Nilgiris,2022-07-09,2.462268114089966,8.476817727088928,26.067834734916687,11.5,76.75
DEMO-NLG-001,Demo Nilgiris location A,11.41,76.69,Tamil Nadu,Nilgiris,2022-07-10,6.042444705963135,12.742596864700317,29.852115750312805,11.5,76.75
DEMO-NLG-001,Demo Nilgiris location A,11.41,76.69,Tamil Nadu,Nilgiris,2022-07-11,3.484987497329712,11.989700317382812,30.730515837669373,11.5,76.75
DEMO-NLG-001,Demo Nilgiris location A,11.41,76.69,Tamil Nadu,Nilgiris,2022-07-12,3.808974027633667,13.336406230926514,29.10344707965851,11.5,76.75
DEMO-NLG-001,Demo Nilgiris location A,11.41,76.69,Tamil Nadu,Nilgiris,2022-07-13,2.188019037246704,9.481980562210083,24.001242995262146,11.5,76.75
DEMO-NLG-001,Demo Nilgiris location A,11.41,76.69,Tamil Nadu,Nilgiris,2022-07-14,7.160647869110107,13.157640933990479,29.385225296020508,11.5,76.75
DEMO-NLG-001,Demo Nilgiris location A,11.41,76.69,Tamil Nadu,Nilgiris,2022-07-15,4.125817775726318,13.47448468208313,29.27315902709961,11.5,76.75
DEMO-NLG-001,Demo Nilgiris location A,11.41,76.69,Tamil Nadu,Nilgiris,2022-07-16,2.428565740585327,13.715031385421753,29.23945665359497,11.5,76.75
DEMO-NLG-001,Demo Nilgiris location A,11.41,76.69,Tamil Nadu,Nilgiris,2022-07-17,0.4125361442565918,6.966919660568237,23.609548091888428,11.5,76.75
DEMO-NLG-001,Demo Nilgiris location A,11.41,76.69,Tamil Nadu,Nilgiris,2022-07-18,2.044275999069214,4.885377883911133,22.16883659362793,11.5,76.75
DEMO-NLG-001,Demo Nilgiris location A,11.41,76.69,Tamil Nadu,Nilgiris,2022-07-19,1.3178834915161133,3.774695634841919,19.677746057510376,11.5,76.75
DEMO-NLG-001,Demo Nilgiris location A,11.41,76.69,Tamil Nadu,Nilgiris,2022-07-20,9.168750762939453,12.53091025352478,26.658477783203125,11.5,76.75
DEMO-NLG-001,Demo Nilgiris location A,11.41,76.69,Tamil Nadu,Nilgiris,2022-07-21,17.56914520263672,28.055779457092285,37.066975116729736,11.5,76.75
DEMO-NLG-001,Demo Nilgiris location A,11.41,76.69,Tamil Nadu,Nilgiris,2022-07-22,2.9920566082000732,29.729952573776245,35.93321394920349,11.5,76.75
DEMO-NLG-001,Demo Nilgiris location A,11.41,76.69,Tamil Nadu,Nilgiris,2022-07-23,0.0,20.561201810836792,33.504648208618164,11.5,76.75
DEMO-NLG-001,Demo Nilgiris location A,11.41,76.69,Tamil Nadu,Nilgiris,2022-07-24,0.0,2.9920566082000732,33.09211206436157,11.5,76.75
DEMO-NLG-001,Demo Nilgiris location A,11.41,76.69,Tamil Nadu,Nilgiris,2022-07-25,2.5304007530212402,2.5304007530212402,33.5782368183136,11.5,76.75
DEMO-NLG-001,Demo Nilgiris location A,11.41,76.69,Tamil Nadu,Nilgiris,2022-07-26,0.0,2.5304007530212402,32.260353326797485,11.5,76.75
DEMO-NLG-001,Demo Nilgiris location A,11.41,76.69,Tamil Nadu,Nilgiris,2022-07-27,6.382248878479004,8.912649631500244,29.473851442337036,11.5,76.75
DEMO-NLG-001,Demo Nilgiris location A,11.41,76.69,Tamil Nadu,Nilgiris,2022-07-28,0.0,6.382248878479004,11.904706239700317,11.5,76.75
DEMO-NLG-001,Demo Nilgiris location A,11.41,76.69,Tamil Nadu,Nilgiris,2022-07-29,23.613258361816406,29.99550724029541,32.52590799331665,11.5,76.75
DEMO-NLG-001,Demo Nilgiris location A,11.41,76.69,Tamil Nadu,Nilgiris,2022-07-30,0.10313403606414795,23.716392397880554,32.6290420293808,11.5,76.75
DEMO-NLG-001,Demo Nilgiris location A,11.41,76.69,Tamil Nadu,Nilgiris,2022-07-31,12.983977317810059,36.70036971569061,45.61301934719086,11.5,76.75
DEMO-NLG-001,Demo Nilgiris location A,11.41,76.69,Tamil Nadu,Nilgiris,2022-08-01,13.634177207946777,26.721288561820984,56.716795802116394,11.5,76.75
DEMO-NLG-001,Demo Nilgiris location A,11.41,76.69,Tamil Nadu,Nilgiris,2022-08-02,12.372659683227539,38.990814208984375,69.08945548534393,11.5,76.75
DEMO-NLG-001,Demo Nilgiris location A,11.41,76.69,Tamil Nadu,Nilgiris,2022-08-03,0.7105088233947754,26.717345714569092,63.417715430259705,11.5,76.75
DEMO-NLG-001,Demo Nilgiris location A,11.41,76.69,Tamil Nadu,Nilgiris,2022-08-04,6.938667297363281,20.021835803985596,70.35638272762299,11.5,76.75
DEMO-NLG-001,Demo Nilgiris location A,11.41,76.69,Tamil Nadu,Nilgiris,2022-08-05,51.565120697021484,59.21429681777954,98.30824506282806,11.5,76.75
DEMO-NLG-001,Demo Nilgiris location A,11.41,76.69,Tamil Nadu,Nilgiris,2022-08-06,1.2169816493988037,59.72076964378357,99.42209267616272,11.5,76.75
DEMO-NLG-001,Demo Nilgiris location A,11.41,76.69,Tamil Nadu,Nilgiris,2022-08-07,1.7418490648269653,54.52395141124725,88.17996442317963,11.5,76.75
DEMO-NLG-001,Demo Nilgiris location A,11.41,76.69,Tamil Nadu,Nilgiris,2022-08-08,4.697248935699463,7.656079649925232,79.24303615093231,11.5,76.75
DEMO-NLG-001,Demo Nilgiris location A,11.41,76.69,Tamil Nadu,Nilgiris,2022-08-09,6.118070125579834,12.557168126106262,72.9884465932846,11.5,76.75
DEMO-NLG-001,Demo Nilgiris location A,11.41,76.69,Tamil Nadu,Nilgiris,2022-08-10,4.167538166046143,14.98285722732544,76.44547593593597,11.5,76.75
DEMO-NLG-001,Demo Nilgiris location A,11.41,76.69,Tamil Nadu,Nilgiris,2022-08-11,3.767542600631714,14.05315089225769,73.2743512392044,11.5,76.75
DEMO-NLG-001,Demo Nilgiris location A,11.41,76.69,Tamil Nadu,Nilgiris,2022-08-12,4.556515693664551,12.491596460342407,26.265746235847473,11.5,76.75
DEMO-NLG-001,Demo Nilgiris location A,11.41,76.69,Tamil Nadu,Nilgiris,2022-08-13,0.0,8.324058294296265,25.04876458644867,11.5,76.75
DEMO-NLG-001,Demo Nilgiris location A,11.41,76.69,Tamil Nadu,Nilgiris,2022-08-14,2.618661403656006,7.175177097320557,25.92557692527771,11.5,76.75
DEMO-NLG-001,Demo Nilgiris location A,11.41,76.69,Tamil Nadu,Nilgiris,2022-08-15,0.0,2.618661403656006,21.228327989578247,11.5,76.75
DEMO-NLG-001,Demo Nilgiris location A,11.41,76.69,Tamil Nadu,Nilgiris,2022-08-16,0.0,2.618661403656006,15.110257863998413,11.5,76.75
DEMO-NLG-001,Demo Nilgiris location A,11.41,76.69,Tamil Nadu,Nilgiris,2022-08-17,0.0,0.0,10.94271969795227,11.5,76.75
DEMO-NLG-001,Demo Nilgiris location A,11.41,76.69,Tamil Nadu,Nilgiris,2022-08-18,0.0,0.0,7.175177097320557,11.5,76.75
DEMO-NLG-001,Demo Nilgiris location A,11.41,76.69,Tamil Nadu,Nilgiris,2022-08-19,0.0,0.0,2.618661403656006,11.5,76.75
DEMO-NLG-001,Demo Nilgiris location A,11.41,76.69,Tamil Nadu,Nilgiris,2022-08-20,0.0,0.0,2.618661403656006,11.5,76.75
DEMO-NLG-001,Demo Nilgiris location A,11.41,76.69,Tamil Nadu,Nilgiris,2022-08-21,0.0,0.0,0.0,11.5,76.75
DEMO-NLG-001,Demo Nilgiris location A,11.41,76.69,Tamil Nadu,Nilgiris,2022-08-22,0.9722201228141785,0.9722201228141785,0.9722201228141785,11.5,76.75
DEMO-NLG-001,Demo Nilgiris location A,11.41,76.69,Tamil Nadu,Nilgiris,2022-08-23,6.130545139312744,7.102765262126923,7.102765262126923,11.5,76.75
DEMO-NLG-001,Demo Nilgiris location A,11.41,76.69,Tamil Nadu,Nilgiris,2022-08-24,0.48742371797561646,7.590188980102539,7.590188980102539,11.5,76.75
DEMO-NLG-001,Demo Nilgiris location A,11.41,76.69,Tamil Nadu,Nilgiris,2022-08-25,0.4125361442565918,7.030505001544952,8.00272512435913,11.5,76.75
DEMO-NLG-001,Demo Nilgiris location A,11.41,76.69,Tamil Nadu,Nilgiris,2022-08-26,5.468493938446045,6.368453800678253,13.471219062805176,11.5,76.75
DEMO-NLG-001,Demo Nilgiris location A,11.41,76.69,Tamil Nadu,Nilgiris,2022-08-27,24.988656997680664,30.8696870803833,38.45987606048584,11.5,76.75
DEMO-NLG-001,Demo Nilgiris location A,11.41,76.69,Tamil Nadu,Nilgiris,2022-08-28,7.945269584655762,38.40242052078247,46.4051456451416,11.5,76.75
DEMO-NLG-001,Demo Nilgiris location A,11.41,76.69,Tamil Nadu,Nilgiris,2022-08-29,18.020475387573242,50.95440196990967,63.453400909900665,11.5,76.75
DEMO-NLG-001,Demo Nilgiris location A,11.41,76.69,Tamil Nadu,Nilgiris,2022-08-30,5.311456203460693,31.277201175689697,62.634311974048615,11.5,76.75
DEMO-NLG-001,Demo Nilgiris location A,11.41,76.69,Tamil Nadu,Nilgiris,2022-08-31,46.85002517700195,70.18195676803589,108.99691343307495,11.5,76.75
DEMO-NLG-001,Demo Nilgiris location A,11.41,76.69,Tamil Nadu,Nilgiris,2022-09-01,36.03584289550781,88.19732427597046,144.62022018432617,11.5,76.75
DEMO-NLG-001,Demo Nilgiris location A,11.41,76.69,Tamil Nadu,Nilgiris,2022-09-02,9.087894439697266,91.97376251220703,148.2396206855774,11.5,76.75
DEMO-NLG-001,Demo Nilgiris location A,11.41,76.69,Tamil Nadu,Nilgiris,2022-09-03,1.569859504699707,46.693596839904785,124.82082319259644,11.5,76.75
DEMO-NLG-001,Demo Nilgiris location A,11.41,76.69,Tamil Nadu,Nilgiris,2022-09-04,0.3197154998779297,10.977469444274902,117.1952691078186,11.5,76.75
DEMO-NLG-001,Demo Nilgiris location A,11.41,76.69,Tamil Nadu,Nilgiris,2022-09-05,25.859298706054688,27.748873710632324,125.03409242630005,11.5,76.75
DEMO-NLG-001,Demo Nilgiris location A,11.41,76.69,Tamil Nadu,Nilgiris,2022-09-06,1.2299888134002686,27.409003019332886,120.95262503623962,11.5,76.75
DEMO-NLG-001,Demo Nilgiris location A,11.41,76.69,Tamil Nadu,Nilgiris,2022-09-07,7.149579048156738,34.238866567611694,81.25217890739441,11.5,76.75
DEMO-NLG-001,Demo Nilgiris location A,11.41,76.69,Tamil Nadu,Nilgiris,2022-09-08,3.061164617538452,11.440732479095459,48.27750062942505,11.5,76.75
DEMO-NLG-001,Demo Nilgiris location A,11.41,76.69,Tamil Nadu,Nilgiris,2022-09-09,0.0,10.21074366569519,39.18960618972778,11.5,76.75
DEMO-NLG-001,Demo Nilgiris location A,11.41,76.69,Tamil Nadu,Nilgiris,2022-09-10,0.8594221472740173,3.9205867648124695,38.47916883230209,11.5,76.75
DEMO-NLG-001,Demo Nilgiris location A,11.41,76.69,Tamil Nadu,Nilgiris,2022-09-11,3.1501266956329346,4.009548842906952,41.3095800280571,11.5,76.75
DEMO-NLG-001,Demo Nilgiris location A,11.41,76.69,Tamil Nadu,Nilgiris,2022-09-12,0.4667969048023224,4.476345747709274,15.917078226804733,11.5,76.75
DEMO-NLG-001,Demo Nilgiris location A,11.41,76.69,Tamil Nadu,Nilgiris,2022-09-13,0.10313403606414795,3.720057636499405,14.790223449468613,11.5,76.75
DEMO-NLG-001,Demo Nilgiris location A,11.41,76.69,Tamil Nadu,Nilgiris,2022-09-14,5.154815673828125,5.724746614694595,12.79546007514,11.5,76.75
DEMO-NLG-001,Demo Nilgiris location A,11.41,76.69,Tamil Nadu,Nilgiris,2022-09-15,9.559022903442383,14.816972613334656,19.29331836104393,11.5,76.75
DEMO-NLG-001,Demo Nilgiris location A,11.41,76.69,Tamil Nadu,Nilgiris,2022-09-16,0.0,14.713838577270508,19.29331836104393,11.5,76.75
DEMO-NLG-001,Demo Nilgiris location A,11.41,76.69,Tamil Nadu,Nilgiris,2022-09-17,0.0,9.559022903442383,18.433896213769913,11.5,76.75
DEMO-NLG-001,Demo Nilgiris location A,11.41,76.69,Tamil Nadu,Nilgiris,2022-09-18,0.599755048751831,0.599755048751831,15.88352456688881,11.5,76.75
DEMO-NLG-001,Demo Nilgiris location A,11.41,76.69,Tamil Nadu,Nilgiris,2022-09-19,4.883102893829346,5.482857942581177,20.299830555915833,11.5,76.75
DEMO-NLG-001,Demo Nilgiris location A,11.41,76.69,Tamil Nadu,Nilgiris,2022-09-20,0.0,5.482857942581177,20.196696519851685,11.5,76.75
DEMO-NLG-001,Demo Nilgiris location A,11.41,76.69,Tamil Nadu,Nilgiris,2022-09-21,0.0,4.883102893829346,15.04188084602356,11.5,76.75
DEMO-NLG-001,Demo Nilgiris location A,11.41,76.69,Tamil Nadu,Nilgiris,2022-09-22,0.0,0.0,5.482857942581177,11.5,76.75
DEMO-NLG-001,Demo Nilgiris location A,11.41,76.69,Tamil Nadu,Nilgiris,2022-09-23,0.0,0.0,5.482857942581177,11.5,76.75
DEMO-NLG-001,Demo Nilgiris location A,11.41,76.69,Tamil Nadu,Nilgiris,2022-09-24,0.0,0.0,5.482857942581177,11.5,76.75
DEMO-NLG-001,Demo Nilgiris location A,11.41,76.69,Tamil Nadu,Nilgiris,2022-09-25,0.0,0.0,4.883102893829346,11.5,76.75
DEMO-NLG-001,Demo Nilgiris location A,11.41,76.69,Tamil Nadu,Nilgiris,2022-09-26,16.965166091918945,16.965166091918945,16.965166091918945,11.5,76.75
DEMO-NLG-001,Demo Nilgiris location A,11.41,76.69,Tamil Nadu,Nilgiris,2022-09-27,0.0,16.965166091918945,16.965166091918945,11.5,76.75
DEMO-NLG-001,Demo Nilgiris location A,11.41,76.69,Tamil Nadu,Nilgiris,2022-09-28,0.0,16.965166091918945,16.965166091918945,11.5,76.75
DEMO-NLG-001,Demo Nilgiris location A,11.41,76.69,Tamil Nadu,Nilgiris,2022-09-29,0.0,0.0,16.965166091918945,11.5,76.75
DEMO-NLG-001,Demo Nilgiris location A,11.41,76.69,Tamil Nadu,Nilgiris,2022-09-30,0.0,0.0,16.965166091918945,11.5,76.75
DEMO-NLG-001,Demo Nilgiris location A,11.41,76.69,Tamil Nadu,Nilgiris,2022-10-01,0.0,0.0,16.965166091918945,11.5,76.75
DEMO-NLG-001,Demo Nilgiris location A,11.41,76.69,Tamil Nadu,Nilgiris,2022-10-02,0.30940210819244385,0.30940210819244385,17.27456820011139,11.5,76.75
DEMO-NLG-001,Demo Nilgiris location A,11.41,76.69,Tamil Nadu,Nilgiris,2022-10-03,12.512948036193848,12.822350144386292,12.822350144386292,11.5,76.75
DEMO-NLG-001,Demo Nilgiris location A,11.41,76.69,Tamil Nadu,Nilgiris,2022-10-04,0.0,12.822350144386292,12.822350144386292,11.5,76.75
DEMO-NLG-001,Demo Nilgiris location A,11.41,76.69,Tamil Nadu,Nilgiris,2022-10-05,2.8276233673095703,15.340571403503418,15.649973511695862,11.5,76.75
DEMO-NLG-001,Demo Nilgiris location A,11.41,76.69,Tamil Nadu,Nilgiris,2022-10-06,1.2887039184570312,4.116327285766602,16.938677430152893,11.5,76.75
DEMO-NLG-001,Demo Nilgiris location A,11.41,76.69,Tamil Nadu,Nilgiris,2022-10-07,0.0,4.116327285766602,16.938677430152893,11.5,76.75
DEMO-NLG-001,Demo Nilgiris location A,11.41,76.69,Tamil Nadu,Nilgiris,2022-10-08,0.0,1.2887039184570312,16.938677430152893,11.5,76.75
DEMO-NLG-001,Demo Nilgiris location A,11.41,76.69,Tamil Nadu,Nilgiris,2022-10-09,0.0,0.0,16.62927532196045,11.5,76.75
DEMO-NLG-001,Demo Nilgiris location A,11.41,76.69,Tamil Nadu,Nilgiris,2022-10-10,38.13328170776367,38.13328170776367,42.24960899353027,11.5,76.75
DEMO-NLG-001,Demo Nilgiris location A,11.41,76.69,Tamil Nadu,Nilgiris,2022-10-11,2.17565655708313,40.3089382648468,44.4252655506134,11.5,76.75
DEMO-NLG-001,Demo Nilgiris location A,11.41,76.69,Tamil Nadu,Nilgiris,2022-10-12,3.5235419273376465,43.83248019218445,45.12118411064148,11.5,76.75
DEMO-NLG-001,Demo Nilgiris location A,11.41,76.69,Tamil Nadu,Nilgiris,2022-10-13,2.284689426422119,7.9838879108428955,46.11716961860657,11.5,76.75
DEMO-NLG-001,Demo Nilgiris location A,11.41,76.69,Tamil Nadu,Nilgiris,2022-10-14,46.65142822265625,52.459659576416016,92.76859784126282,11.5,76.75
DEMO-NLG-001,Demo Nilgiris location A,11.41,76.69,Tamil Nadu,Nilgiris,2022-10-15,15.648213386535645,64.58433103561401,108.41681122779846,11.5,76.75
DEMO-NLG-001,Demo Nilgiris location A,11.41,76.69,Tamil Nadu,Nilgiris,2022-10-16,21.726791381835938,84.02643299102783,130.1436026096344,11.5,76.75
DEMO-NLG-001,Demo Nilgiris location A,11.41,76.69,Tamil Nadu,Nilgiris,2022-10-17,5.258416175842285,42.63342094421387,97.26873707771301,11.5,76.75
DEMO-NLG-001,Demo Nilgiris location A,11.41,76.69,Tamil Nadu,Nilgiris,2022-10-18,0.10313403606414795,27.08834159374237,95.19621455669403,11.5,76.75
DEMO-NLG-001,Demo Nilgiris location A,11.41,76.69,Tamil Nadu,Nilgiris,2022-10-19,2.8366475105285645,8.198197722434998,94.50932013988495,11.5,76.75
DEMO-NLG-001,Demo Nilgiris location A,11.41,76.69,Tamil Nadu,Nilgiris,2022-10-20,10.747486114501953,13.687267661094666,102.97211682796478,11.5,76.75
DEMO-NLG-001,Demo Nilgiris location A,11.41,76.69,Tamil Nadu,Nilgiris,2022-10-21,19.045095443725586,32.6292290687561,75.36578404903412,11.5,76.75
DEMO-NLG-001,Demo Nilgiris location A,11.41,76.69,Tamil Nadu,Nilgiris,2022-10-22,18.424217224121094,48.21679878234863,78.14178788661957,11.5,76.75
DEMO-NLG-001,Demo Nilgiris location A,11.41,76.69,Tamil Nadu,Nilgiris,2022-10-23,0.0,37.46931266784668,56.41499650478363,11.5,76.75
DEMO-NLG-001,Demo Nilgiris location A,11.41,76.69,Tamil Nadu,Nilgiris,2022-10-24,0.0,18.424217224121094,51.156580328941345,11.5,76.75
DEMO-NLG-001,Demo Nilgiris location A,11.41,76.69,Tamil Nadu,Nilgiris,2022-10-25,0.0,0.0,51.0534462928772,11.5,76.75
DEMO-NLG-001,Demo Nilgiris location A,11.41,76.69,Tamil Nadu,Nilgiris,2022-10-26,0.0,0.0,48.21679878234863,11.5,76.75
DEMO-NLG-001,Demo Nilgiris location A,11.41,76.69,Tamil Nadu,Nilgiris,2022-10-27,0.0,0.0,37.46931266784668,11.5,76.75
DEMO-NLG-001,Demo Nilgiris location A,11.41,76.69,Tamil Nadu,Nilgiris,2022-10-28,0.0,0.0,18.424217224121094,11.5,76.75
DEMO-NLG-001,Demo Nilgiris location A,11.41,76.69,Tamil Nadu,Nilgiris,2022-10-29,0.0,0.0,0.0,11.5,76.75
DEMO-NLG-001,Demo Nilgiris location A,11.41,76.69,Tamil Nadu,Nilgiris,2022-10-30,3.5404303073883057,3.5404303073883057,3.5404303073883057,11.5,76.75
DEMO-NLG-001,Demo Nilgiris location A,11.41,76.69,Tamil Nadu,Nilgiris,2022-10-31,2.7011687755584717,6.241599082946777,6.241599082946777,11.5,76.75
DEMO-NLG-001,Demo Nilgiris location A,11.41,76.69,Tamil Nadu,Nilgiris,2022-11-01,0.30940210819244385,6.551001191139221,6.551001191139221,11.5,76.75
DEMO-NLG-001,Demo Nilgiris location A,11.41,76.69,Tamil Nadu,Nilgiris,2022-11-02,0.0,3.0105708837509155,6.551001191139221,11.5,76.75
DEMO-NLG-001,Demo Nilgiris location A,11.41,76.69,Tamil Nadu,Nilgiris,2022-11-03,18.648897171020508,18.95829927921295,25.19989836215973,11.5,76.75
DEMO-NLG-001,Demo Nilgiris location A,11.41,76.69,Tamil Nadu,Nilgiris,2022-11-04,6.706110000610352,25.35500717163086,31.90600836277008,11.5,76.75
DEMO-NLG-001,Demo Nilgiris location A,11.41,76.69,Tamil Nadu,Nilgiris,2022-11-05,14.902968406677246,40.257975578308105,46.80897676944733,11.5,76.75
DEMO-NLG-001,Demo Nilgiris location A,11.41,76.69,Tamil Nadu,Nilgiris,2022-11-06,1.2887039184570312,22.89778232574463,44.55725038051605,11.5,76.75
DEMO-NLG-001,Demo Nilgiris location A,11.41,76.69,Tamil Nadu,Nilgiris,2022-11-07,5.422520637512207,21.614192962646484,47.27860224246979,11.5,76.75
DEMO-NLG-001,Demo Nilgiris location A,11.41,76.69,Tamil Nadu,Nilgiris,2022-11-08,0.0,6.711224555969238,46.969200134277344,11.5,76.75
DEMO-NLG-001,Demo Nilgiris location A,11.41,76.69,Tamil Nadu,Nilgiris,2022-11-09,0.0,5.422520637512207,46.969200134277344,11.5,76.75
DEMO-NLG-001,Demo Nilgiris location A,11.41,76.69,Tamil Nadu,Nilgiris,2022-11-10,0.0,0.0,28.320302963256836,11.5,76.75
DEMO-NLG-001,Demo Nilgiris location A,11.41,76.69,Tamil Nadu,Nilgiris,2022-11-11,2.2731406688690186,2.2731406688690186,23.887333631515503,11.5,76.75
DEMO-NLG-001,Demo Nilgiris location A,11.41,76.69,Tamil Nadu,Nilgiris,2022-11-12,52.28709030151367,54.56023097038269,61.27145552635193,11.5,76.75
DEMO-NLG-001,Demo Nilgiris location A,11.41,76.69,Tamil Nadu,Nilgiris,2022-11-13,23.17591667175293,77.73614764213562,83.15866827964783,11.5,76.75
DEMO-NLG-001,Demo Nilgiris location A,11.41,76.69,Tamil Nadu,Nilgiris,2022-11-14,8.58574390411377,84.04875087738037,86.32189154624939,11.5,76.75
DEMO-NLG-001,Demo Nilgiris location A,11.41,76.69,Tamil Nadu,Nilgiris,2022-11-15,4.1523308753967285,35.91399145126343,90.47422242164612,11.5,76.75
DEMO-NLG-001,Demo Nilgiris location A,11.41,76.69,Tamil Nadu,Nilgiris,2022-11-16,0.17381660640239716,12.911891385912895,90.64803902804852,11.5,76.75
DEMO-NLG-001,Demo Nilgiris location A,11.41,76.69,Tamil Nadu,Nilgiris,2022-11-17,0.0,4.326147481799126,90.64803902804852,11.5,76.75
DEMO-NLG-001,Demo Nilgiris location A,11.41,76.69,Tamil Nadu,Nilgiris,2022-11-18,0.0,0.17381660640239716,88.3748983591795,11.5,76.75
DEMO-NLG-001,Demo Nilgiris location A,11.41,76.69,Tamil Nadu,Nilgiris,2022-11-19,0.0,0.0,36.087808057665825,11.5,76.75
DEMO-NLG-001,Demo Nilgiris location A,11.41,76.69,Tamil Nadu,Nilgiris,2022-11-20,0.0,0.0,12.911891385912895,11.5,76.75
DEMO-NLG-001,Demo Nilgiris location A,11.41,76.69,Tamil Nadu,Nilgiris,2022-11-21,0.0,0.0,4.326147481799126,11.5,76.75
DEMO-NLG-001,Demo Nilgiris location A,11.41,76.69,Tamil Nadu,Nilgiris,2022-11-22,0.0,0.0,0.17381660640239716,11.5,76.75
DEMO-NLG-001,Demo Nilgiris location A,11.41,76.69,Tamil Nadu,Nilgiris,2022-11-23,0.0,0.0,0.0,11.5,76.75
DEMO-NLG-001,Demo Nilgiris location A,11.41,76.69,Tamil Nadu,Nilgiris,2022-11-24,0.0,0.0,0.0,11.5,76.75
DEMO-NLG-001,Demo Nilgiris location A,11.41,76.69,Tamil Nadu,Nilgiris,2022-11-25,1.4397298097610474,1.4397298097610474,1.4397298097610474,11.5,76.75
DEMO-NLG-001,Demo Nilgiris location A,11.41,76.69,Tamil Nadu,Nilgiris,2022-11-26,0.26512598991394043,1.7048557996749878,1.7048557996749878,11.5,76.75
DEMO-NLG-001,Demo Nilgiris location A,11.41,76.69,Tamil Nadu,Nilgiris,2022-11-27,3.31392765045166,5.018783450126648,5.018783450126648,11.5,76.75
DEMO-NLG-001,Demo Nilgiris location A,11.41,76.69,Tamil Nadu,Nilgiris,2022-11-28,8.860408782958984,12.439462423324585,13.879192233085632,11.5,76.75
DEMO-NLG-001,Demo Nilgiris location A,11.41,76.69,Tamil Nadu,Nilgiris,2022-11-29,10.323715209960938,22.498051643371582,24.20290744304657,11.5,76.75
DEMO-NLG-001,Demo Nilgiris location A,11.41,76.69,Tamil Nadu,Nilgiris,2022-11-30,7.223334312438965,26.407458305358887,31.426241755485535,11.5,76.75
DEMO-NLG-001,Demo Nilgiris location A,11.41,76.69,Tamil Nadu,Nilgiris,2022-12-01,0.0,17.547049522399902,31.426241755485535,11.5,76.75
DEMO-NLG-001,Demo Nilgiris location A,11.41,76.69,Tamil Nadu,Nilgiris,2022-12-02,1.2887039184570312,8.512038230895996,31.27521586418152,11.5,76.75
DEMO-NLG-001,Demo Nilgiris location A,11.41,76.69,Tamil Nadu,Nilgiris,2022-12-03,2.7048561573028564,3.9935600757598877,33.714946031570435,11.5,76.75
DEMO-NLG-001,Demo Nilgiris location A,11.41,76.69,Tamil Nadu,Nilgiris,2022-12-04,1.6113827228546143,5.604942798614502,32.01240110397339,11.5,76.75
DEMO-NLG-001,Demo Nilgiris location A,11.41,76.69,Tamil Nadu,Nilgiris,2022-12-05,5.3266143798828125,9.642853260040283,28.478606700897217,11.5,76.75
DEMO-NLG-001,Demo Nilgiris location A,11.41,76.69,Tamil Nadu,Nilgiris,2022-12-06,0.0,6.937997102737427,18.15489149093628,11.5,76.75
DEMO-NLG-001,Demo Nilgiris location A,11.41,76.69,Tamil Nadu,Nilgiris,2022-12-07,0.0,5.3266143798828125,10.931557178497314,11.5,76.75
DEMO-NLG-001,Demo Nilgiris location A,11.41,76.69,Tamil Nadu,Nilgiris,2022-12-08,0.0,0.0,10.931557178497314,11.5,76.75
DEMO-NLG-001,Demo Nilgiris location A,11.41,76.69,Tamil Nadu,Nilgiris,2022-12-09,0.12376084923744202,0.12376084923744202,9.766614109277725,11.5,76.75
DEMO-NLG-001,Demo Nilgiris location A,11.41,76.69,Tamil Nadu,Nilgiris,2022-12-10,17.672189712524414,17.795950561761856,24.733947664499283,11.5,76.75
DEMO-NLG-001,Demo Nilgiris location A,11.41,76.69,Tamil Nadu,Nilgiris,2022-12-11,37.80657958984375,55.602530151605606,60.92914453148842,11.5,76.75
DEMO-NLG-001,Demo Nilgiris location A,11.41,76.69,Tamil Nadu,Nilgiris,2022-12-12,21.692276000976562,77.17104530334473,77.29480615258217,11.5,76.75
DEMO-NLG-001,Demo Nilgiris location A,11.41,76.69,Tamil Nadu,Nilgiris,2022-12-13,2.765949010848999,62.26480460166931,80.06075516343117,11.5,76.75
DEMO-NLG-001,Demo Nilgiris location A,11.41,76.69,Tamil Nadu,Nilgiris,2022-12-14,90.77367401123047,115.23189902305603,170.83442917466164,11.5,76.75
DEMO-NLG-001,Demo Nilgiris location A,11.41,76.69,Tamil Nadu,Nilgiris,2022-12-15,0.13256299495697021,93.67218601703644,170.9669921696186,11.5,76.75
DEMO-NLG-001,Demo Nilgiris location A,11.41,76.69,Tamil Nadu,Nilgiris,2022-12-16,0.0,90.90623700618744,170.84323132038116,11.5,76.75
DEMO-NLG-001,Demo Nilgiris location A,11.41,76.69,Tamil Nadu,Nilgiris,2022-12-17,0.0,0.13256299495697021,153.17104160785675,11.5,76.75
DEMO-NLG-001,Demo Nilgiris location A,11.41,76.69,Tamil Nadu,Nilgiris,2022-12-18,0.0,0.0,115.364462018013,11.5,76.75
DEMO-NLG-001,Demo Nilgiris location A,11.41,76.69,Tamil Nadu,Nilgiris,2022-12-19,0.0,0.0,93.67218601703644,11.5,76.75
DEMO-NLG-001,Demo Nilgiris location A,11.41,76.69,Tamil Nadu,Nilgiris,2022-12-20,0.0,0.0,90.90623700618744,11.5,76.75
DEMO-NLG-001,Demo Nilgiris location A,11.41,76.69,Tamil Nadu,Nilgiris,2022-12-21,0.0,0.0,0.13256299495697021,11.5,76.75
DEMO-NLG-001,Demo Nilgiris location A,11.41,76.69,Tamil Nadu,Nilgiris,2022-12-22,0.0,0.0,0.0,11.5,76.75
DEMO-NLG-001,Demo Nilgiris location A,11.41,76.69,Tamil Nadu,Nilgiris,2022-12-23,0.0,0.0,0.0,11.5,76.75
DEMO-NLG-001,Demo Nilgiris location A,11.41,76.69,Tamil Nadu,Nilgiris,2022-12-24,0.0,0.0,0.0,11.5,76.75
DEMO-NLG-001,Demo Nilgiris location A,11.41,76.69,Tamil Nadu,Nilgiris,2022-12-25,0.0,0.0,0.0,11.5,76.75
DEMO-NLG-001,Demo Nilgiris location A,11.41,76.69,Tamil Nadu,Nilgiris,2022-12-26,20.591760635375977,20.591760635375977,20.591760635375977,11.5,76.75
DEMO-NLG-001,Demo Nilgiris location A,11.41,76.69,Tamil Nadu,Nilgiris,2022-12-27,5.6551947593688965,26.246955394744873,26.246955394744873,11.5,76.75
DEMO-NLG-001,Demo Nilgiris location A,11.41,76.69,Tamil Nadu,Nilgiris,2022-12-28,4.236879348754883,30.483834743499756,30.483834743499756,11.5,76.75
DEMO-NLG-001,Demo Nilgiris location A,11.41,76.69,Tamil Nadu,Nilgiris,2022-12-29,0.0,9.89207410812378,30.483834743499756,11.5,76.75
DEMO-NLG-001,Demo Nilgiris location A,11.41,76.69,Tamil Nadu,Nilgiris,2022-12-30,0.0,4.236879348754883,30.483834743499756,11.5,76.75
DEMO-NLG-001,Demo Nilgiris location A,11.41,76.69,Tamil Nadu,Nilgiris,2022-12-31,0.0,0.0,30.483834743499756,11.5,76.75
DEMO-NLG-001,Demo Nilgiris location A,11.41,76.69,Tamil Nadu,Nilgiris,2023-01-01,0.0,,,11.5,76.75
DEMO-NLG-001,Demo Nilgiris location A,11.41,76.69,Tamil Nadu,Nilgiris,2023-01-02,0.0,,,11.5,76.75
DEMO-NLG-001,Demo Nilgiris location A,11.41,76.69,Tamil Nadu,Nilgiris,2023-01-03,0.0,0.0,,11.5,76.75
DEMO-NLG-001,Demo Nilgiris location A,11.41,76.69,Tamil Nadu,Nilgiris,2023-01-04,0.0,0.0,,11.5,76.75
DEMO-NLG-001,Demo Nilgiris location A,11.41,76.69,Tamil Nadu,Nilgiris,2023-01-05,0.0,0.0,,11.5,76.75
DEMO-NLG-001,Demo Nilgiris location A,11.41,76.69,Tamil Nadu,Nilgiris,2023-01-06,0.0,0.0,,11.5,76.75
DEMO-NLG-001,Demo Nilgiris location A,11.41,76.69,Tamil Nadu,Nilgiris,2023-01-07,0.0,0.0,0.0,11.5,76.75
DEMO-NLG-001,Demo Nilgiris location A,11.41,76.69,Tamil Nadu,Nilgiris,2023-01-08,0.0,0.0,0.0,11.5,76.75
DEMO-NLG-001,Demo Nilgiris location A,11.41,76.69,Tamil Nadu,Nilgiris,2023-01-09,0.0,0.0,0.0,11.5,76.75
DEMO-NLG-001,Demo Nilgiris location A,11.41,76.69,Tamil Nadu,Nilgiris,2023-01-10,0.0,0.0,0.0,11.5,76.75
DEMO-NLG-001,Demo Nilgiris location A,11.41,76.69,Tamil Nadu,Nilgiris,2023-01-11,0.0,0.0,0.0,11.5,76.75
DEMO-NLG-001,Demo Nilgiris location A,11.41,76.69,Tamil Nadu,Nilgiris,2023-01-12,0.0,0.0,0.0,11.5,76.75
DEMO-NLG-001,Demo Nilgiris location A,11.41,76.69,Tamil Nadu,Nilgiris,2023-01-13,0.0,0.0,0.0,11.5,76.75
DEMO-NLG-001,Demo Nilgiris location A,11.41,76.69,Tamil Nadu,Nilgiris,2023-01-14,0.0,0.0,0.0,11.5,76.75
DEMO-NLG-001,Demo Nilgiris location A,11.41,76.69,Tamil Nadu,Nilgiris,2023-01-15,0.0,0.0,0.0,11.5,76.75
DEMO-NLG-001,Demo Nilgiris location A,11.41,76.69,Tamil Nadu,Nilgiris,2023-01-16,0.0,0.0,0.0,11.5,76.75
DEMO-NLG-001,Demo Nilgiris location A,11.41,76.69,Tamil Nadu,Nilgiris,2023-01-17,0.0,0.0,0.0,11.5,76.75
DEMO-NLG-001,Demo Nilgiris location A,11.41,76.69,Tamil Nadu,Nilgiris,2023-01-18,0.0,0.0,0.0,11.5,76.75
DEMO-NLG-001,Demo Nilgiris location A,11.41,76.69,Tamil Nadu,Nilgiris,2023-01-19,0.0,0.0,0.0,11.5,76.75
DEMO-NLG-001,Demo Nilgiris location A,11.41,76.69,Tamil Nadu,Nilgiris,2023-01-20,0.0,0.0,0.0,11.5,76.75
DEMO-NLG-001,Demo Nilgiris location A,11.41,76.69,Tamil Nadu,Nilgiris,2023-01-21,0.0,0.0,0.0,11.5,76.75
DEMO-NLG-001,Demo Nilgiris location A,11.41,76.69,Tamil Nadu,Nilgiris,2023-01-22,0.0,0.0,0.0,11.5,76.75
DEMO-NLG-001,Demo Nilgiris location A,11.41,76.69,Tamil Nadu,Nilgiris,2023-01-23,0.0,0.0,0.0,11.5,76.75
DEMO-NLG-001,Demo Nilgiris location A,11.41,76.69,Tamil Nadu,Nilgiris,2023-01-24,1.8316211700439453,1.8316211700439453,1.8316211700439453,11.5,76.75
DEMO-NLG-001,Demo Nilgiris location A,11.41,76.69,Tamil Nadu,Nilgiris,2023-01-25,14.227042198181152,16.058663368225098,16.058663368225098,11.5,76.75
DEMO-NLG-001,Demo Nilgiris location A,11.41,76.69,Tamil Nadu,Nilgiris,2023-01-26,0.0,16.058663368225098,16.058663368225098,11.5,76.75
DEMO-NLG-001,Demo Nilgiris location A,11.41,76.69,Tamil Nadu,Nilgiris,2023-01-27,0.0,14.227042198181152,16.058663368225098,11.5,76.75
DEMO-NLG-001,Demo Nilgiris location A,11.41,76.69,Tamil Nadu,Nilgiris,2023-01-28,0.0,0.0,16.058663368225098,11.5,76.75
DEMO-NLG-001,Demo Nilgiris location A,11.41,76.69,Tamil Nadu,Nilgiris,2023-01-29,0.0,0.0,16.058663368225098,11.5,76.75
DEMO-NLG-001,Demo Nilgiris location A,11.41,76.69,Tamil Nadu,Nilgiris,2023-01-30,0.0,0.0,16.058663368225098,11.5,76.75
DEMO-NLG-001,Demo Nilgiris location A,11.41,76.69,Tamil Nadu,Nilgiris,2023-01-31,0.0,0.0,14.227042198181152,11.5,76.75
DEMO-NLG-001,Demo Nilgiris location A,11.41,76.69,Tamil Nadu,Nilgiris,2023-02-01,0.0,0.0,0.0,11.5,76.75
DEMO-NLG-001,Demo Nilgiris location A,11.41,76.69,Tamil Nadu,Nilgiris,2023-02-02,0.0,0.0,0.0,11.5,76.75
DEMO-NLG-001,Demo Nilgiris location A,11.41,76.69,Tamil Nadu,Nilgiris,2023-02-03,0.0,0.0,0.0,11.5,76.75
DEMO-NLG-001,Demo Nilgiris location A,11.41,76.69,Tamil Nadu,Nilgiris,2023-02-04,5.849946022033691,5.849946022033691,5.849946022033691,11.5,76.75
DEMO-NLG-001,Demo Nilgiris location A,11.41,76.69,Tamil Nadu,Nilgiris,2023-02-05,0.0,5.849946022033691,5.849946022033691,11.5,76.75
DEMO-NLG-001,Demo Nilgiris location A,11.41,76.69,Tamil Nadu,Nilgiris,2023-02-06,0.0,5.849946022033691,5.849946022033691,11.5,76.75
DEMO-NLG-001,Demo Nilgiris location A,11.41,76.69,Tamil Nadu,Nilgiris,2023-02-07,0.0,0.0,5.849946022033691,11.5,76.75
DEMO-NLG-001,Demo Nilgiris location A,11.41,76.69,Tamil Nadu,Nilgiris,2023-02-08,0.0,0.0,5.849946022033691,11.5,76.75
DEMO-NLG-001,Demo Nilgiris location A,11.41,76.69,Tamil Nadu,Nilgiris,2023-02-09,0.0,0.0,5.849946022033691,11.5,76.75
DEMO-NLG-001,Demo Nilgiris location A,11.41,76.69,Tamil Nadu,Nilgiris,2023-02-10,0.0,0.0,5.849946022033691,11.5,76.75
DEMO-NLG-001,Demo Nilgiris location A,11.41,76.69,Tamil Nadu,Nilgiris,2023-02-11,0.0,0.0,0.0,11.5,76.75
DEMO-NLG-001,Demo Nilgiris location A,11.41,76.69,Tamil Nadu,Nilgiris,2023-02-12,0.0,0.0,0.0,11.5,76.75
DEMO-NLG-001,Demo Nilgiris location A,11.41,76.69,Tamil Nadu,Nilgiris,2023-02-13,0.0,0.0,0.0,11.5,76.75
DEMO-NLG-001,Demo Nilgiris location A,11.41,76.69,Tamil Nadu,Nilgiris,2023-02-14,0.0,0.0,0.0,11.5,76.75
DEMO-NLG-001,Demo Nilgiris location A,11.41,76.69,Tamil Nadu,Nilgiris,2023-02-15,0.0,0.0,0.0,11.5,76.75
DEMO-NLG-001,Demo Nilgiris location A,11.41,76.69,Tamil Nadu,Nilgiris,2023-02-16,0.0,0.0,0.0,11.5,76.75
DEMO-NLG-001,Demo Nilgiris location A,11.41,76.69,Tamil Nadu,Nilgiris,2023-02-17,0.0,0.0,0.0,11.5,76.75
DEMO-NLG-001,Demo Nilgiris location A,11.41,76.69,Tamil Nadu,Nilgiris,2023-02-18,0.0,0.0,0.0,11.5,76.75
DEMO-NLG-001,Demo Nilgiris location A,11.41,76.69,Tamil Nadu,Nilgiris,2023-02-19,0.0,0.0,0.0,11.5,76.75
DEMO-NLG-001,Demo Nilgiris location A,11.41,76.69,Tamil Nadu,Nilgiris,2023-02-20,0.0,0.0,0.0,11.5,76.75
DEMO-NLG-001,Demo Nilgiris location A,11.41,76.69,Tamil Nadu,Nilgiris,2023-02-21,0.0,0.0,0.0,11.5,76.75
DEMO-NLG-001,Demo Nilgiris location A,11.41,76.69,Tamil Nadu,Nilgiris,2023-02-22,0.0,0.0,0.0,11.5,76.75
DEMO-NLG-001,Demo Nilgiris location A,11.41,76.69,Tamil Nadu,Nilgiris,2023-02-23,0.0,0.0,0.0,11.5,76.75
DEMO-NLG-001,Demo Nilgiris location A,11.41,76.69,Tamil Nadu,Nilgiris,2023-02-24,0.0,0.0,0.0,11.5,76.75
DEMO-NLG-001,Demo Nilgiris location A,11.41,76.69,Tamil Nadu,Nilgiris,2023-02-25,0.0,0.0,0.0,11.5,76.75
DEMO-NLG-001,Demo Nilgiris location A,11.41,76.69,Tamil Nadu,Nilgiris,2023-02-26,0.0,0.0,0.0,11.5,76.75
DEMO-NLG-001,Demo Nilgiris location A,11.41,76.69,Tamil Nadu,Nilgiris,2023-02-27,0.0,0.0,0.0,11.5,76.75
DEMO-NLG-001,Demo Nilgiris location A,11.41,76.69,Tamil Nadu,Nilgiris,2023-02-28,0.0,0.0,0.0,11.5,76.75
DEMO-NLG-001,Demo Nilgiris location A,11.41,76.69,Tamil Nadu,Nilgiris,2023-03-01,0.0,0.0,0.0,11.5,76.75
DEMO-NLG-001,Demo Nilgiris location A,11.41,76.69,Tamil Nadu,Nilgiris,2023-03-02,0.0,0.0,0.0,11.5,76.75
DEMO-NLG-001,Demo Nilgiris location A,11.41,76.69,Tamil Nadu,Nilgiris,2023-03-03,0.0,0.0,0.0,11.5,76.75
DEMO-NLG-001,Demo Nilgiris location A,11.41,76.69,Tamil Nadu,Nilgiris,2023-03-04,0.0,0.0,0.0,11.5,76.75
DEMO-NLG-001,Demo Nilgiris location A,11.41,76.69,Tamil Nadu,Nilgiris,2023-03-05,0.0,0.0,0.0,11.5,76.75
DEMO-NLG-001,Demo Nilgiris location A,11.41,76.69,Tamil Nadu,Nilgiris,2023-03-06,0.0,0.0,0.0,11.5,76.75
DEMO-NLG-001,Demo Nilgiris location A,11.41,76.69,Tamil Nadu,Nilgiris,2023-03-07,0.0,0.0,0.0,11.5,76.75
DEMO-NLG-001,Demo Nilgiris location A,11.41,76.69,Tamil Nadu,Nilgiris,2023-03-08,0.0,0.0,0.0,11.5,76.75
DEMO-NLG-001,Demo Nilgiris location A,11.41,76.69,Tamil Nadu,Nilgiris,2023-03-09,0.0,0.0,0.0,11.5,76.75
DEMO-NLG-001,Demo Nilgiris location A,11.41,76.69,Tamil Nadu,Nilgiris,2023-03-10,0.0,0.0,0.0,11.5,76.75
DEMO-NLG-001,Demo Nilgiris location A,11.41,76.69,Tamil Nadu,Nilgiris,2023-03-11,0.0,0.0,0.0,11.5,76.75
DEMO-NLG-001,Demo Nilgiris location A,11.41,76.69,Tamil Nadu,Nilgiris,2023-03-12,0.0,0.0,0.0,11.5,76.75
DEMO-NLG-001,Demo Nilgiris location A,11.41,76.69,Tamil Nadu,Nilgiris,2023-03-13,0.0,0.0,0.0,11.5,76.75
DEMO-NLG-001,Demo Nilgiris location A,11.41,76.69,Tamil Nadu,Nilgiris,2023-03-14,0.0,0.0,0.0,11.5,76.75
DEMO-NLG-001,Demo Nilgiris location A,11.41,76.69,Tamil Nadu,Nilgiris,2023-03-15,0.0,0.0,0.0,11.5,76.75
DEMO-NLG-001,Demo Nilgiris location A,11.41,76.69,Tamil Nadu,Nilgiris,2023-03-16,0.0,0.0,0.0,11.5,76.75
DEMO-NLG-001,Demo Nilgiris location A,11.41,76.69,Tamil Nadu,Nilgiris,2023-03-17,0.0,0.0,0.0,11.5,76.75
DEMO-NLG-001,Demo Nilgiris location A,11.41,76.69,Tamil Nadu,Nilgiris,2023-03-18,4.477393627166748,4.477393627166748,4.477393627166748,11.5,76.75
DEMO-NLG-001,Demo Nilgiris location A,11.41,76.69,Tamil Nadu,Nilgiris,2023-03-19,0.0,4.477393627166748,4.477393627166748,11.5,76.75
DEMO-NLG-001,Demo Nilgiris location A,11.41,76.69,Tamil Nadu,Nilgiris,2023-03-20,0.0,4.477393627166748,4.477393627166748,11.5,76.75
DEMO-NLG-001,Demo Nilgiris location A,11.41,76.69,Tamil Nadu,Nilgiris,2023-03-21,0.0,0.0,4.477393627166748,11.5,76.75
DEMO-NLG-001,Demo Nilgiris location A,11.41,76.69,Tamil Nadu,Nilgiris,2023-03-22,0.0,0.0,4.477393627166748,11.5,76.75
DEMO-NLG-001,Demo Nilgiris location A,11.41,76.69,Tamil Nadu,Nilgiris,2023-03-23,0.0,0.0,4.477393627166748,11.5,76.75
DEMO-NLG-001,Demo Nilgiris location A,11.41,76.69,Tamil Nadu,Nilgiris,2023-03-24,0.0,0.0,4.477393627166748,11.5,76.75
DEMO-NLG-001,Demo Nilgiris location A,11.41,76.69,Tamil Nadu,Nilgiris,2023-03-25,0.3621785044670105,0.3621785044670105,0.3621785044670105,11.5,76.75
DEMO-NLG-001,Demo Nilgiris location A,11.41,76.69,Tamil Nadu,Nilgiris,2023-03-26,0.0,0.3621785044670105,0.3621785044670105,11.5,76.75
DEMO-NLG-001,Demo Nilgiris location A,11.41,76.69,Tamil Nadu,Nilgiris,2023-03-27,12.786381721496582,13.148560225963593,13.148560225963593,11.5,76.75
DEMO-NLG-001,Demo Nilgiris location A,11.41,76.69,Tamil Nadu,Nilgiris,2023-03-28,0.0,12.786381721496582,13.148560225963593,11.5,76.75
DEMO-NLG-001,Demo Nilgiris location A,11.41,76.69,Tamil Nadu,Nilgiris,2023-03-29,11.829147338867188,24.61552906036377,24.97770756483078,11.5,76.75
DEMO-NLG-001,Demo Nilgiris location A,11.41,76.69,Tamil Nadu,Nilgiris,2023-03-30,10.943133354187012,22.7722806930542,35.92084091901779,11.5,76.75
DEMO-NLG-001,Demo Nilgiris location A,11.41,76.69,Tamil Nadu,Nilgiris,2023-03-31,1.9388078451156616,24.71108853816986,37.85964876413345,11.5,76.75
DEMO-NLG-001,Demo Nilgiris location A,11.41,76.69,Tamil Nadu,Nilgiris,2023-04-01,0.0,12.881941199302673,37.49747025966644,11.5,76.75
DEMO-NLG-001,Demo Nilgiris location A,11.41,76.69,Tamil Nadu,Nilgiris,2023-04-02,1.438423752784729,3.3772315979003906,38.93589401245117,11.5,76.75
DEMO-NLG-001,Demo Nilgiris location A,11.41,76.69,Tamil Nadu,Nilgiris,2023-04-03,0.0,1.438423752784729,26.14951229095459,11.5,76.75
DEMO-NLG-001,Demo Nilgiris location A,11.41,76.69,Tamil Nadu,Nilgiris,2023-04-04,5.821969032287598,7.260392785072327,31.971481323242188,11.5,76.75
DEMO-NLG-001,Demo Nilgiris location A,11.41,76.69,Tamil Nadu,Nilgiris,2023-04-05,15.476222038269043,21.29819107055664,35.61855602264404,11.5,76.75
DEMO-NLG-001,Demo Nilgiris location A,11.41,76.69,Tamil Nadu,Nilgiris,2023-04-06,0.0,21.29819107055664,24.67542266845703,11.5,76.75
DEMO-NLG-001,Demo Nilgiris location A,11.41,76.69,Tamil Nadu,Nilgiris,2023-04-07,0.0,15.476222038269043,22.73661482334137,11.5,76.75
DEMO-NLG-001,Demo Nilgiris location A,11.41,76.69,Tamil Nadu,Nilgiris,2023-04-08,0.0,0.0,22.73661482334137,11.5,76.75
DEMO-NLG-001,Demo Nilgiris location A,11.41,76.69,Tamil Nadu,Nilgiris,2023-04-09,0.0,0.0,21.29819107055664,11.5,76.75
DEMO-NLG-001,Demo Nilgiris location A,11.41,76.69,Tamil Nadu,Nilgiris,2023-04-10,0.0,0.0,21.29819107055664,11.5,76.75
DEMO-NLG-001,Demo Nilgiris location A,11.41,76.69,Tamil Nadu,Nilgiris,2023-04-11,0.0,0.0,15.476222038269043,11.5,76.75
DEMO-NLG-001,Demo Nilgiris location A,11.41,76.69,Tamil Nadu,Nilgiris,2023-04-12,0.0,0.0,0.0,11.5,76.75
DEMO-NLG-001,Demo Nilgiris location A,11.41,76.69,Tamil Nadu,Nilgiris,2023-04-13,0.0,0.0,0.0,11.5,76.75
DEMO-NLG-001,Demo Nilgiris location A,11.41,76.69,Tamil Nadu,Nilgiris,2023-04-14,0.0,0.0,0.0,11.5,76.75
DEMO-NLG-001,Demo Nilgiris location A,11.41,76.69,Tamil Nadu,Nilgiris,2023-04-15,0.0,0.0,0.0,11.5,76.75
DEMO-NLG-001,Demo Nilgiris location A,11.41,76.69,Tamil Nadu,Nilgiris,2023-04-16,0.0,0.0,0.0,11.5,76.75
DEMO-NLG-001,Demo Nilgiris location A,11.41,76.69,Tamil Nadu,Nilgiris,2023-04-17,0.0,0.0,0.0,11.5,76.75
DEMO-NLG-001,Demo Nilgiris location A,11.41,76.69,Tamil Nadu,Nilgiris,2023-04-18,0.0,0.0,0.0,11.5,76.75
DEMO-NLG-001,Demo Nilgiris location A,11.41,76.69,Tamil Nadu,Nilgiris,2023-04-19,0.0,0.0,0.0,11.5,76.75
DEMO-NLG-001,Demo Nilgiris location A,11.41,76.69,Tamil Nadu,Nilgiris,2023-04-20,0.0,0.0,0.0,11.5,76.75
DEMO-NLG-001,Demo Nilgiris location A,11.41,76.69,Tamil Nadu,Nilgiris,2023-04-21,0.0,0.0,0.0,11.5,76.75
DEMO-NLG-001,Demo Nilgiris location A,11.41,76.69,Tamil Nadu,Nilgiris,2023-04-22,0.0,0.0,0.0,11.5,76.75
DEMO-NLG-001,Demo Nilgiris location A,11.41,76.69,Tamil Nadu,Nilgiris,2023-04-23,17.104944229125977,17.104944229125977,17.104944229125977,11.5,76.75
DEMO-NLG-001,Demo Nilgiris location A,11.41,76.69,Tamil Nadu,Nilgiris,2023-04-24,8.940342903137207,26.045287132263184,26.045287132263184,11.5,76.75
DEMO-NLG-001,Demo Nilgiris location A,11.41,76.69,Tamil Nadu,Nilgiris,2023-04-25,16.30377960205078,42.349066734313965,42.349066734313965,11.5,76.75
DEMO-NLG-001,Demo Nilgiris location A,11.41,76.69,Tamil Nadu,Nilgiris,2023-04-26,8.795719146728516,34.039841651916504,51.14478588104248,11.5,76.75
DEMO-NLG-001,Demo Nilgiris location A,11.41,76.69,Tamil Nadu,Nilgiris,2023-04-27,0.0,25.099498748779297,51.14478588104248,11.5,76.75
DEMO-NLG-001,Demo Nilgiris location A,11.41,76.69,Tamil Nadu,Nilgiris,2023-04-28,1.5522570610046387,10.347976207733154,52.69704294204712,11.5,76.75
DEMO-NLG-001,Demo Nilgiris location A,11.41,76.69,Tamil Nadu,Nilgiris,2023-04-29,1.8419935703277588,3.3942506313323975,54.53903651237488,11.5,76.75
DEMO-NLG-001,Demo Nilgiris location A,11.41,76.69,Tamil Nadu,Nilgiris,2023-04-30,5.703579902648926,9.097830533981323,43.13767218589783,11.5,76.75
DEMO-NLG-001,Demo Nilgiris location A,11.41,76.69,Tamil Nadu,Nilgiris,2023-05-01,17.088275909423828,24.633849382400513,51.28560519218445,11.5,76.75
DEMO-NLG-001,Demo Nilgiris location A,11.41,76.69,Tamil Nadu,Nilgiris,2023-05-02,59.125614166259766,81.91746997833252,94.10743975639343,11.5,76.75
DEMO-NLG-001,Demo Nilgiris location A,11.41,76.69,Tamil Nadu,Nilgiris,2023-05-03,8.959443092346191,85.17333316802979,94.27116370201111,11.5,76.75
DEMO-NLG-001,Demo Nilgiris location A,11.41,76.69,Tamil Nadu,Nilgiris,2023-05-04,0.40644514560699463,68.49150240421295,94.6776088476181,11.5,76.75
DEMO-NLG-001,Demo Nilgiris location A,11.41,76.69,Tamil Nadu,Nilgiris,2023-05-05,5.00266695022583,14.368555188179016,98.1280187368393,11.5,76.75
DEMO-NLG-001,Demo Nilgiris location A,11.41,76.69,Tamil Nadu,Nilgiris,2023-05-06,2.0186376571655273,7.427749752998352,98.30466282367706,11.5,76.75
DEMO-NLG-001,Demo Nilgiris location A,11.41,76.69,Tamil Nadu,Nilgiris,2023-05-07,10.577095031738281,17.59839963912964,103.17817795276642,11.5,76.75
DEMO-NLG-001,Demo Nilgiris location A,11.41,76.69,Tamil Nadu,Nilgiris,2023-05-08,0.0,12.595732688903809,86.08990204334259,11.5,76.75
DEMO-NLG-001,Demo Nilgiris location A,11.41,76.69,Tamil Nadu,Nilgiris,2023-05-09,0.7427749037742615,11.319869935512543,27.707062780857086,11.5,76.75
DEMO-NLG-001,Demo Nilgiris location A,11.41,76.69,Tamil Nadu,Nilgiris,2023-05-10,33.85756301879883,34.60033792257309,52.60518270730972,11.5,76.75
DEMO-NLG-001,Demo Nilgiris location A,11.41,76.69,Tamil Nadu,Nilgiris,2023-05-11,0.4828942120075226,35.08323213458061,52.68163177371025,11.5,76.75
DEMO-NLG-001,Demo Nilgiris location A,11.41,76.69,Tamil Nadu,Nilgiris,2023-05-12,3.501218557357788,37.84167578816414,51.18018338084221,11.5,76.75
DEMO-NLG-001,Demo Nilgiris location A,11.41,76.69,Tamil Nadu,Nilgiris,2023-05-13,0.0,3.9841127693653107,49.16154572367668,11.5,76.75
DEMO-NLG-001,Demo Nilgiris location A,11.41,76.69,Tamil Nadu,Nilgiris,2023-05-14,0.0,3.501218557357788,38.5844506919384,11.5,76.75
DEMO-NLG-001,Demo Nilgiris location A,11.41,76.69,Tamil Nadu,Nilgiris,2023-05-15,0.0,0.0,38.5844506919384,11.5,76.75
DEMO-NLG-001,Demo Nilgiris location A,11.41,76.69,Tamil Nadu,Nilgiris,2023-05-16,0.0,0.0,37.84167578816414,11.5,76.75
DEMO-NLG-001,Demo Nilgiris location A,11.41,76.69,Tamil Nadu,Nilgiris,2023-05-17,0.0,0.0,3.9841127693653107,11.5,76.75
DEMO-NLG-001,Demo Nilgiris location A,11.41,76.69,Tamil Nadu,Nilgiris,2023-05-18,9.862975120544434,9.862975120544434,13.364193677902222,11.5,76.75
DEMO-NLG-001,Demo Nilgiris location A,11.41,76.69,Tamil Nadu,Nilgiris,2023-05-19,2.0186376571655273,11.881612777709961,11.881612777709961,11.5,76.75
DEMO-NLG-001,Demo Nilgiris location A,11.41,76.69,Tamil Nadu,Nilgiris,2023-05-20,0.5553361773490906,12.436948955059052,12.436948955059052,11.5,76.75
DEMO-NLG-001,Demo Nilgiris location A,11.41,76.69,Tamil Nadu,Nilgiris,2023-05-21,5.383033752441406,7.957007586956024,17.819982707500458,11.5,76.75
DEMO-NLG-001,Demo Nilgiris location A,11.41,76.69,Tamil Nadu,Nilgiris,2023-05-22,6.675645351409912,12.614015281200409,24.49562805891037,11.5,76.75
DEMO-NLG-001,Demo Nilgiris location A,11.41,76.69,Tamil Nadu,Nilgiris,2023-05-23,12.111825942993164,24.170505046844482,36.607454001903534,11.5,76.75
DEMO-NLG-001,Demo Nilgiris location A,11.41,76.69,Tamil Nadu,Nilgiris,2023-05-24,0.0,18.787471294403076,36.607454001903534,11.5,76.75
DEMO-NLG-001,Demo Nilgiris location A,11.41,76.69,Tamil Nadu,Nilgiris,2023-05-25,0.0,12.111825942993164,26.7444788813591,11.5,76.75
DEMO-NLG-001,Demo Nilgiris location A,11.41,76.69,Tamil Nadu,Nilgiris,2023-05-26,8.458442687988281,8.458442687988281,33.184283912181854,11.5,76.75
DEMO-NLG-001,Demo Nilgiris location A,11.41,76.69,Tamil Nadu,Nilgiris,2023-05-27,12.874804496765137,21.333247184753418,45.5037522315979,11.5,76.75
DEMO-NLG-001,Demo Nilgiris location A,11.41,76.69,Tamil Nadu,Nilgiris,2023-05-28,0.0,21.333247184753418,40.120718479156494,11.5,76.75
DEMO-NLG-001,Demo Nilgiris location A,11.41,76.69,Tamil Nadu,Nilgiris,2023-05-29,1.7922275066375732,14.66703200340271,35.237300634384155,11.5,76.75
DEMO-NLG-001,Demo Nilgiris location A,11.41,76.69,Tamil Nadu,Nilgiris,2023-05-30,1.9253562688827515,3.7175837755203247,25.050830960273743,11.5,76.75
DEMO-NLG-001,Demo Nilgiris location A,11.41,76.69,Tamil Nadu,Nilgiris,2023-05-31,8.711207389831543,12.428791165351868,33.762038350105286,11.5,76.75
DEMO-NLG-001,Demo Nilgiris location A,11.41,76.69,Tamil Nadu,Nilgiris,2023-06-01,13.469870567321777,24.106434226036072,47.23190891742706,11.5,76.75
DEMO-NLG-001,Demo Nilgiris location A,11.41,76.69,Tamil Nadu,Nilgiris,2023-06-02,0.7967990636825562,22.977877020835876,39.57026529312134,11.5,76.75
DEMO-NLG-001,Demo Nilgiris location A,11.41,76.69,Tamil Nadu,Nilgiris,2023-06-03,0.04426661133766174,14.310936242341995,26.739727407693863,11.5,76.75
DEMO-NLG-001,Demo Nilgiris location A,11.41,76.69,Tamil Nadu,Nilgiris,2023-06-04,0.8888064026832581,1.729872077703476,27.62853381037712,11.5,76.75
DEMO-NLG-001,Demo Nilgiris location A,11.41,76.69,Tamil Nadu,Nilgiris,2023-06-05,0.0,0.9330730140209198,25.836306303739548,11.5,76.75
DEMO-NLG-001,Demo Nilgiris location A,11.41,76.69,Tamil Nadu,Nilgiris,2023-06-06,0.38631534576416016,1.2751217484474182,24.297265380620956,11.5,76.75
DEMO-NLG-001,Demo Nilgiris location A,11.41,76.69,Tamil Nadu,Nilgiris,2023-06-07,0.14486825466156006,0.5311836004257202,15.730926245450974,11.5,76.75
DEMO-NLG-001,Demo Nilgiris location A,11.41,76.69,Tamil Nadu,Nilgiris,2023-06-08,0.6760518550872803,1.2072354555130005,2.9371075332164764,11.5,76.75
DEMO-NLG-001,Demo Nilgiris location A,11.41,76.69,Tamil Nadu,Nilgiris,2023-06-09,0.7726306915283203,1.5935508012771606,2.9129391610622406,11.5,76.75
DEMO-NLG-001,Demo Nilgiris location A,11.41,76.69,Tamil Nadu,Nilgiris,2023-06-10,0.0,1.4486825466156006,2.868672549724579,11.5,76.75
DEMO-NLG-001,Demo Nilgiris location A,11.41,76.69,Tamil Nadu,Nilgiris,2023-06-11,0.14486825466156006,0.9174989461898804,2.124734401702881,11.5,76.75
DEMO-NLG-001,Demo Nilgiris location A,11.41,76.69,Tamil Nadu,Nilgiris,2023-06-12,2.341010332107544,2.485878586769104,4.465744733810425,11.5,76.75
DEMO-NLG-001,Demo Nilgiris location A,11.41,76.69,Tamil Nadu,Nilgiris,2023-06-13,4.577189922332764,7.063068509101868,8.656619310379028,11.5,76.75
DEMO-NLG-001,Demo Nilgiris location A,11.41,76.69,Tamil Nadu,Nilgiris,2023-06-14,1.6341197490692139,8.552320003509521,10.145870804786682,11.5,76.75
DEMO-NLG-001,Demo Nilgiris location A,11.41,76.69,Tamil Nadu,Nilgiris,2023-06-15,0.0,6.2113096714019775,9.469818949699402,11.5,76.75
DEMO-NLG-001,Demo Nilgiris location A,11.41,76.69,Tamil Nadu,Nilgiris,2023-06-16,0.0,1.6341197490692139,8.697188258171082,11.5,76.75
DEMO-NLG-001,Demo Nilgiris location A,11.41,76.69,Tamil Nadu,Nilgiris,2023-06-17,0.0,0.0,8.697188258171082,11.5,76.75
DEMO-NLG-001,Demo Nilgiris location A,11.41,76.69,Tamil Nadu,Nilgiris,2023-06-18,0.0,0.0,8.552320003509521,11.5,76.75
DEMO-NLG-001,Demo Nilgiris location A,11.41,76.69,Tamil Nadu,Nilgiris,2023-06-19,0.0,0.0,6.2113096714019775,11.5,76.75
DEMO-NLG-001,Demo Nilgiris location A,11.41,76.69,Tamil Nadu,Nilgiris,2023-06-20,0.23456479609012604,0.23456479609012604,1.86868454515934,11.5,76.75
DEMO-NLG-001,Demo Nilgiris location A,11.41,76.69,Tamil Nadu,Nilgiris,2023-06-21,33.489784240722656,33.72434903681278,33.72434903681278,11.5,76.75
DEMO-NLG-001,Demo Nilgiris location A,11.41,76.69,Tamil Nadu,Nilgiris,2023-06-22,8.240958213806152,41.965307250618935,41.965307250618935,11.5,76.75
DEMO-NLG-001,Demo Nilgiris location A,11.41,76.69,Tamil Nadu,Nilgiris,2023-06-23,6.295154094696045,48.02589654922485,48.26046134531498,11.5,76.75
DEMO-NLG-001,Demo Nilgiris location A,11.41,76.69,Tamil Nadu,Nilgiris,2023-06-24,0.0,14.536112308502197,48.26046134531498,11.5,76.75
DEMO-NLG-001,Demo Nilgiris location A,11.41,76.69,Tamil Nadu,Nilgiris,2023-06-25,0.0,6.295154094696045,48.26046134531498,11.5,76.75
DEMO-NLG-001,Demo Nilgiris location A,11.41,76.69,Tamil Nadu,Nilgiris,2023-06-26,6.294610023498535,6.294610023498535,54.555071368813515,11.5,76.75
DEMO-NLG-001,Demo Nilgiris location A,11.41,76.69,Tamil Nadu,Nilgiris,2023-06-27,0.0,6.294610023498535,54.32050657272339,11.5,76.75
DEMO-NLG-001,Demo Nilgiris location A,11.41,76.69,Tamil Nadu,Nilgiris,2023-06-28,0.48693275451660156,6.781542778015137,21.317655086517334,11.5,76.75
DEMO-NLG-001,Demo Nilgiris location A,11.41,76.69,Tamil Nadu,Nilgiris,2023-06-29,3.4529290199279785,3.93986177444458,16.52962589263916,11.5,76.75
DEMO-NLG-001,Demo Nilgiris location A,11.41,76.69,Tamil Nadu,Nilgiris,2023-06-30,4.346921920776367,8.286783695220947,14.581393718719482,11.5,76.75
DEMO-NLG-001,Demo Nilgiris location A,11.41,76.69,Tamil Nadu,Nilgiris,2023-07-01,0.95171058177948,8.751561522483826,15.533104300498962,11.5,76.75
DEMO-NLG-001,Demo Nilgiris location A,11.41,76.69,Tamil Nadu,Nilgiris,2023-07-02,1.486603856086731,6.785236358642578,17.019708156585693,11.5,76.75
DEMO-NLG-001,Demo Nilgiris location A,11.41,76.69,Tamil Nadu,Nilgiris,2023-07-03,10.093188285827637,12.531502723693848,20.818286418914795,11.5,76.75
DEMO-NLG-001,Demo Nilgiris location A,11.41,76.69,Tamil Nadu,Nilgiris,2023-07-04,2.8685832023620605,14.448375344276428,23.686869621276855,11.5,76.75
DEMO-NLG-001,Demo Nilgiris location A,11.41,76.69,Tamil Nadu,Nilgiris,2023-07-05,13.135018348693848,26.096789836883545,36.3349552154541,11.5,76.75
DEMO-NLG-001,Demo Nilgiris location A,11.41,76.69,Tamil Nadu,Nilgiris,2023-07-06,43.3116569519043,59.315258502960205,76.19368314743042,11.5,76.75
DEMO-NLG-001,Demo Nilgiris location A,11.41,76.69,Tamil Nadu,Nilgiris,2023-07-07,14.129410743713379,70.57608604431152,85.97617197036743,11.5,76.75
DEMO-NLG-001,Demo Nilgiris location A,11.41,76.69,Tamil Nadu,Nilgiris,2023-07-08,6.696923732757568,64.13799142837524,91.72138512134552,11.5,76.75
DEMO-NLG-001,Demo Nilgiris location A,11.41,76.69,Tamil Nadu,Nilgiris,2023-07-09,7.7678728103637695,28.594207286834717,98.00265407562256,11.5,76.75
DEMO-NLG-001,Demo Nilgiris location A,11.41,76.69,Tamil Nadu,Nilgiris,2023-07-10,4.182143688201904,18.646940231323242,92.09160947799683,11.5,76.75
DEMO-NLG-001,Demo Nilgiris location A,11.41,76.69,Tamil Nadu,Nilgiris,2023-07-11,0.0,11.950016498565674,89.22302627563477,11.5,76.75
DEMO-NLG-001,Demo Nilgiris location A,11.41,76.69,Tamil Nadu,Nilgiris,2023-07-12,7.861591815948486,12.04373550415039,83.9495997428894,11.5,76.75
DEMO-NLG-001,Demo Nilgiris location A,11.41,76.69,Tamil Nadu,Nilgiris,2023-07-13,1.3457584381103516,9.207350254058838,41.98370122909546,11.5,76.75
DEMO-NLG-001,Demo Nilgiris location A,11.41,76.69,Tamil Nadu,Nilgiris,2023-07-14,3.3643958568573,12.571746110916138,31.21868634223938,11.5,76.75
DEMO-NLG-001,Demo Nilgiris location A,11.41,76.69,Tamil Nadu,Nilgiris,2023-07-15,6.055912971496582,10.766067266464233,30.577675580978394,11.5,76.75
DEMO-NLG-001,Demo Nilgiris location A,11.41,76.69,Tamil Nadu,Nilgiris,2023-07-16,0.3794330358505249,9.799741864204407,23.18923580646515,11.5,76.75
DEMO-NLG-001,Demo Nilgiris location A,11.41,76.69,Tamil Nadu,Nilgiris,2023-07-17,2.691516876220703,9.12686288356781,21.698608994483948,11.5,76.75
DEMO-NLG-001,Demo Nilgiris location A,11.41,76.69,Tamil Nadu,Nilgiris,2023-07-18,2.780050039291382,5.85099995136261,24.47865903377533,11.5,76.75
DEMO-NLG-001,Demo Nilgiris location A,11.41,76.69,Tamil Nadu,Nilgiris,2023-07-19,3.4086625576019287,8.880229473114014,20.025729775428772,11.5,76.75
DEMO-NLG-001,Demo Nilgiris location A,11.41,76.69,Tamil Nadu,Nilgiris,2023-07-20,9.198142051696777,15.386854648590088,27.878113389015198,11.5,76.75
DEMO-NLG-001,Demo Nilgiris location A,11.41,76.69,Tamil Nadu,Nilgiris,2023-07-21,2.691516876220703,15.29832148551941,27.2052344083786,11.5,76.75
DEMO-NLG-001,Demo Nilgiris location A,11.41,76.69,Tamil Nadu,Nilgiris,2023-07-22,6.861591339111328,18.75125026702881,28.010912775993347,11.5,76.75
DEMO-NLG-001,Demo Nilgiris location A,11.41,76.69,Tamil Nadu,Nilgiris,2023-07-23,21.36746597290039,30.920574188232422,48.99894571304321,11.5,76.75
DEMO-NLG-001,Demo Nilgiris location A,11.41,76.69,Tamil Nadu,Nilgiris,2023-07-24,11.223771095275879,39.4528284072876,57.53119993209839,11.5,76.75
DEMO-NLG-001,Demo Nilgiris location A,11.41,76.69,Tamil Nadu,Nilgiris,2023-07-25,29.198444366455078,61.78968143463135,83.94959425926208,11.5,76.75
DEMO-NLG-001,Demo Nilgiris location A,11.41,76.69,Tamil Nadu,Nilgiris,2023-07-26,48.68081283569336,89.10302829742432,129.22174453735352,11.5,76.75
DEMO-NLG-001,Demo Nilgiris location A,11.41,76.69,Tamil Nadu,Nilgiris,2023-07-27,44.152801513671875,122.03205871582031,164.1764039993286,11.5,76.75
DEMO-NLG-001,Demo Nilgiris location A,11.41,76.69,Tamil Nadu,Nilgiris,2023-07-28,20.50947380065918,113.34308815002441,181.9943609237671,11.5,76.75
DEMO-NLG-001,Demo Nilgiris location A,11.41,76.69,Tamil Nadu,Nilgiris,2023-07-29,7.445937633514404,72.10821294784546,182.57870721817017,11.5,76.75
DEMO-NLG-001,Demo Nilgiris location A,11.41,76.69,Tamil Nadu,Nilgiris,2023-07-30,0.6728792190551758,28.62829065322876,161.88412046432495,11.5,76.75
DEMO-NLG-001,Demo Nilgiris location A,11.41,76.69,Tamil Nadu,Nilgiris,2023-07-31,1.3457584381103516,9.464575290679932,152.00610780715942,11.5,76.75
DEMO-NLG-001,Demo Nilgiris location A,11.41,76.69,Tamil Nadu,Nilgiris,2023-08-01,5.383033752441406,7.401671409606934,128.19069719314575,11.5,76.75
DEMO-NLG-001,Demo Nilgiris location A,11.41,76.69,Tamil Nadu,Nilgiris,2023-08-02,0.0,6.728792190551758,79.50988435745239,11.5,76.75
DEMO-NLG-001,Demo Nilgiris location A,11.41,76.69,Tamil Nadu,Nilgiris,2023-08-03,0.0,5.383033752441406,35.35708284378052,11.5,76.75
DEMO-NLG-001,Demo Nilgiris location A,11.41,76.69,Tamil Nadu,Nilgiris,2023-08-04,0.0,0.0,14.847609043121338,11.5,76.75
DEMO-NLG-001,Demo Nilgiris location A,11.41,76.69,Tamil Nadu,Nilgiris,2023-08-05,2.0186376571655273,2.0186376571655273,9.420309066772461,11.5,76.75
DEMO-NLG-001,Demo Nilgiris location A,11.41,76.69,Tamil Nadu,Nilgiris,2023-08-06,0.6728792190551758,2.691516876220703,9.420309066772461,11.5,76.75
DEMO-NLG-001,Demo Nilgiris location A,11.41,76.69,Tamil Nadu,Nilgiris,2023-08-07,3.831197738647461,6.522714614868164,11.90574836730957,11.5,76.75
DEMO-NLG-001,Demo Nilgiris location A,11.41,76.69,Tamil Nadu,Nilgiris,2023-08-08,0.0,4.504076957702637,6.522714614868164,11.5,76.75
DEMO-NLG-001,Demo Nilgiris location A,11.41,76.69,Tamil Nadu,Nilgiris,2023-08-09,0.14486825466156006,3.976065993309021,6.667582869529724,11.5,76.75
DEMO-NLG-001,Demo Nilgiris location A,11.41,76.69,Tamil Nadu,Nilgiris,2023-08-10,0.2696225047111511,0.4144907593727112,6.937205374240875,11.5,76.75
DEMO-NLG-001,Demo Nilgiris location A,11.41,76.69,Tamil Nadu,Nilgiris,2023-08-11,9.66652774810791,10.081018507480621,16.603733122348785,11.5,76.75
DEMO-NLG-001,Demo Nilgiris location A,11.41,76.69,Tamil Nadu,Nilgiris,2023-08-12,45.86330795288086,55.79945820569992,60.44840341806412,11.5,76.75
DEMO-NLG-001,Demo Nilgiris location A,11.41,76.69,Tamil Nadu,Nilgiris,2023-08-13,0.7605780363082886,56.29041373729706,60.53610223531723,11.5,76.75
DEMO-NLG-001,Demo Nilgiris location A,11.41,76.69,Tamil Nadu,Nilgiris,2023-08-14,0.0,46.62388598918915,56.70490449666977,11.5,76.75
DEMO-NLG-001,Demo Nilgiris location A,11.41,76.69,Tamil Nadu,Nilgiris,2023-08-15,0.0,0.7605780363082886,56.70490449666977,11.5,76.75
DEMO-NLG-001,Demo Nilgiris location A,11.41,76.69,Tamil Nadu,Nilgiris,2023-08-16,0.0,0.0,56.56003624200821,11.5,76.75
DEMO-NLG-001,Demo Nilgiris location A,11.41,76.69,Tamil Nadu,Nilgiris,2023-08-17,0.0,0.0,56.29041373729706,11.5,76.75
DEMO-NLG-001,Demo Nilgiris location A,11.41,76.69,Tamil Nadu,Nilgiris,2023-08-18,0.0,0.0,46.62388598918915,11.5,76.75
DEMO-NLG-001,Demo Nilgiris location A,11.41,76.69,Tamil Nadu,Nilgiris,2023-08-19,0.1368226408958435,0.1368226408958435,0.8974006772041321,11.5,76.75
DEMO-NLG-001,Demo Nilgiris location A,11.41,76.69,Tamil Nadu,Nilgiris,2023-08-20,0.7036943435668945,0.840516984462738,0.840516984462738,11.5,76.75
DEMO-NLG-001,Demo Nilgiris location A,11.41,76.69,Tamil Nadu,Nilgiris,2023-08-21,0.6728792190551758,1.5133962035179138,1.5133962035179138,11.5,76.75
DEMO-NLG-001,Demo Nilgiris location A,11.41,76.69,Tamil Nadu,Nilgiris,2023-08-22,0.0,1.3765735626220703,1.5133962035179138,11.5,76.75
DEMO-NLG-001,Demo Nilgiris location A,11.41,76.69,Tamil Nadu,Nilgiris,2023-08-23,4.601819038391113,5.274698257446289,6.115215241909027,11.5,76.75
DEMO-NLG-001,Demo Nilgiris location A,11.41,76.69,Tamil Nadu,Nilgiris,2023-08-24,0.0,4.601819038391113,6.115215241909027,11.5,76.75
DEMO-NLG-001,Demo Nilgiris location A,11.41,76.69,Tamil Nadu,Nilgiris,2023-08-25,0.0,4.601819038391113,6.115215241909027,11.5,76.75
DEMO-NLG-001,Demo Nilgiris location A,11.41,76.69,Tamil Nadu,Nilgiris,2023-08-26,0.0,0.0,5.978392601013184,11.5,76.75
DEMO-NLG-001,Demo Nilgiris location A,11.41,76.69,Tamil Nadu,Nilgiris,2023-08-27,0.0,0.0,5.274698257446289,11.5,76.75
DEMO-NLG-001,Demo Nilgiris location A,11.41,76.69,Tamil Nadu,Nilgiris,2023-08-28,0.0,0.0,4.601819038391113,11.5,76.75
DEMO-NLG-001,Demo Nilgiris location A,11.41,76.69,Tamil Nadu,Nilgiris,2023-08-29,0.13279983401298523,0.13279983401298523,4.7346188724040985,11.5,76.75
DEMO-NLG-001,Demo Nilgiris location A,11.41,76.69,Tamil Nadu,Nilgiris,2023-08-30,2.524015426635742,2.6568152606487274,2.6568152606487274,11.5,76.75
DEMO-NLG-001,Demo Nilgiris location A,11.41,76.69,Tamil Nadu,Nilgiris,2023-08-31,1.9342364072799683,4.591051667928696,4.591051667928696,11.5,76.75
DEMO-NLG-001,Demo Nilgiris location A,11.41,76.69,Tamil Nadu,Nilgiris,2023-09-01,4.6901326179504395,9.14838445186615,9.281184285879135,11.5,76.75
DEMO-NLG-001,Demo Nilgiris location A,11.41,76.69,Tamil Nadu,Nilgiris,2023-09-02,6.777081489562988,13.401450514793396,16.058265775442123,11.5,76.75
DEMO-NLG-001,Demo Nilgiris location A,11.41,76.69,Tamil Nadu,Nilgiris,2023-09-03,7.389765739440918,18.856979846954346,23.44803151488304,11.5,76.75
DEMO-NLG-001,Demo Nilgiris location A,11.41,76.69,Tamil Nadu,Nilgiris,2023-09-04,3.46097469329834,17.627821922302246,26.90900620818138,11.5,76.75
DEMO-NLG-001,Demo Nilgiris location A,11.41,76.69,Tamil Nadu,Nilgiris,2023-09-05,0.0,10.850740432739258,26.776206374168396,11.5,76.75
DEMO-NLG-001,Demo Nilgiris location A,11.41,76.69,Tamil Nadu,Nilgiris,2023-09-06,0.8097018003463745,4.270676493644714,25.06189274787903,11.5,76.75
DEMO-NLG-001,Demo Nilgiris location A,11.41,76.69,Tamil Nadu,Nilgiris,2023-09-07,9.715230941772461,10.524932742118835,32.84288728237152,11.5,76.75
DEMO-NLG-001,Demo Nilgiris location A,11.41,76.69,Tamil Nadu,Nilgiris,2023-09-08,8.27988338470459,18.804816126823425,36.43263804912567,11.5,76.75
DEMO-NLG-001,Demo Nilgiris location A,11.41,76.69,Tamil Nadu,Nilgiris,2023-09-09,4.80271053314209,22.79782485961914,34.45826709270477,11.5,76.75
DEMO-NLG-001,Demo Nilgiris location A,11.41,76.69,Tamil Nadu,Nilgiris,2023-09-10,0.04828941822052002,13.1308833360672,27.116790771484375,11.5,76.75
DEMO-NLG-001,Demo Nilgiris location A,11.41,76.69,Tamil Nadu,Nilgiris,2023-09-11,4.7101545333862305,9.56115448474884,28.365970611572266,11.5,76.75
DEMO-NLG-001,Demo Nilgiris location A,11.41,76.69,Tamil Nadu,Nilgiris,2023-09-12,12.204381942749023,16.962825894355774,40.57035255432129,11.5,76.75
DEMO-NLG-001,Demo Nilgiris location A,11.41,76.69,Tamil Nadu,Nilgiris,2023-09-13,0.09255602955818176,17.007092505693436,39.853206783533096,11.5,76.75
DEMO-NLG-001,Demo Nilgiris location A,11.41,76.69,Tamil Nadu,Nilgiris,2023-09-14,2.722332000732422,15.019269973039627,32.86030784249306,11.5,76.75
DEMO-NLG-001,Demo Nilgiris location A,11.41,76.69,Tamil Nadu,Nilgiris,2023-09-15,1.3457584381103516,4.160646468400955,25.92618289589882,11.5,76.75
DEMO-NLG-001,Demo Nilgiris location A,11.41,76.69,Tamil Nadu,Nilgiris,2023-09-16,0.9022579193115234,4.970348358154297,22.025730282068253,11.5,76.75
DEMO-NLG-001,Demo Nilgiris location A,11.41,76.69,Tamil Nadu,Nilgiris,2023-09-17,0.0,2.248016357421875,21.977440863847733,11.5,76.75
DEMO-NLG-001,Demo Nilgiris location A,11.41,76.69,Tamil Nadu,Nilgiris,2023-09-18,7.598423957824707,8.50068187713623,24.86571028828621,11.5,76.75
DEMO-NLG-001,Demo Nilgiris location A,11.41,76.69,Tamil Nadu,Nilgiris,2023-09-19,6.85325288772583,14.451676845550537,19.514581233263016,11.5,76.75
DEMO-NLG-001,Demo Nilgiris location A,11.41,76.69,Tamil Nadu,Nilgiris,2023-09-20,0.7653990983963013,15.217075943946838,20.187424302101135,11.5,76.75
DEMO-NLG-001,Demo Nilgiris location A,11.41,76.69,Tamil Nadu,Nilgiris,2023-09-21,0.0,7.618651986122131,17.465092301368713,11.5,76.75
DEMO-NLG-001,Demo Nilgiris location A,11.41,76.69,Tamil Nadu,Nilgiris,2023-09-22,7.97226095199585,8.73766005039215,24.09159481525421,11.5,76.75
DEMO-NLG-001,Demo Nilgiris location A,11.41,76.69,Tamil Nadu,Nilgiris,2023-09-23,10.90735149383545,18.8796124458313,34.09668838977814,11.5,76.75
DEMO-NLG-001,Demo Nilgiris location A,11.41,76.69,Tamil Nadu,Nilgiris,2023-09-24,0.0,18.8796124458313,34.09668838977814,11.5,76.75
DEMO-NLG-001,Demo Nilgiris location A,11.41,76.69,Tamil Nadu,Nilgiris,2023-09-25,0.0,10.90735149383545,26.49826443195343,11.5,76.75
DEMO-NLG-001,Demo Nilgiris location A,11.41,76.69,Tamil Nadu,Nilgiris,2023-09-26,0.19315767288208008,0.19315767288208008,19.83816921710968,11.5,76.75
DEMO-NLG-001,Demo Nilgiris location A,11.41,76.69,Tamil Nadu,Nilgiris,2023-09-27,0.19315767288208008,0.38631534576416016,19.26592779159546,11.5,76.75
DEMO-NLG-001,Demo Nilgiris location A,11.41,76.69,Tamil Nadu,Nilgiris,2023-09-28,3.3643958568573,3.75071120262146,22.63032364845276,11.5,76.75
DEMO-NLG-001,Demo Nilgiris location A,11.41,76.69,Tamil Nadu,Nilgiris,2023-09-29,0.717458963394165,4.275012493133545,15.375521659851074,11.5,76.75
DEMO-NLG-001,Demo Nilgiris location A,11.41,76.69,Tamil Nadu,Nilgiris,2023-09-30,0.0,4.081854820251465,4.468170166015625,11.5,76.75
DEMO-NLG-001,Demo Nilgiris location A,11.41,76.69,Tamil Nadu,Nilgiris,2023-10-01,3.4529290199279785,4.1703879833221436,7.9210991859436035,11.5,76.75
DEMO-NLG-001,Demo Nilgiris location A,11.41,76.69,Tamil Nadu,Nilgiris,2023-10-02,0.0,3.4529290199279785,7.9210991859436035,11.5,76.75
DEMO-NLG-001,Demo Nilgiris location A,11.41,76.69,Tamil Nadu,Nilgiris,2023-10-03,0.0,3.4529290199279785,7.727941513061523,11.5,76.75
DEMO-NLG-001,Demo Nilgiris location A,11.41,76.69,Tamil Nadu,Nilgiris,2023-10-04,0.0,0.0,7.534783840179443,11.5,76.75
DEMO-NLG-001,Demo Nilgiris location A,11.41,76.69,Tamil Nadu,Nilgiris,2023-10-05,0.0,0.0,4.1703879833221436,11.5,76.75
DEMO-NLG-001,Demo Nilgiris location A,11.41,76.69,Tamil Nadu,Nilgiris,2023-10-06,0.0,0.0,3.4529290199279785,11.5,76.75
DEMO-NLG-001,Demo Nilgiris location A,11.41,76.69,Tamil Nadu,Nilgiris,2023-10-07,0.0,0.0,3.4529290199279785,11.5,76.75
DEMO-NLG-001,Demo Nilgiris location A,11.41,76.69,Tamil Nadu,Nilgiris,2023-10-08,0.0,0.0,0.0,11.5,76.75
DEMO-NLG-001,Demo Nilgiris location A,11.41,76.69,Tamil Nadu,Nilgiris,2023-10-09,7.127050399780273,7.127050399780273,7.127050399780273,11.5,76.75
DEMO-NLG-001,Demo Nilgiris location A,11.41,76.69,Tamil Nadu,Nilgiris,2023-10-10,30.06727409362793,37.1943244934082,37.1943244934082,11.5,76.75
DEMO-NLG-001,Demo Nilgiris location A,11.41,76.69,Tamil Nadu,Nilgiris,2023-10-11,12.65401840209961,49.84834289550781,49.84834289550781,11.5,76.75
DEMO-NLG-001,Demo Nilgiris location A,11.41,76.69,Tamil Nadu,Nilgiris,2023-10-12,10.632452964782715,53.353745460510254,60.48079586029053,11.5,76.75
DEMO-NLG-001,Demo Nilgiris location A,11.41,76.69,Tamil Nadu,Nilgiris,2023-10-13,27.58804702758789,50.874518394470215,88.06884288787842,11.5,76.75
DEMO-NLG-001,Demo Nilgiris location A,11.41,76.69,Tamil Nadu,Nilgiris,2023-10-14,0.0,38.220499992370605,88.06884288787842,11.5,76.75
DEMO-NLG-001,Demo Nilgiris location A,11.41,76.69,Tamil Nadu,Nilgiris,2023-10-15,60.06835174560547,87.65639877319336,148.1371946334839,11.5,76.75
DEMO-NLG-001,Demo Nilgiris location A,11.41,76.69,Tamil Nadu,Nilgiris,2023-10-16,1.2127106189727783,61.28106236457825,142.2228548526764,11.5,76.75
DEMO-NLG-001,Demo Nilgiris location A,11.41,76.69,Tamil Nadu,Nilgiris,2023-10-17,27.168216705322266,88.44927906990051,139.32379746437073,11.5,76.75
DEMO-NLG-001,Demo Nilgiris location A,11.41,76.69,Tamil Nadu,Nilgiris,2023-10-18,4.5486578941345215,32.929585218429565,131.21843695640564,11.5,76.75
DEMO-NLG-001,Demo Nilgiris location A,11.41,76.69,Tamil Nadu,Nilgiris,2023-10-19,0.0,31.716874599456787,120.58598399162292,11.5,76.75
DEMO-NLG-001,Demo Nilgiris location A,11.41,76.69,Tamil Nadu,Nilgiris,2023-10-20,0.09657883644104004,4.6452367305755615,93.09451580047607,11.5,76.75
DEMO-NLG-001,Demo Nilgiris location A,11.41,76.69,Tamil Nadu,Nilgiris,2023-10-21,0.0,0.09657883644104004,93.09451580047607,11.5,76.75
DEMO-NLG-001,Demo Nilgiris location A,11.41,76.69,Tamil Nadu,Nilgiris,2023-10-22,0.04828941822052002,0.14486825466156006,33.074453473091125,11.5,76.75
DEMO-NLG-001,Demo Nilgiris location A,11.41,76.69,Tamil Nadu,Nilgiris,2023-10-23,0.0,0.04828941822052002,31.861742854118347,11.5,76.75
DEMO-NLG-001,Demo Nilgiris location A,11.41,76.69,Tamil Nadu,Nilgiris,2023-10-24,0.0,0.04828941822052002,4.6935261487960815,11.5,76.75
DEMO-NLG-001,Demo Nilgiris location A,11.41,76.69,Tamil Nadu,Nilgiris,2023-10-25,0.0,0.0,0.14486825466156006,11.5,76.75
DEMO-NLG-001,Demo Nilgiris location A,11.41,76.69,Tamil Nadu,Nilgiris,2023-10-26,0.0,0.0,0.14486825466156006,11.5,76.75
DEMO-NLG-001,Demo Nilgiris location A,11.41,76.69,Tamil Nadu,Nilgiris,2023-10-27,0.0,0.0,0.04828941822052002,11.5,76.75
DEMO-NLG-001,Demo Nilgiris location A,11.41,76.69,Tamil Nadu,Nilgiris,2023-10-28,0.08692094683647156,0.08692094683647156,0.13521036505699158,11.5,76.75
DEMO-NLG-001,Demo Nilgiris location A,11.41,76.69,Tamil Nadu,Nilgiris,2023-10-29,0.33802592754364014,0.4249468743801117,0.4249468743801117,11.5,76.75
DEMO-NLG-001,Demo Nilgiris location A,11.41,76.69,Tamil Nadu,Nilgiris,2023-10-30,3.3208513259887695,3.7457982003688812,3.7457982003688812,11.5,76.75
DEMO-NLG-001,Demo Nilgiris location A,11.41,76.69,Tamil Nadu,Nilgiris,2023-10-31,9.384820938110352,13.043698191642761,13.130619138479233,11.5,76.75
DEMO-NLG-001,Demo Nilgiris location A,11.41,76.69,Tamil Nadu,Nilgiris,2023-11-01,3.243565797805786,15.949238061904907,16.37418493628502,11.5,76.75
DEMO-NLG-001,Demo Nilgiris location A,11.41,76.69,Tamil Nadu,Nilgiris,2023-11-02,1.5729038715362549,14.201290607452393,17.947088807821274,11.5,76.75
DEMO-NLG-001,Demo Nilgiris location A,11.41,76.69,Tamil Nadu,Nilgiris,2023-11-03,2.6767916679382324,7.493261337280273,20.623880475759506,11.5,76.75
DEMO-NLG-001,Demo Nilgiris location A,11.41,76.69,Tamil Nadu,Nilgiris,2023-11-04,5.507030010223389,9.756725549697876,26.043989539146423,11.5,76.75
DEMO-NLG-001,Demo Nilgiris location A,11.41,76.69,Tamil Nadu,Nilgiris,2023-11-05,26.313352584838867,34.49717426300049,52.01931619644165,11.5,76.75
DEMO-NLG-001,Demo Nilgiris location A,11.41,76.69,Tamil Nadu,Nilgiris,2023-11-06,4.402541637420654,36.22292423248291,53.101006507873535,11.5,76.75
DEMO-NLG-001,Demo Nilgiris location A,11.41,76.69,Tamil Nadu,Nilgiris,2023-11-07,24.426549911499023,55.142444133758545,68.1427354812622,11.5,76.75
DEMO-NLG-001,Demo Nilgiris location A,11.41,76.69,Tamil Nadu,Nilgiris,2023-11-08,0.7312802672386169,29.560371816158295,65.63044995069504,11.5,76.75
DEMO-NLG-001,Demo Nilgiris location A,11.41,76.69,Tamil Nadu,Nilgiris,2023-11-09,28.274694442749023,53.432524621486664,92.3322405219078,11.5,76.75
DEMO-NLG-001,Demo Nilgiris location A,11.41,76.69,Tamil Nadu,Nilgiris,2023-11-10,7.977433681488037,36.98340839147568,97.63288253545761,11.5,76.75
DEMO-NLG-001,Demo Nilgiris location A,11.41,76.69,Tamil Nadu,Nilgiris,2023-11-11,0.28285422921180725,36.53498235344887,92.40870675444603,11.5,76.75
DEMO-NLG-001,Demo Nilgiris location A,11.41,76.69,Tamil Nadu,Nilgiris,2023-11-12,0.0,8.260287910699844,66.09535416960716,11.5,76.75
DEMO-NLG-001,Demo Nilgiris location A,11.41,76.69,Tamil Nadu,Nilgiris,2023-11-13,0.0,0.28285422921180725,61.69281253218651,11.5,76.75
DEMO-NLG-001,Demo Nilgiris location A,11.41,76.69,Tamil Nadu,Nilgiris,2023-11-14,0.0,0.0,37.266262620687485,11.5,76.75
DEMO-NLG-001,Demo Nilgiris location A,11.41,76.69,Tamil Nadu,Nilgiris,2023-11-15,0.0,0.0,36.53498235344887,11.5,76.75
DEMO-NLG-001,Demo Nilgiris location A,11.41,76.69,Tamil Nadu,Nilgiris,2023-11-16,0.04828941822052002,0.04828941822052002,8.308577328920364,11.5,76.75
DEMO-NLG-001,Demo Nilgiris location A,11.41,76.69,Tamil Nadu,Nilgiris,2023-11-17,0.0,0.04828941822052002,0.33114364743232727,11.5,76.75
DEMO-NLG-001,Demo Nilgiris location A,11.41,76.69,Tamil Nadu,Nilgiris,2023-11-18,0.0,0.04828941822052002,0.04828941822052002,11.5,76.75
DEMO-NLG-001,Demo Nilgiris location A,11.41,76.69,Tamil Nadu,Nilgiris,2023-11-19,0.09657883644104004,0.09657883644104004,0.14486825466156006,11.5,76.75
DEMO-NLG-001,Demo Nilgiris location A,11.41,76.69,Tamil Nadu,Nilgiris,2023-11-20,0.0,0.09657883644104004,0.14486825466156006,11.5,76.75
DEMO-NLG-001,Demo Nilgiris location A,11.41,76.69,Tamil Nadu,Nilgiris,2023-11-21,0.0,0.09657883644104004,0.14486825466156006,11.5,76.75
DEMO-NLG-001,Demo Nilgiris location A,11.41,76.69,Tamil Nadu,Nilgiris,2023-11-22,25.596189498901367,25.596189498901367,25.741057753562927,11.5,76.75
DEMO-NLG-001,Demo Nilgiris location A,11.41,76.69,Tamil Nadu,Nilgiris,2023-11-23,35.85371398925781,61.44990348815918,61.54648232460022,11.5,76.75
DEMO-NLG-001,Demo Nilgiris location A,11.41,76.69,Tamil Nadu,Nilgiris,2023-11-24,38.887184143066406,100.33708763122559,100.43366646766663,11.5,76.75
DEMO-NLG-001,Demo Nilgiris location A,11.41,76.69,Tamil Nadu,Nilgiris,2023-11-25,0.3311436176300049,75.07204174995422,100.76481008529663,11.5,76.75
DEMO-NLG-001,Demo Nilgiris location A,11.41,76.69,Tamil Nadu,Nilgiris,2023-11-26,5.2523512840271,44.47067904472351,105.92058253288269,11.5,76.75
DEMO-NLG-001,Demo Nilgiris location A,11.41,76.69,Tamil Nadu,Nilgiris,2023-11-27,1.0181163549423218,6.601611256599426,106.93869888782501,11.5,76.75
DEMO-NLG-001,Demo Nilgiris location A,11.41,76.69,Tamil Nadu,Nilgiris,2023-11-28,0.0,6.270467638969421,106.93869888782501,11.5,76.75
DEMO-NLG-001,Demo Nilgiris location A,11.41,76.69,Tamil Nadu,Nilgiris,2023-11-29,0.09657883644104004,1.1146951913833618,81.43908822536469,11.5,76.75
DEMO-NLG-001,Demo Nilgiris location A,11.41,76.69,Tamil Nadu,Nilgiris,2023-11-30,1.7937041521072388,1.8902829885482788,47.37907838821411,11.5,76.75
DEMO-NLG-001,Demo Nilgiris location A,11.41,76.69,Tamil Nadu,Nilgiris,2023-12-01,0.0,1.8902829885482788,8.491894245147705,11.5,76.75
DEMO-NLG-001,Demo Nilgiris location A,11.41,76.69,Tamil Nadu,Nilgiris,2023-12-02,0.0,1.7937041521072388,8.1607506275177,11.5,76.75
DEMO-NLG-001,Demo Nilgiris location A,11.41,76.69,Tamil Nadu,Nilgiris,2023-12-03,0.6728792190551758,0.6728792190551758,3.5812785625457764,11.5,76.75
DEMO-NLG-001,Demo Nilgiris location A,11.41,76.69,Tamil Nadu,Nilgiris,2023-12-04,1.1420087814331055,1.8148880004882812,3.70517098903656,11.5,76.75
DEMO-NLG-001,Demo Nilgiris location A,11.41,76.69,Tamil Nadu,Nilgiris,2023-12-05,0.0,1.8148880004882812,3.70517098903656,11.5,76.75
DEMO-NLG-001,Demo Nilgiris location A,11.41,76.69,Tamil Nadu,Nilgiris,2023-12-06,0.0,1.1420087814331055,3.60859215259552,11.5,76.75
DEMO-NLG-001,Demo Nilgiris location A,11.41,76.69,Tamil Nadu,Nilgiris,2023-12-07,0.0,0.0,1.8148880004882812,11.5,76.75
DEMO-NLG-001,Demo Nilgiris location A,11.41,76.69,Tamil Nadu,Nilgiris,2023-12-08,3.165404796600342,3.165404796600342,4.980292797088623,11.5,76.75
DEMO-NLG-001,Demo Nilgiris location A,11.41,76.69,Tamil Nadu,Nilgiris,2023-12-09,6.848874092102051,10.014278888702393,11.829166889190674,11.5,76.75
DEMO-NLG-001,Demo Nilgiris location A,11.41,76.69,Tamil Nadu,Nilgiris,2023-12-10,17.345500946044922,27.359779834747314,28.50178861618042,11.5,76.75
DEMO-NLG-001,Demo Nilgiris location A,11.41,76.69,Tamil Nadu,Nilgiris,2023-12-11,2.91591215133667,27.110287189483643,30.275691986083984,11.5,76.75
DEMO-NLG-001,Demo Nilgiris location A,11.41,76.69,Tamil Nadu,Nilgiris,2023-12-12,0.04828941822052002,20.309702515602112,30.323981404304504,11.5,76.75
DEMO-NLG-001,Demo Nilgiris location A,11.41,76.69,Tamil Nadu,Nilgiris,2023-12-13,0.0,2.96420156955719,30.323981404304504,11.5,76.75
DEMO-NLG-001,Demo Nilgiris location A,11.41,76.69,Tamil Nadu,Nilgiris,2023-12-14,0.0,0.04828941822052002,30.323981404304504,11.5,76.75
DEMO-NLG-001,Demo Nilgiris location A,11.41,76.69,Tamil Nadu,Nilgiris,2023-12-15,0.0,0.0,27.158576607704163,11.5,76.75
DEMO-NLG-001,Demo Nilgiris location A,11.41,76.69,Tamil Nadu,Nilgiris,2023-12-16,0.28285422921180725,0.28285422921180725,20.59255674481392,11.5,76.75
DEMO-NLG-001,Demo Nilgiris location A,11.41,76.69,Tamil Nadu,Nilgiris,2023-12-17,1.511382818222046,1.7942370474338531,4.758438616991043,11.5,76.75
DEMO-NLG-001,Demo Nilgiris location A,11.41,76.69,Tamil Nadu,Nilgiris,2023-12-18,3.621209144592285,5.415446192026138,5.463735610246658,11.5,76.75
DEMO-NLG-001,Demo Nilgiris location A,11.41,76.69,Tamil Nadu,Nilgiris,2023-12-19,2.1035704612731934,7.236162424087524,7.519016653299332,11.5,76.75
DEMO-NLG-001,Demo Nilgiris location A,11.41,76.69,Tamil Nadu,Nilgiris,2023-12-20,0.0,5.7247796058654785,7.519016653299332,11.5,76.75
DEMO-NLG-001,Demo Nilgiris location A,11.41,76.69,Tamil Nadu,Nilgiris,2023-12-21,0.18108925223350525,2.2846597135066986,7.700105905532837,11.5,76.75
DEMO-NLG-001,Demo Nilgiris location A,11.41,76.69,Tamil Nadu,Nilgiris,2023-12-22,0.18511205911636353,0.3662013113498688,7.8852179646492,11.5,76.75
DEMO-NLG-001,Demo Nilgiris location A,11.41,76.69,Tamil Nadu,Nilgiris,2023-12-23,0.0,0.3662013113498688,7.602363735437393,11.5,76.75
DEMO-NLG-001,Demo Nilgiris location A,11.41,76.69,Tamil Nadu,Nilgiris,2023-12-24,0.0,0.18511205911636353,6.090980917215347,11.5,76.75
DEMO-NLG-001,Demo Nilgiris location A,11.41,76.69,Tamil Nadu,Nilgiris,2023-12-25,0.3794330358505249,0.3794330358505249,2.849204808473587,11.5,76.75
DEMO-NLG-001,Demo Nilgiris location A,11.41,76.69,Tamil Nadu,Nilgiris,2023-12-26,1.3056238889694214,1.6850569248199463,2.051258236169815,11.5,76.75
DEMO-NLG-001,Demo Nilgiris location A,11.41,76.69,Tamil Nadu,Nilgiris,2023-12-27,0.0,1.6850569248199463,2.051258236169815,11.5,76.75
DEMO-NLG-001,Demo Nilgiris location A,11.41,76.69,Tamil Nadu,Nilgiris,2023-12-28,0.04828941822052002,1.3539133071899414,1.9184584021568298,11.5,76.75
DEMO-NLG-001,Demo Nilgiris location A,11.41,76.69,Tamil Nadu,Nilgiris,2023-12-29,0.09657883644104004,0.14486825466156006,1.8299251794815063,11.5,76.75
DEMO-NLG-001,Demo Nilgiris location A,11.41,76.69,Tamil Nadu,Nilgiris,2023-12-30,1.784495234489441,1.929363489151001,3.6144204139709473,11.5,76.75
DEMO-NLG-001,Demo Nilgiris location A,11.41,76.69,Tamil Nadu,Nilgiris,2023-12-31,0.0,1.881074070930481,3.6144204139709473,11.5,76.75
DEMO-NLG-001,Demo Nilgiris location A,11.41,76.69,Tamil Nadu,Nilgiris,2024-01-01,0.0,,,11.5,76.75
DEMO-NLG-001,Demo Nilgiris location A,11.41,76.69,Tamil Nadu,Nilgiris,2024-01-02,0.0,,,11.5,76.75
DEMO-NLG-001,Demo Nilgiris location A,11.41,76.69,Tamil Nadu,Nilgiris,2024-01-03,0.0,0.0,,11.5,76.75
DEMO-NLG-001,Demo Nilgiris location A,11.41,76.69,Tamil Nadu,Nilgiris,2024-01-04,6.9609198570251465,6.9609198570251465,,11.5,76.75
DEMO-NLG-001,Demo Nilgiris location A,11.41,76.69,Tamil Nadu,Nilgiris,2024-01-05,9.0743408203125,16.035260677337646,,11.5,76.75
DEMO-NLG-001,Demo Nilgiris location A,11.41,76.69,Tamil Nadu,Nilgiris,2024-01-06,2.2682394981384277,18.303500175476074,,11.5,76.75
DEMO-NLG-001,Demo Nilgiris location A,11.41,76.69,Tamil Nadu,Nilgiris,2024-01-07,1.611984372138977,12.954564690589905,19.91548454761505,11.5,76.75
DEMO-NLG-001,Demo Nilgiris location A,11.41,76.69,Tamil Nadu,Nilgiris,2024-01-08,0.7508204579353333,4.631044328212738,20.666305005550385,11.5,76.75
DEMO-NLG-001,Demo Nilgiris location A,11.41,76.69,Tamil Nadu,Nilgiris,2024-01-09,7.835325717926025,10.198130548000336,28.50163072347641,11.5,76.75
DEMO-NLG-001,Demo Nilgiris location A,11.41,76.69,Tamil Nadu,Nilgiris,2024-01-10,15.92004680633545,24.506192982196808,44.42167752981186,11.5,76.75
DEMO-NLG-001,Demo Nilgiris location A,11.41,76.69,Tamil Nadu,Nilgiris,2024-01-11,0.0,23.755372524261475,37.46075767278671,11.5,76.75
DEMO-NLG-001,Demo Nilgiris location A,11.41,76.69,Tamil Nadu,Nilgiris,2024-01-12,0.0,15.92004680633545,28.386416852474213,11.5,76.75
DEMO-NLG-001,Demo Nilgiris location A,11.41,76.69,Tamil Nadu,Nilgiris,2024-01-13,0.0,0.0,26.118177354335785,11.5,76.75
DEMO-NLG-001,Demo Nilgiris location A,11.41,76.69,Tamil Nadu,Nilgiris,2024-01-14,0.0,0.0,24.506192982196808,11.5,76.75
DEMO-NLG-001,Demo Nilgiris location A,11.41,76.69,Tamil Nadu,Nilgiris,2024-01-15,0.0,0.0,23.755372524261475,11.5,76.75
DEMO-NLG-001,Demo Nilgiris location A,11.41,76.69,Tamil Nadu,Nilgiris,2024-01-16,0.0,0.0,15.92004680633545,11.5,76.75
DEMO-NLG-001,Demo Nilgiris location A,11.41,76.69,Tamil Nadu,Nilgiris,2024-01-17,0.0,0.0,0.0,11.5,76.75
DEMO-NLG-001,Demo Nilgiris location A,11.41,76.69,Tamil Nadu,Nilgiris,2024-01-18,0.0,0.0,0.0,11.5,76.75
DEMO-NLG-001,Demo Nilgiris location A,11.41,76.69,Tamil Nadu,Nilgiris,2024-01-19,0.0,0.0,0.0,11.5,76.75
DEMO-NLG-001,Demo Nilgiris location A,11.41,76.69,Tamil Nadu,Nilgiris,2024-01-20,0.0,0.0,0.0,11.5,76.75
DEMO-NLG-001,Demo Nilgiris location A,11.41,76.69,Tamil Nadu,Nilgiris,2024-01-21,0.0,0.0,0.0,11.5,76.75
DEMO-NLG-001,Demo Nilgiris location A,11.41,76.69,Tamil Nadu,Nilgiris,2024-01-22,0.0,0.0,0.0,11.5,76.75
DEMO-NLG-001,Demo Nilgiris location A,11.41,76.69,Tamil Nadu,Nilgiris,2024-01-23,0.0,0.0,0.0,11.5,76.75
DEMO-NLG-001,Demo Nilgiris location A,11.41,76.69,Tamil Nadu,Nilgiris,2024-01-24,0.0,0.0,0.0,11.5,76.75
DEMO-NLG-001,Demo Nilgiris location A,11.41,76.69,Tamil Nadu,Nilgiris,2024-01-25,0.0,0.0,0.0,11.5,76.75
DEMO-NLG-001,Demo Nilgiris location A,11.41,76.69,Tamil Nadu,Nilgiris,2024-01-26,0.0,0.0,0.0,11.5,76.75
DEMO-NLG-001,Demo Nilgiris location A,11.41,76.69,Tamil Nadu,Nilgiris,2024-01-27,0.0,0.0,0.0,11.5,76.75
DEMO-NLG-001,Demo Nilgiris location A,11.41,76.69,Tamil Nadu,Nilgiris,2024-01-28,0.0,0.0,0.0,11.5,76.75
DEMO-NLG-001,Demo Nilgiris location A,11.41,76.69,Tamil Nadu,Nilgiris,2024-01-29,0.0,0.0,0.0,11.5,76.75
DEMO-NLG-001,Demo Nilgiris location A,11.41,76.69,Tamil Nadu,Nilgiris,2024-01-30,0.0,0.0,0.0,11.5,76.75
DEMO-NLG-001,Demo Nilgiris location A,11.41,76.69,Tamil Nadu,Nilgiris,2024-01-31,0.0,0.0,0.0,11.5,76.75
DEMO-NLG-001,Demo Nilgiris location A,11.41,76.69,Tamil Nadu,Nilgiris,2024-02-01,0.0,0.0,0.0,11.5,76.75
DEMO-NLG-001,Demo Nilgiris location A,11.41,76.69,Tamil Nadu,Nilgiris,2024-02-02,0.0,0.0,0.0,11.5,76.75
DEMO-NLG-001,Demo Nilgiris location A,11.41,76.69,Tamil Nadu,Nilgiris,2024-02-03,0.0,0.0,0.0,11.5,76.75
DEMO-NLG-001,Demo Nilgiris location A,11.41,76.69,Tamil Nadu,Nilgiris,2024-02-04,0.0,0.0,0.0,11.5,76.75
DEMO-NLG-001,Demo Nilgiris location A,11.41,76.69,Tamil Nadu,Nilgiris,2024-02-05,0.0,0.0,0.0,11.5,76.75
DEMO-NLG-001,Demo Nilgiris location A,11.41,76.69,Tamil Nadu,Nilgiris,2024-02-06,0.0,0.0,0.0,11.5,76.75
DEMO-NLG-001,Demo Nilgiris location A,11.41,76.69,Tamil Nadu,Nilgiris,2024-02-07,0.0,0.0,0.0,11.5,76.75
DEMO-NLG-001,Demo Nilgiris location A,11.41,76.69,Tamil Nadu,Nilgiris,2024-02-08,0.0,0.0,0.0,11.5,76.75
DEMO-NLG-001,Demo Nilgiris location A,11.41,76.69,Tamil Nadu,Nilgiris,2024-02-09,0.0,0.0,0.0,11.5,76.75
DEMO-NLG-001,Demo Nilgiris location A,11.41,76.69,Tamil Nadu,Nilgiris,2024-02-10,0.0,0.0,0.0,11.5,76.75
DEMO-NLG-001,Demo Nilgiris location A,11.41,76.69,Tamil Nadu,Nilgiris,2024-02-11,0.0,0.0,0.0,11.5,76.75
DEMO-NLG-001,Demo Nilgiris location A,11.41,76.69,Tamil Nadu,Nilgiris,2024-02-12,0.0,0.0,0.0,11.5,76.75
DEMO-NLG-001,Demo Nilgiris location A,11.41,76.69,Tamil Nadu,Nilgiris,2024-02-13,0.0,0.0,0.0,11.5,76.75
DEMO-NLG-001,Demo Nilgiris location A,11.41,76.69,Tamil Nadu,Nilgiris,2024-02-14,0.0,0.0,0.0,11.5,76.75
DEMO-NLG-001,Demo Nilgiris location A,11.41,76.69,Tamil Nadu,Nilgiris,2024-02-15,0.0,0.0,0.0,11.5,76.75
DEMO-NLG-001,Demo Nilgiris location A,11.41,76.69,Tamil Nadu,Nilgiris,2024-02-16,0.0,0.0,0.0,11.5,76.75
DEMO-NLG-001,Demo Nilgiris location A,11.41,76.69,Tamil Nadu,Nilgiris,2024-02-17,0.0,0.0,0.0,11.5,76.75
DEMO-NLG-001,Demo Nilgiris location A,11.41,76.69,Tamil Nadu,Nilgiris,2024-02-18,0.0,0.0,0.0,11.5,76.75
DEMO-NLG-001,Demo Nilgiris location A,11.41,76.69,Tamil Nadu,Nilgiris,2024-02-19,0.0,0.0,0.0,11.5,76.75
DEMO-NLG-001,Demo Nilgiris location A,11.41,76.69,Tamil Nadu,Nilgiris,2024-02-20,0.0,0.0,0.0,11.5,76.75
DEMO-NLG-001,Demo Nilgiris location A,11.41,76.69,Tamil Nadu,Nilgiris,2024-02-21,0.0,0.0,0.0,11.5,76.75
DEMO-NLG-001,Demo Nilgiris location A,11.41,76.69,Tamil Nadu,Nilgiris,2024-02-22,0.0,0.0,0.0,11.5,76.75
DEMO-NLG-001,Demo Nilgiris location A,11.41,76.69,Tamil Nadu,Nilgiris,2024-02-23,0.0,0.0,0.0,11.5,76.75
DEMO-NLG-001,Demo Nilgiris location A,11.41,76.69,Tamil Nadu,Nilgiris,2024-02-24,0.0,0.0,0.0,11.5,76.75
DEMO-NLG-001,Demo Nilgiris location A,11.41,76.69,Tamil Nadu,Nilgiris,2024-02-25,0.0,0.0,0.0,11.5,76.75
DEMO-NLG-001,Demo Nilgiris location A,11.41,76.69,Tamil Nadu,Nilgiris,2024-02-26,0.0,0.0,0.0,11.5,76.75
DEMO-NLG-001,Demo Nilgiris location A,11.41,76.69,Tamil Nadu,Nilgiris,2024-02-27,0.0,0.0,0.0,11.5,76.75
DEMO-NLG-001,Demo Nilgiris location A,11.41,76.69,Tamil Nadu,Nilgiris,2024-02-28,0.0,0.0,0.0,11.5,76.75
DEMO-NLG-001,Demo Nilgiris location A,11.41,76.69,Tamil Nadu,Nilgiris,2024-02-29,0.0,0.0,0.0,11.5,76.75
DEMO-NLG-001,Demo Nilgiris location A,11.41,76.69,Tamil Nadu,Nilgiris,2024-03-01,0.0,0.0,0.0,11.5,76.75
DEMO-NLG-001,Demo Nilgiris location A,11.41,76.69,Tamil Nadu,Nilgiris,2024-03-02,0.0,0.0,0.0,11.5,76.75
DEMO-NLG-001,Demo Nilgiris location A,11.41,76.69,Tamil Nadu,Nilgiris,2024-03-03,0.0,0.0,0.0,11.5,76.75
DEMO-NLG-001,Demo Nilgiris location A,11.41,76.69,Tamil Nadu,Nilgiris,2024-03-04,0.0,0.0,0.0,11.5,76.75
DEMO-NLG-001,Demo Nilgiris location A,11.41,76.69,Tamil Nadu,Nilgiris,2024-03-05,0.0,0.0,0.0,11.5,76.75
DEMO-NLG-001,Demo Nilgiris location A,11.41,76.69,Tamil Nadu,Nilgiris,2024-03-06,0.0,0.0,0.0,11.5,76.75
DEMO-NLG-001,Demo Nilgiris location A,11.41,76.69,Tamil Nadu,Nilgiris,2024-03-07,0.0,0.0,0.0,11.5,76.75
DEMO-NLG-001,Demo Nilgiris location A,11.41,76.69,Tamil Nadu,Nilgiris,2024-03-08,0.0,0.0,0.0,11.5,76.75
DEMO-NLG-001,Demo Nilgiris location A,11.41,76.69,Tamil Nadu,Nilgiris,2024-03-09,0.0,0.0,0.0,11.5,76.75
DEMO-NLG-001,Demo Nilgiris location A,11.41,76.69,Tamil Nadu,Nilgiris,2024-03-10,0.0,0.0,0.0,11.5,76.75
DEMO-NLG-001,Demo Nilgiris location A,11.41,76.69,Tamil Nadu,Nilgiris,2024-03-11,0.0,0.0,0.0,11.5,76.75
DEMO-NLG-001,Demo Nilgiris location A,11.41,76.69,Tamil Nadu,Nilgiris,2024-03-12,0.0,0.0,0.0,11.5,76.75
DEMO-NLG-001,Demo Nilgiris location A,11.41,76.69,Tamil Nadu,Nilgiris,2024-03-13,0.0,0.0,0.0,11.5,76.75
DEMO-NLG-001,Demo Nilgiris location A,11.41,76.69,Tamil Nadu,Nilgiris,2024-03-14,0.0,0.0,0.0,11.5,76.75
DEMO-NLG-001,Demo Nilgiris location A,11.41,76.69,Tamil Nadu,Nilgiris,2024-03-15,0.0,0.0,0.0,11.5,76.75
DEMO-NLG-001,Demo Nilgiris location A,11.41,76.69,Tamil Nadu,Nilgiris,2024-03-16,0.0,0.0,0.0,11.5,76.75
DEMO-NLG-001,Demo Nilgiris location A,11.41,76.69,Tamil Nadu,Nilgiris,2024-03-17,0.0,0.0,0.0,11.5,76.75
DEMO-NLG-001,Demo Nilgiris location A,11.41,76.69,Tamil Nadu,Nilgiris,2024-03-18,0.0,0.0,0.0,11.5,76.75
DEMO-NLG-001,Demo Nilgiris location A,11.41,76.69,Tamil Nadu,Nilgiris,2024-03-19,0.0,0.0,0.0,11.5,76.75
DEMO-NLG-001,Demo Nilgiris location A,11.41,76.69,Tamil Nadu,Nilgiris,2024-03-20,0.0,0.0,0.0,11.5,76.75
DEMO-NLG-001,Demo Nilgiris location A,11.41,76.69,Tamil Nadu,Nilgiris,2024-03-21,0.0,0.0,0.0,11.5,76.75
DEMO-NLG-001,Demo Nilgiris location A,11.41,76.69,Tamil Nadu,Nilgiris,2024-03-22,0.0,0.0,0.0,11.5,76.75
DEMO-NLG-001,Demo Nilgiris location A,11.41,76.69,Tamil Nadu,Nilgiris,2024-03-23,0.3259575068950653,0.3259575068950653,0.3259575068950653,11.5,76.75
DEMO-NLG-001,Demo Nilgiris location A,11.41,76.69,Tamil Nadu,Nilgiris,2024-03-24,0.0,0.3259575068950653,0.3259575068950653,11.5,76.75
DEMO-NLG-001,Demo Nilgiris location A,11.41,76.69,Tamil Nadu,Nilgiris,2024-03-25,0.0,0.3259575068950653,0.3259575068950653,11.5,76.75
DEMO-NLG-001,Demo Nilgiris location A,11.41,76.69,Tamil Nadu,Nilgiris,2024-03-26,0.0,0.0,0.3259575068950653,11.5,76.75
DEMO-NLG-001,Demo Nilgiris location A,11.41,76.69,Tamil Nadu,Nilgiris,2024-03-27,0.0,0.0,0.3259575068950653,11.5,76.75
DEMO-NLG-001,Demo Nilgiris location A,11.41,76.69,Tamil Nadu,Nilgiris,2024-03-28,0.0,0.0,0.3259575068950653,11.5,76.75
DEMO-NLG-001,Demo Nilgiris location A,11.41,76.69,Tamil Nadu,Nilgiris,2024-03-29,0.0,0.0,0.3259575068950653,11.5,76.75
DEMO-NLG-001,Demo Nilgiris location A,11.41,76.69,Tamil Nadu,Nilgiris,2024-03-30,0.0,0.0,0.0,11.5,76.75
DEMO-NLG-001,Demo Nilgiris location A,11.41,76.69,Tamil Nadu,Nilgiris,2024-03-31,0.0,0.0,0.0,11.5,76.75
DEMO-NLG-001,Demo Nilgiris location A,11.41,76.69,Tamil Nadu,Nilgiris,2024-04-01,0.0,0.0,0.0,11.5,76.75
DEMO-NLG-001,Demo Nilgiris location A,11.41,76.69,Tamil Nadu,Nilgiris,2024-04-02,0.0,0.0,0.0,11.5,76.75
DEMO-NLG-001,Demo Nilgiris location A,11.41,76.69,Tamil Nadu,Nilgiris,2024-04-03,0.0,0.0,0.0,11.5,76.75
DEMO-NLG-001,Demo Nilgiris location A,11.41,76.69,Tamil Nadu,Nilgiris,2024-04-04,0.0,0.0,0.0,11.5,76.75
DEMO-NLG-001,Demo Nilgiris location A,11.41,76.69,Tamil Nadu,Nilgiris,2024-04-05,0.0,0.0,0.0,11.5,76.75
DEMO-NLG-001,Demo Nilgiris location A,11.41,76.69,Tamil Nadu,Nilgiris,2024-04-06,0.0,0.0,0.0,11.5,76.75
DEMO-NLG-001,Demo Nilgiris location A,11.41,76.69,Tamil Nadu,Nilgiris,2024-04-07,0.0,0.0,0.0,11.5,76.75
DEMO-NLG-001,Demo Nilgiris location A,11.41,76.69,Tamil Nadu,Nilgiris,2024-04-08,0.0,0.0,0.0,11.5,76.75
DEMO-NLG-001,Demo Nilgiris location A,11.41,76.69,Tamil Nadu,Nilgiris,2024-04-09,0.0,0.0,0.0,11.5,76.75
DEMO-NLG-001,Demo Nilgiris location A,11.41,76.69,Tamil Nadu,Nilgiris,2024-04-10,0.0,0.0,0.0,11.5,76.75
DEMO-NLG-001,Demo Nilgiris location A,11.41,76.69,Tamil Nadu,Nilgiris,2024-04-11,0.0,0.0,0.0,11.5,76.75
DEMO-NLG-001,Demo Nilgiris location A,11.41,76.69,Tamil Nadu,Nilgiris,2024-04-12,13.7274751663208,13.7274751663208,13.7274751663208,11.5,76.75
DEMO-NLG-001,Demo Nilgiris location A,11.41,76.69,Tamil Nadu,Nilgiris,2024-04-13,5.897041320800781,19.624516487121582,19.624516487121582,11.5,76.75
DEMO-NLG-001,Demo Nilgiris location A,11.41,76.69,Tamil Nadu,Nilgiris,2024-04-14,1.2279956340789795,20.85251212120056,20.85251212120056,11.5,76.75
DEMO-NLG-001,Demo Nilgiris location A,11.41,76.69,Tamil Nadu,Nilgiris,2024-04-15,0.0,7.125036954879761,20.85251212120056,11.5,76.75
DEMO-NLG-001,Demo Nilgiris location A,11.41,76.69,Tamil Nadu,Nilgiris,2024-04-16,0.0,1.2279956340789795,20.85251212120056,11.5,76.75
DEMO-NLG-001,Demo Nilgiris location A,11.41,76.69,Tamil Nadu,Nilgiris,2024-04-17,0.0,0.0,20.85251212120056,11.5,76.75
DEMO-NLG-001,Demo Nilgiris location A,11.41,76.69,Tamil Nadu,Nilgiris,2024-04-18,0.0,0.0,20.85251212120056,11.5,76.75
DEMO-NLG-001,Demo Nilgiris location A,11.41,76.69,Tamil Nadu,Nilgiris,2024-04-19,0.0,0.0,7.125036954879761,11.5,76.75
DEMO-NLG-001,Demo Nilgiris location A,11.41,76.69,Tamil Nadu,Nilgiris,2024-04-20,0.0,0.0,1.2279956340789795,11.5,76.75
DEMO-NLG-001,Demo Nilgiris location A,11.41,76.69,Tamil Nadu,Nilgiris,2024-04-21,0.0,0.0,0.0,11.5,76.75
DEMO-NLG-001,Demo Nilgiris location A,11.41,76.69,Tamil Nadu,Nilgiris,2024-04-22,0.0,0.0,0.0,11.5,76.75
DEMO-NLG-001,Demo Nilgiris location A,11.41,76.69,Tamil Nadu,Nilgiris,2024-04-23,0.0,0.0,0.0,11.5,76.75
DEMO-NLG-001,Demo Nilgiris location A,11.41,76.69,Tamil Nadu,Nilgiris,2024-04-24,0.0,0.0,0.0,11.5,76.75
DEMO-NLG-001,Demo Nilgiris location A,11.41,76.69,Tamil Nadu,Nilgiris,2024-04-25,0.0,0.0,0.0,11.5,76.75
DEMO-NLG-001,Demo Nilgiris location A,11.41,76.69,Tamil Nadu,Nilgiris,2024-04-26,0.0,0.0,0.0,11.5,76.75
DEMO-NLG-001,Demo Nilgiris location A,11.41,76.69,Tamil Nadu,Nilgiris,2024-04-27,0.0,0.0,0.0,11.5,76.75
DEMO-NLG-001,Demo Nilgiris location A,11.41,76.69,Tamil Nadu,Nilgiris,2024-04-28,0.0,0.0,0.0,11.5,76.75
DEMO-NLG-001,Demo Nilgiris location A,11.41,76.69,Tamil Nadu,Nilgiris,2024-04-29,0.0,0.0,0.0,11.5,76.75
DEMO-NLG-001,Demo Nilgiris location A,11.41,76.69,Tamil Nadu,Nilgiris,2024-04-30,0.0,0.0,0.0,11.5,76.75
DEMO-NLG-001,Demo Nilgiris location A,11.41,76.69,Tamil Nadu,Nilgiris,2024-05-01,0.0,0.0,0.0,11.5,76.75
DEMO-NLG-001,Demo Nilgiris location A,11.41,76.69,Tamil Nadu,Nilgiris,2024-05-02,0.0,0.0,0.0,11.5,76.75
DEMO-NLG-001,Demo Nilgiris location A,11.41,76.69,Tamil Nadu,Nilgiris,2024-05-03,4.7101545333862305,4.7101545333862305,4.7101545333862305,11.5,76.75
DEMO-NLG-001,Demo Nilgiris location A,11.41,76.69,Tamil Nadu,Nilgiris,2024-05-04,16.821979522705078,21.53213405609131,21.53213405609131,11.5,76.75
DEMO-NLG-001,Demo Nilgiris location A,11.41,76.69,Tamil Nadu,Nilgiris,2024-05-05,4.2243547439575195,25.756488800048828,25.756488800048828,11.5,76.75
DEMO-NLG-001,Demo Nilgiris location A,11.41,76.69,Tamil Nadu,Nilgiris,2024-05-06,0.0,21.046334266662598,25.756488800048828,11.5,76.75
DEMO-NLG-001,Demo Nilgiris location A,11.41,76.69,Tamil Nadu,Nilgiris,2024-05-07,5.6970319747924805,9.92138671875,31.45352077484131,11.5,76.75
DEMO-NLG-001,Demo Nilgiris location A,11.41,76.69,Tamil Nadu,Nilgiris,2024-05-08,0.0,5.6970319747924805,31.45352077484131,11.5,76.75
DEMO-NLG-001,Demo Nilgiris location A,11.41,76.69,Tamil Nadu,Nilgiris,2024-05-09,23.521541595458984,29.218573570251465,54.97506237030029,11.5,76.75
DEMO-NLG-001,Demo Nilgiris location A,11.41,76.69,Tamil Nadu,Nilgiris,2024-05-10,11.498138427734375,35.01968002319336,61.76304626464844,11.5,76.75
DEMO-NLG-001,Demo Nilgiris location A,11.41,76.69,Tamil Nadu,Nilgiris,2024-05-11,3.6397361755371094,38.65941619873047,48.58080291748047,11.5,76.75
DEMO-NLG-001,Demo Nilgiris location A,11.41,76.69,Tamil Nadu,Nilgiris,2024-05-12,0.14486825466156006,15.282742857933044,44.50131642818451,11.5,76.75
DEMO-NLG-001,Demo Nilgiris location A,11.41,76.69,Tamil Nadu,Nilgiris,2024-05-13,12.756638526916504,16.541242957115173,57.25795495510101,11.5,76.75
DEMO-NLG-001,Demo Nilgiris location A,11.41,76.69,Tamil Nadu,Nilgiris,2024-05-14,19.725290298461914,32.62679708003998,71.28621327877045,11.5,76.75
DEMO-NLG-001,Demo Nilgiris location A,11.41,76.69,Tamil Nadu,Nilgiris,2024-05-15,0.40242230892181396,32.88435113430023,71.68863558769226,11.5,76.75
DEMO-NLG-001,Demo Nilgiris location A,11.41,76.69,Tamil Nadu,Nilgiris,2024-05-16,21.153968811035156,41.281681418418884,69.32106280326843,11.5,76.75
DEMO-NLG-001,Demo Nilgiris location A,11.41,76.69,Tamil Nadu,Nilgiris,2024-05-17,8.543680191040039,30.10007131099701,66.3666045665741,11.5,76.75
DEMO-NLG-001,Demo Nilgiris location A,11.41,76.69,Tamil Nadu,Nilgiris,2024-05-18,32.17637634277344,61.87402534484863,94.90324473381042,11.5,76.75
DEMO-NLG-001,Demo Nilgiris location A,11.41,76.69,Tamil Nadu,Nilgiris,2024-05-19,24.89584732055664,65.61590385437012,119.6542237997055,11.5,76.75
DEMO-NLG-001,Demo Nilgiris location A,11.41,76.69,Tamil Nadu,Nilgiris,2024-05-20,31.29872703552246,88.37095069885254,138.19631230831146,11.5,76.75
DEMO-NLG-001,Demo Nilgiris location A,11.41,76.69,Tamil Nadu,Nilgiris,2024-05-21,31.169967651367188,87.36454200744629,149.64098966121674,11.5,76.75
DEMO-NLG-001,Demo Nilgiris location A,11.41,76.69,Tamil Nadu,Nilgiris,2024-05-22,21.8961181640625,84.36481285095215,171.13468551635742,11.5,76.75
DEMO-NLG-001,Demo Nilgiris location A,11.41,76.69,Tamil Nadu,Nilgiris,2024-05-23,50.46644592285156,103.53253173828125,200.44716262817383,11.5,76.75
DEMO-NLG-001,Demo Nilgiris location A,11.41,76.69,Tamil Nadu,Nilgiris,2024-05-24,36.63263702392578,108.99520111083984,228.53611946105957,11.5,76.75
DEMO-NLG-001,Demo Nilgiris location A,11.41,76.69,Tamil Nadu,Nilgiris,2024-05-25,1.2385876178741455,88.33767056465149,197.59833073616028,11.5,76.75
DEMO-NLG-001,Demo Nilgiris location A,11.41,76.69,Tamil Nadu,Nilgiris,2024-05-26,0.0,37.87122464179993,172.70248341560364,11.5,76.75
DEMO-NLG-001,Demo Nilgiris location A,11.41,76.69,Tamil Nadu,Nilgiris,2024-05-27,0.0,1.2385876178741455,141.40375638008118,11.5,76.75
DEMO-NLG-001,Demo Nilgiris location A,11.41,76.69,Tamil Nadu,Nilgiris,2024-05-28,0.0,0.0,110.23378872871399,11.5,76.75
DEMO-NLG-001,Demo Nilgiris location A,11.41,76.69,Tamil Nadu,Nilgiris,2024-05-29,0.0,0.0,88.33767056465149,11.5,76.75
DEMO-NLG-001,Demo Nilgiris location A,11.41,76.69,Tamil Nadu,Nilgiris,2024-05-30,0.0,0.0,37.87122464179993,11.5,76.75
DEMO-NLG-001,Demo Nilgiris location A,11.41,76.69,Tamil Nadu,Nilgiris,2024-05-31,0.0,0.0,1.2385876178741455,11.5,76.75
DEMO-NLG-001,Demo Nilgiris location A,11.41,76.69,Tamil Nadu,Nilgiris,2024-06-01,0.23456479609012604,0.23456479609012604,0.23456479609012604,11.5,76.75
DEMO-NLG-001,Demo Nilgiris location A,11.41,76.69,Tamil Nadu,Nilgiris,2024-06-02,2.421388864517212,2.655953660607338,2.655953660607338,11.5,76.75
DEMO-NLG-001,Demo Nilgiris location A,11.41,76.69,Tamil Nadu,Nilgiris,2024-06-03,6.850889205932617,9.506842866539955,9.506842866539955,11.5,76.75
DEMO-NLG-001,Demo Nilgiris location A,11.41,76.69,Tamil Nadu,Nilgiris,2024-06-04,0.8445397615432739,10.116817831993103,10.351382628083229,11.5,76.75
DEMO-NLG-001,Demo Nilgiris location A,11.41,76.69,Tamil Nadu,Nilgiris,2024-06-05,1.3457584381103516,9.041187405586243,11.69714106619358,11.5,76.75
DEMO-NLG-001,Demo Nilgiris location A,11.41,76.69,Tamil Nadu,Nilgiris,2024-06-06,3.2010927200317383,5.391390919685364,14.898233786225319,11.5,76.75
DEMO-NLG-001,Demo Nilgiris location A,11.41,76.69,Tamil Nadu,Nilgiris,2024-06-07,11.384316444396973,15.931167602539062,26.28255023062229,11.5,76.75
DEMO-NLG-001,Demo Nilgiris location A,11.41,76.69,Tamil Nadu,Nilgiris,2024-06-08,2.691516876220703,17.276926040649414,28.73950231075287,11.5,76.75
DEMO-NLG-001,Demo Nilgiris location A,11.41,76.69,Tamil Nadu,Nilgiris,2024-06-09,9.099016189575195,23.17484951019287,35.41712963581085,11.5,76.75
DEMO-NLG-001,Demo Nilgiris location A,11.41,76.69,Tamil Nadu,Nilgiris,2024-06-10,9.420309066772461,21.21084213256836,37.986549496650696,11.5,76.75
DEMO-NLG-001,Demo Nilgiris location A,11.41,76.69,Tamil Nadu,Nilgiris,2024-06-11,14.851632118225098,33.370957374572754,51.99364185333252,11.5,76.75
DEMO-NLG-001,Demo Nilgiris location A,11.41,76.69,Tamil Nadu,Nilgiris,2024-06-12,0.0,24.27194118499756,50.64788341522217,11.5,76.75
DEMO-NLG-001,Demo Nilgiris location A,11.41,76.69,Tamil Nadu,Nilgiris,2024-06-13,1.3457584381103516,16.19739055633545,48.79254913330078,11.5,76.75
DEMO-NLG-001,Demo Nilgiris location A,11.41,76.69,Tamil Nadu,Nilgiris,2024-06-14,0.0,1.3457584381103516,37.40823268890381,11.5,76.75
DEMO-NLG-001,Demo Nilgiris location A,11.41,76.69,Tamil Nadu,Nilgiris,2024-06-15,0.0,1.3457584381103516,34.716715812683105,11.5,76.75
DEMO-NLG-001,Demo Nilgiris location A,11.41,76.69,Tamil Nadu,Nilgiris,2024-06-16,0.0,0.0,25.61769962310791,11.5,76.75
DEMO-NLG-001,Demo Nilgiris location A,11.41,76.69,Tamil Nadu,Nilgiris,2024-06-17,1.48320734500885,1.48320734500885,17.6805979013443,11.5,76.75
DEMO-NLG-001,Demo Nilgiris location A,11.41,76.69,Tamil Nadu,Nilgiris,2024-06-18,3.3593151569366455,4.842522501945496,6.188280940055847,11.5,76.75
DEMO-NLG-001,Demo Nilgiris location A,11.41,76.69,Tamil Nadu,Nilgiris,2024-06-19,5.210099220275879,10.052621722221375,11.398380160331726,11.5,76.75
DEMO-NLG-001,Demo Nilgiris location A,11.41,76.69,Tamil Nadu,Nilgiris,2024-06-20,3.3188555240631104,11.888269901275635,13.371477246284485,11.5,76.75
DEMO-NLG-001,Demo Nilgiris location A,11.41,76.69,Tamil Nadu,Nilgiris,2024-06-21,0.23456479609012604,8.763519540429115,13.606042042374611,11.5,76.75
DEMO-NLG-001,Demo Nilgiris location A,11.41,76.69,Tamil Nadu,Nilgiris,2024-06-22,0.0,3.5534203201532364,13.606042042374611,11.5,76.75
DEMO-NLG-001,Demo Nilgiris location A,11.41,76.69,Tamil Nadu,Nilgiris,2024-06-23,1.6643280982971191,1.8988928943872452,15.27037014067173,11.5,76.75
DEMO-NLG-001,Demo Nilgiris location A,11.41,76.69,Tamil Nadu,Nilgiris,2024-06-24,4.434181213378906,6.098509311676025,18.221344009041786,11.5,76.75
DEMO-NLG-001,Demo Nilgiris location A,11.41,76.69,Tamil Nadu,Nilgiris,2024-06-25,2.8243165016174316,8.922825813293457,17.686345353722572,11.5,76.75
DEMO-NLG-001,Demo Nilgiris location A,11.41,76.69,Tamil Nadu,Nilgiris,2024-06-26,29.95699691772461,37.21549463272095,42.4332430511713,11.5,76.75
DEMO-NLG-001,Demo Nilgiris location A,11.41,76.69,Tamil Nadu,Nilgiris,2024-06-27,10.040244102478027,42.82155752182007,49.15463162958622,11.5,76.75
DEMO-NLG-001,Demo Nilgiris location A,11.41,76.69,Tamil Nadu,Nilgiris,2024-06-28,2.780050039291382,42.77729105949402,51.700116872787476,11.5,76.75
DEMO-NLG-001,Demo Nilgiris location A,11.41,76.69,Tamil Nadu,Nilgiris,2024-06-29,2.691516876220703,15.511811017990112,54.39163374900818,11.5,76.75
DEMO-NLG-001,Demo Nilgiris location A,11.41,76.69,Tamil Nadu,Nilgiris,2024-06-30,5.062001705169678,10.533568620681763,57.78930735588074,11.5,76.75
DEMO-NLG-001,Demo Nilgiris location A,11.41,76.69,Tamil Nadu,Nilgiris,2024-07-01,7.746156215667725,15.499674797058105,61.101282358169556,11.5,76.75
DEMO-NLG-001,Demo Nilgiris location A,11.41,76.69,Tamil Nadu,Nilgiris,2024-07-02,5.9406962394714355,18.748854160308838,64.21766209602356,11.5,76.75
DEMO-NLG-001,Demo Nilgiris location A,11.41,76.69,Tamil Nadu,Nilgiris,2024-07-03,2.691516876220703,16.378369331359863,36.95218205451965,11.5,76.75
DEMO-NLG-001,Demo Nilgiris location A,11.41,76.69,Tamil Nadu,Nilgiris,2024-07-04,9.489983558654785,18.122196674346924,36.40192151069641,11.5,76.75
DEMO-NLG-001,Demo Nilgiris location A,11.41,76.69,Tamil Nadu,Nilgiris,2024-07-05,0.6728792190551758,12.854379653930664,34.294750690460205,11.5,76.75
DEMO-NLG-001,Demo Nilgiris location A,11.41,76.69,Tamil Nadu,Nilgiris,2024-07-06,4.222166538238525,14.385029315948486,35.82540035247803,11.5,76.75
DEMO-NLG-001,Demo Nilgiris location A,11.41,76.69,Tamil Nadu,Nilgiris,2024-07-07,0.0,4.895045757293701,30.76339864730835,11.5,76.75
DEMO-NLG-001,Demo Nilgiris location A,11.41,76.69,Tamil Nadu,Nilgiris,2024-07-08,2.7398061752319336,6.961972713470459,25.75704860687256,11.5,76.75
DEMO-NLG-001,Demo Nilgiris location A,11.41,76.69,Tamil Nadu,Nilgiris,2024-07-09,10.181721687316895,12.921527862548828,29.998074054718018,11.5,76.75
DEMO-NLG-001,Demo Nilgiris location A,11.41,76.69,Tamil Nadu,Nilgiris,2024-07-10,7.490204811096191,20.41173267364502,34.796761989593506,11.5,76.75
DEMO-NLG-001,Demo Nilgiris location A,11.41,76.69,Tamil Nadu,Nilgiris,2024-07-11,1.407388687133789,19.079315185546875,26.71416711807251,11.5,76.75
DEMO-NLG-001,Demo Nilgiris location A,11.41,76.69,Tamil Nadu,Nilgiris,2024-07-12,2.0186376571655273,10.916231155395508,28.05992555618286,11.5,76.75
DEMO-NLG-001,Demo Nilgiris location A,11.41,76.69,Tamil Nadu,Nilgiris,2024-07-13,21.4522705078125,24.878296852111816,45.290029525756836,11.5,76.75
DEMO-NLG-001,Demo Nilgiris location A,11.41,76.69,Tamil Nadu,Nilgiris,2024-07-14,7.635072708129883,31.10598087310791,52.92510223388672,11.5,76.75
DEMO-NLG-001,Demo Nilgiris location A,11.41,76.69,Tamil Nadu,Nilgiris,2024-07-15,39.24187088012695,68.32921409606934,89.42716693878174,11.5,76.75
DEMO-NLG-001,Demo Nilgiris location A,11.41,76.69,Tamil Nadu,Nilgiris,2024-07-16,43.27978515625,90.15672874450684,122.52523040771484,11.5,76.75
DEMO-NLG-001,Demo Nilgiris location A,11.41,76.69,Tamil Nadu,Nilgiris,2024-07-17,29.754013061523438,112.27566909790039,144.7890386581421,11.5,76.75
DEMO-NLG-001,Demo Nilgiris location A,11.41,76.69,Tamil Nadu,Nilgiris,2024-07-18,27.200992584228516,100.23479080200195,170.58264255523682,11.5,76.75
DEMO-NLG-001,Demo Nilgiris location A,11.41,76.69,Tamil Nadu,Nilgiris,2024-07-19,12.411209106445312,69.36621475219727,180.9752140045166,11.5,76.75
DEMO-NLG-001,Demo Nilgiris location A,11.41,76.69,Tamil Nadu,Nilgiris,2024-07-20,26.516263961791992,66.12846565246582,186.0392074584961,11.5,76.75
DEMO-NLG-001,Demo Nilgiris location A,11.41,76.69,Tamil Nadu,Nilgiris,2024-07-21,6.237002372741699,45.164475440979004,184.6411371231079,11.5,76.75
DEMO-NLG-001,Demo Nilgiris location A,11.41,76.69,Tamil Nadu,Nilgiris,2024-07-22,2.0186376571655273,34.77190399169922,147.41790390014648,11.5,76.75
DEMO-NLG-001,Demo Nilgiris location A,11.41,76.69,Tamil Nadu,Nilgiris,2024-07-23,8.348196029663086,16.603836059570312,112.48631477355957,11.5,76.75
DEMO-NLG-001,Demo Nilgiris location A,11.41,76.69,Tamil Nadu,Nilgiris,2024-07-24,38.366512298583984,48.7333459854126,121.09881401062012,11.5,76.75
DEMO-NLG-001,Demo Nilgiris location A,11.41,76.69,Tamil Nadu,Nilgiris,2024-07-25,39.08249282836914,85.79720115661621,132.98031425476074,11.5,76.75
DEMO-NLG-001,Demo Nilgiris location A,11.41,76.69,Tamil Nadu,Nilgiris,2024-07-26,30.623106002807617,108.07211112976074,151.19221115112305,11.5,76.75
DEMO-NLG-001,Demo Nilgiris location A,11.41,76.69,Tamil Nadu,Nilgiris,2024-07-27,25.277990341186523,94.98358917236328,149.95393753051758,11.5,76.75
DEMO-NLG-001,Demo Nilgiris location A,11.41,76.69,Tamil Nadu,Nilgiris,2024-07-28,6.838931560516357,62.7400279045105,150.55586671829224,11.5,76.75
DEMO-NLG-001,Demo Nilgiris location A,11.41,76.69,Tamil Nadu,Nilgiris,2024-07-29,2.691516876220703,34.808438777923584,151.2287459373474,11.5,76.75
DEMO-NLG-001,Demo Nilgiris location A,11.41,76.69,Tamil Nadu,Nilgiris,2024-07-30,42.29343795776367,51.82388639450073,185.173987865448,11.5,76.75
DEMO-NLG-001,Demo Nilgiris location A,11.41,76.69,Tamil Nadu,Nilgiris,2024-07-31,7.197921276092529,52.182876110076904,154.00539684295654,11.5,76.75
DEMO-NLG-001,Demo Nilgiris location A,11.41,76.69,Tamil Nadu,Nilgiris,2024-08-01,22.57405662536621,72.06541585922241,137.4969606399536,11.5,76.75
DEMO-NLG-001,Demo Nilgiris location A,11.41,76.69,Tamil Nadu,Nilgiris,2024-08-02,14.16943359375,43.94141149520874,121.043288230896,11.5,76.75
DEMO-NLG-001,Demo Nilgiris location A,11.41,76.69,Tamil Nadu,Nilgiris,2024-08-03,2.0186376571655273,38.76212787628174,97.783935546875,11.5,76.75
DEMO-NLG-001,Demo Nilgiris location A,11.41,76.69,Tamil Nadu,Nilgiris,2024-08-04,9.037166595458984,25.22523784637451,99.98217058181763,11.5,76.75
DEMO-NLG-001,Demo Nilgiris location A,11.41,76.69,Tamil Nadu,Nilgiris,2024-08-05,11.487236022949219,22.54304027557373,108.77788972854614,11.5,76.75
DEMO-NLG-001,Demo Nilgiris location A,11.41,76.69,Tamil Nadu,Nilgiris,2024-08-06,4.131240367889404,24.655642986297607,70.61569213867188,11.5,76.75
DEMO-NLG-001,Demo Nilgiris location A,11.41,76.69,Tamil Nadu,Nilgiris,2024-08-07,3.1673521995544434,18.785828590393066,66.58512306213379,11.5,76.75
DEMO-NLG-001,Demo Nilgiris location A,11.41,76.69,Tamil Nadu,Nilgiris,2024-08-08,3.0629043579101562,10.361496925354004,47.073970794677734,11.5,76.75
DEMO-NLG-001,Demo Nilgiris location A,11.41,76.69,Tamil Nadu,Nilgiris,2024-08-09,4.037275314331055,10.267531871795654,36.94181251525879,11.5,76.75
DEMO-NLG-001,Demo Nilgiris location A,11.41,76.69,Tamil Nadu,Nilgiris,2024-08-10,2.0186376571655273,9.118817329406738,36.94181251525879,11.5,76.75
DEMO-NLG-001,Demo Nilgiris location A,11.41,76.69,Tamil Nadu,Nilgiris,2024-08-11,7.082924842834473,13.138837814331055,34.98757076263428,11.5,76.75
DEMO-NLG-001,Demo Nilgiris location A,11.41,76.69,Tamil Nadu,Nilgiris,2024-08-12,8.911358833312988,18.01292133331299,32.41169357299805,11.5,76.75
DEMO-NLG-001,Demo Nilgiris location A,11.41,76.69,Tamil Nadu,Nilgiris,2024-08-13,0.4691295921802521,16.463413268327713,28.749582797288895,11.5,76.75
DEMO-NLG-001,Demo Nilgiris location A,11.41,76.69,Tamil Nadu,Nilgiris,2024-08-14,13.559673309326172,22.940161734819412,39.14190390706062,11.5,76.75
DEMO-NLG-001,Demo Nilgiris location A,11.41,76.69,Tamil Nadu,Nilgiris,2024-08-15,24.307323455810547,38.33612635731697,60.386323004961014,11.5,76.75
DEMO-NLG-001,Demo Nilgiris location A,11.41,76.69,Tamil Nadu,Nilgiris,2024-08-16,6.204802513122559,44.07179927825928,62.55385020375252,11.5,76.75
DEMO-NLG-001,Demo Nilgiris location A,11.41,76.69,Tamil Nadu,Nilgiris,2024-08-17,4.553530693054199,35.065656661987305,65.08874323964119,11.5,76.75
DEMO-NLG-001,Demo Nilgiris location A,11.41,76.69,Tamil Nadu,Nilgiris,2024-08-18,0.0,10.758333206176758,58.00581839680672,11.5,76.75
DEMO-NLG-001,Demo Nilgiris location A,11.41,76.69,Tamil Nadu,Nilgiris,2024-08-19,9.900452613830566,14.453983306884766,58.994912177324295,11.5,76.75
DEMO-NLG-001,Demo Nilgiris location A,11.41,76.69,Tamil Nadu,Nilgiris,2024-08-20,9.726573944091797,19.627026557922363,68.25235652923584,11.5,76.75
DEMO-NLG-001,Demo Nilgiris location A,11.41,76.69,Tamil Nadu,Nilgiris,2024-08-21,11.487236022949219,31.114262580871582,66.17991924285889,11.5,76.75
DEMO-NLG-001,Demo Nilgiris location A,11.41,76.69,Tamil Nadu,Nilgiris,2024-08-22,0.8177474737167358,22.03155744075775,42.690343260765076,11.5,76.75
DEMO-NLG-001,Demo Nilgiris location A,11.41,76.69,Tamil Nadu,Nilgiris,2024-08-23,0.0,12.304983496665955,36.48554074764252,11.5,76.75
DEMO-NLG-001,Demo Nilgiris location A,11.41,76.69,Tamil Nadu,Nilgiris,2024-08-24,0.0,0.8177474737167358,31.932010054588318,11.5,76.75
DEMO-NLG-001,Demo Nilgiris location A,11.41,76.69,Tamil Nadu,Nilgiris,2024-08-25,1.3457584381103516,1.3457584381103516,33.27776849269867,11.5,76.75
DEMO-NLG-001,Demo Nilgiris location A,11.41,76.69,Tamil Nadu,Nilgiris,2024-08-26,0.0,1.3457584381103516,23.377315878868103,11.5,76.75
DEMO-NLG-001,Demo Nilgiris location A,11.41,76.69,Tamil Nadu,Nilgiris,2024-08-27,0.0,1.3457584381103516,13.650741934776306,11.5,76.75
DEMO-NLG-001,Demo Nilgiris location A,11.41,76.69,Tamil Nadu,Nilgiris,2024-08-28,0.0,0.0,2.1635059118270874,11.5,76.75
DEMO-NLG-001,Demo Nilgiris location A,11.41,76.69,Tamil Nadu,Nilgiris,2024-08-29,3.3643958568573,3.3643958568573,4.710154294967651,11.5,76.75
DEMO-NLG-001,Demo Nilgiris location A,11.41,76.69,Tamil Nadu,Nilgiris,2024-08-30,11.4832124710083,14.8476083278656,16.193366765975952,11.5,76.75
DEMO-NLG-001,Demo Nilgiris location A,11.41,76.69,Tamil Nadu,Nilgiris,2024-08-31,0.6728792190551758,15.520487546920776,16.866245985031128,11.5,76.75
DEMO-NLG-001,Demo Nilgiris location A,11.41,76.69,Tamil Nadu,Nilgiris,2024-09-01,4.085564613342285,16.24165630340576,19.60605216026306,11.5,76.75
DEMO-NLG-001,Demo Nilgiris location A,11.41,76.69,Tamil Nadu,Nilgiris,2024-09-02,1.3457584381103516,6.1042022705078125,20.951810598373413,11.5,76.75
DEMO-NLG-001,Demo Nilgiris location A,11.41,76.69,Tamil Nadu,Nilgiris,2024-09-03,2.928941011428833,8.36026406288147,23.880751609802246,11.5,76.75
DEMO-NLG-001,Demo Nilgiris location A,11.41,76.69,Tamil Nadu,Nilgiris,2024-09-04,0.9143262505531311,5.189025700092316,24.795077860355377,11.5,76.75
DEMO-NLG-001,Demo Nilgiris location A,11.41,76.69,Tamil Nadu,Nilgiris,2024-09-05,0.0,3.843267261981964,21.430682003498077,11.5,76.75
DEMO-NLG-001,Demo Nilgiris location A,11.41,76.69,Tamil Nadu,Nilgiris,2024-09-06,1.3457584381103516,2.2600846886634827,11.293227970600128,11.5,76.75
DEMO-NLG-001,Demo Nilgiris location A,11.41,76.69,Tamil Nadu,Nilgiris,2024-09-07,4.754421234130859,6.100179672241211,15.374769985675812,11.5,76.75
DEMO-NLG-001,Demo Nilgiris location A,11.41,76.69,Tamil Nadu,Nilgiris,2024-09-08,0.0,6.100179672241211,11.289205372333527,11.5,76.75
DEMO-NLG-001,Demo Nilgiris location A,11.41,76.69,Tamil Nadu,Nilgiris,2024-09-09,0.0,4.754421234130859,9.943446934223175,11.5,76.75
DEMO-NLG-001,Demo Nilgiris location A,11.41,76.69,Tamil Nadu,Nilgiris,2024-09-10,0.6728792190551758,0.6728792190551758,7.687385141849518,11.5,76.75
DEMO-NLG-001,Demo Nilgiris location A,11.41,76.69,Tamil Nadu,Nilgiris,2024-09-11,0.0,0.6728792190551758,6.773058891296387,11.5,76.75
DEMO-NLG-001,Demo Nilgiris location A,11.41,76.69,Tamil Nadu,Nilgiris,2024-09-12,2.0186376571655273,2.691516876220703,8.791696548461914,11.5,76.75
DEMO-NLG-001,Demo Nilgiris location A,11.41,76.69,Tamil Nadu,Nilgiris,2024-09-13,0.0,2.0186376571655273,7.4459381103515625,11.5,76.75
DEMO-NLG-001,Demo Nilgiris location A,11.41,76.69,Tamil Nadu,Nilgiris,2024-09-14,0.6728792190551758,2.691516876220703,3.364396095275879,11.5,76.75
DEMO-NLG-001,Demo Nilgiris location A,11.41,76.69,Tamil Nadu,Nilgiris,2024-09-15,2.0186376571655273,2.691516876220703,5.383033752441406,11.5,76.75
DEMO-NLG-001,Demo Nilgiris location A,11.41,76.69,Tamil Nadu,Nilgiris,2024-09-16,2.0186376571655273,4.7101545333862305,7.401671409606934,11.5,76.75
DEMO-NLG-001,Demo Nilgiris location A,11.41,76.69,Tamil Nadu,Nilgiris,2024-09-17,5.383033752441406,9.420309066772461,12.111825942993164,11.5,76.75
DEMO-NLG-001,Demo Nilgiris location A,11.41,76.69,Tamil Nadu,Nilgiris,2024-09-18,0.0,7.401671409606934,12.111825942993164,11.5,76.75
DEMO-NLG-001,Demo Nilgiris location A,11.41,76.69,Tamil Nadu,Nilgiris,2024-09-19,0.0,5.383033752441406,10.093188285827637,11.5,76.75
DEMO-NLG-001,Demo Nilgiris location A,11.41,76.69,Tamil Nadu,Nilgiris,2024-09-20,0.0,0.0,10.093188285827637,11.5,76.75
DEMO-NLG-001,Demo Nilgiris location A,11.41,76.69,Tamil Nadu,Nilgiris,2024-09-21,0.0,0.0,9.420309066772461,11.5,76.75
DEMO-NLG-001,Demo Nilgiris location A,11.41,76.69,Tamil Nadu,Nilgiris,2024-09-22,0.0,0.0,7.401671409606934,11.5,76.75
DEMO-NLG-001,Demo Nilgiris location A,11.41,76.69,Tamil Nadu,Nilgiris,2024-09-23,0.0,0.0,5.383033752441406,11.5,76.75
DEMO-NLG-001,Demo Nilgiris location A,11.41,76.69,Tamil Nadu,Nilgiris,2024-09-24,0.4828942120075226,0.4828942120075226,0.4828942120075226,11.5,76.75
DEMO-NLG-001,Demo Nilgiris location A,11.41,76.69,Tamil Nadu,Nilgiris,2024-09-25,0.28285422921180725,0.7657484412193298,0.7657484412193298,11.5,76.75
DEMO-NLG-001,Demo Nilgiris location A,11.41,76.69,Tamil Nadu,Nilgiris,2024-09-26,0.0,0.7657484412193298,0.7657484412193298,11.5,76.75
DEMO-NLG-001,Demo Nilgiris location A,11.41,76.69,Tamil Nadu,Nilgiris,2024-09-27,0.33400312066078186,0.6168573498725891,1.0997515618801117,11.5,76.75
DEMO-NLG-001,Demo Nilgiris location A,11.41,76.69,Tamil Nadu,Nilgiris,2024-09-28,0.17706644535064697,0.5110695660114288,1.2768180072307587,11.5,76.75
DEMO-NLG-001,Demo Nilgiris location A,11.41,76.69,Tamil Nadu,Nilgiris,2024-09-29,15.362366676330566,15.873436242341995,16.639184683561325,11.5,76.75
DEMO-NLG-001,Demo Nilgiris location A,11.41,76.69,Tamil Nadu,Nilgiris,2024-09-30,23.57449722290039,39.113930344581604,40.213681906461716,11.5,76.75
DEMO-NLG-001,Demo Nilgiris location A,11.41,76.69,Tamil Nadu,Nilgiris,2024-10-01,0.38631534576416016,39.32317924499512,40.11710304021835,11.5,76.75
DEMO-NLG-001,Demo Nilgiris location A,11.41,76.69,Tamil Nadu,Nilgiris,2024-10-02,0.28285422921180725,24.243666797876358,40.11710304021835,11.5,76.75
DEMO-NLG-001,Demo Nilgiris location A,11.41,76.69,Tamil Nadu,Nilgiris,2024-10-03,0.19315767288208008,0.8623272478580475,40.31026071310043,11.5,76.75
DEMO-NLG-001,Demo Nilgiris location A,11.41,76.69,Tamil Nadu,Nilgiris,2024-10-04,0.2897365093231201,0.7657484114170074,40.26599410176277,11.5,76.75
DEMO-NLG-001,Demo Nilgiris location A,11.41,76.69,Tamil Nadu,Nilgiris,2024-10-05,1.9919817447662354,2.4748759269714355,42.08090940117836,11.5,76.75
DEMO-NLG-001,Demo Nilgiris location A,11.41,76.69,Tamil Nadu,Nilgiris,2024-10-06,26.701248168945312,28.982966423034668,53.419790893793106,11.5,76.75
DEMO-NLG-001,Demo Nilgiris location A,11.41,76.69,Tamil Nadu,Nilgiris,2024-10-07,7.014557838439941,35.70778775215149,36.85985150933266,11.5,76.75
DEMO-NLG-001,Demo Nilgiris location A,11.41,76.69,Tamil Nadu,Nilgiris,2024-10-08,4.2116851806640625,37.927491188049316,40.68522134423256,11.5,76.75
DEMO-NLG-001,Demo Nilgiris location A,11.41,76.69,Tamil Nadu,Nilgiris,2024-10-09,6.726668357849121,17.952911376953125,47.12903547286987,11.5,76.75
DEMO-NLG-001,Demo Nilgiris location A,11.41,76.69,Tamil Nadu,Nilgiris,2024-10-10,4.85502290725708,15.793376445770264,51.79090070724487,11.5,76.75
DEMO-NLG-001,Demo Nilgiris location A,11.41,76.69,Tamil Nadu,Nilgiris,2024-10-11,24.261348724365234,35.843039989471436,75.76251292228699,11.5,76.75
DEMO-NLG-001,Demo Nilgiris location A,11.41,76.69,Tamil Nadu,Nilgiris,2024-10-12,2.14084529876709,31.257216930389404,75.91137647628784,11.5,76.75
DEMO-NLG-001,Demo Nilgiris location A,11.41,76.69,Tamil Nadu,Nilgiris,2024-10-13,17.81806182861328,44.220255851745605,67.02819013595581,11.5,76.75
DEMO-NLG-001,Demo Nilgiris location A,11.41,76.69,Tamil Nadu,Nilgiris,2024-10-14,12.195595741271973,32.154502868652344,72.20922803878784,11.5,76.75
DEMO-NLG-001,Demo Nilgiris location A,11.41,76.69,Tamil Nadu,Nilgiris,2024-10-15,16.665889739990234,46.67954730987549,84.66343259811401,11.5,76.75
DEMO-NLG-001,Demo Nilgiris location A,11.41,76.69,Tamil Nadu,Nilgiris,2024-10-16,16.586259841918945,45.44774532318115,94.52302408218384,11.5,76.75
DEMO-NLG-001,Demo Nilgiris location A,11.41,76.69,Tamil Nadu,Nilgiris,2024-10-17,5.496361255645752,38.74851083755493,95.16436243057251,11.5,76.75
DEMO-NLG-001,Demo Nilgiris location A,11.41,76.69,Tamil Nadu,Nilgiris,2024-10-18,11.493674278259277,33.576295375823975,82.39668798446655,11.5,76.75
DEMO-NLG-001,Demo Nilgiris location A,11.41,76.69,Tamil Nadu,Nilgiris,2024-10-19,6.3336896896362305,23.32372522354126,86.5895323753357,11.5,76.75
DEMO-NLG-001,Demo Nilgiris location A,11.41,76.69,Tamil Nadu,Nilgiris,2024-10-20,11.13662052154541,28.963984489440918,79.90809106826782,11.5,76.75
DEMO-NLG-001,Demo Nilgiris location A,11.41,76.69,Tamil Nadu,Nilgiris,2024-10-21,20.20163345336914,37.67194366455078,87.91412878036499,11.5,76.75
DEMO-NLG-001,Demo Nilgiris location A,11.41,76.69,Tamil Nadu,Nilgiris,2024-10-22,23.878206253051758,55.21646022796631,95.12644529342651,11.5,76.75
DEMO-NLG-001,Demo Nilgiris location A,11.41,76.69,Tamil Nadu,Nilgiris,2024-10-23,20.24706268310547,64.32690238952637,98.78724813461304,11.5,76.75
DEMO-NLG-001,Demo Nilgiris location A,11.41,76.69,Tamil Nadu,Nilgiris,2024-10-24,0.0,44.12526893615723,93.29088687896729,11.5,76.75
DEMO-NLG-001,Demo Nilgiris location A,11.41,76.69,Tamil Nadu,Nilgiris,2024-10-25,6.438862323760986,26.685925006866455,88.236074924469,11.5,76.75
DEMO-NLG-001,Demo Nilgiris location A,11.41,76.69,Tamil Nadu,Nilgiris,2024-10-26,12.954038619995117,19.392900943756104,94.85642385482788,11.5,76.75
DEMO-NLG-001,Demo Nilgiris location A,11.41,76.69,Tamil Nadu,Nilgiris,2024-10-27,0.0,19.392900943756104,83.71980333328247,11.5,76.75
DEMO-NLG-001,Demo Nilgiris location A,11.41,76.69,Tamil Nadu,Nilgiris,2024-10-28,0.0,12.954038619995117,63.51816987991333,11.5,76.75
DEMO-NLG-001,Demo Nilgiris location A,11.41,76.69,Tamil Nadu,Nilgiris,2024-10-29,0.0,0.0,39.63996362686157,11.5,76.75
DEMO-NLG-001,Demo Nilgiris location A,11.41,76.69,Tamil Nadu,Nilgiris,2024-10-30,0.0,0.0,19.392900943756104,11.5,76.75
DEMO-NLG-001,Demo Nilgiris location A,11.41,76.69,Tamil Nadu,Nilgiris,2024-10-31,0.0,0.0,19.392900943756104,11.5,76.75
DEMO-NLG-001,Demo Nilgiris location A,11.41,76.69,Tamil Nadu,Nilgiris,2024-11-01,6.36077880859375,6.36077880859375,19.314817428588867,11.5,76.75
DEMO-NLG-001,Demo Nilgiris location A,11.41,76.69,Tamil Nadu,Nilgiris,2024-11-02,14.349248886108398,20.71002769470215,20.71002769470215,11.5,76.75
DEMO-NLG-001,Demo Nilgiris location A,11.41,76.69,Tamil Nadu,Nilgiris,2024-11-03,44.682559967041016,65.39258766174316,65.39258766174316,11.5,76.75
DEMO-NLG-001,Demo Nilgiris location A,11.41,76.69,Tamil Nadu,Nilgiris,2024-11-04,18.83730125427246,77.86911010742188,84.22988891601562,11.5,76.75
DEMO-NLG-001,Demo Nilgiris location A,11.41,76.69,Tamil Nadu,Nilgiris,2024-11-05,6.673517227172852,70.19337844848633,90.90340614318848,11.5,76.75
DEMO-NLG-001,Demo Nilgiris location A,11.41,76.69,Tamil Nadu,Nilgiris,2024-11-06,0.0,25.510818481445312,90.90340614318848,11.5,76.75
DEMO-NLG-001,Demo Nilgiris location A,11.41,76.69,Tamil Nadu,Nilgiris,2024-11-07,0.0,6.673517227172852,90.90340614318848,11.5,76.75
DEMO-NLG-001,Demo Nilgiris location A,11.41,76.69,Tamil Nadu,Nilgiris,2024-11-08,1.8700597286224365,1.8700597286224365,86.41268706321716,11.5,76.75
DEMO-NLG-001,Demo Nilgiris location A,11.41,76.69,Tamil Nadu,Nilgiris,2024-11-09,0.0,1.8700597286224365,72.06343817710876,11.5,76.75
DEMO-NLG-001,Demo Nilgiris location A,11.41,76.69,Tamil Nadu,Nilgiris,2024-11-10,0.0,1.8700597286224365,27.38087821006775,11.5,76.75
DEMO-NLG-001,Demo Nilgiris location A,11.41,76.69,Tamil Nadu,Nilgiris,2024-11-11,0.23456479609012604,0.23456479609012604,8.778141751885414,11.5,76.75
DEMO-NLG-001,Demo Nilgiris location A,11.41,76.69,Tamil Nadu,Nilgiris,2024-11-12,0.0,0.23456479609012604,2.1046245247125626,11.5,76.75
DEMO-NLG-001,Demo Nilgiris location A,11.41,76.69,Tamil Nadu,Nilgiris,2024-11-13,4.037275314331055,4.271840110421181,6.141899839043617,11.5,76.75
DEMO-NLG-001,Demo Nilgiris location A,11.41,76.69,Tamil Nadu,Nilgiris,2024-11-14,0.7645850777626038,4.8018603920936584,6.906484916806221,11.5,76.75
DEMO-NLG-001,Demo Nilgiris location A,11.41,76.69,Tamil Nadu,Nilgiris,2024-11-15,2.4090850353240967,7.210945427417755,7.445510223507881,11.5,76.75
DEMO-NLG-001,Demo Nilgiris location A,11.41,76.69,Tamil Nadu,Nilgiris,2024-11-16,7.531748294830322,10.705418407917023,14.977258518338203,11.5,76.75
DEMO-NLG-001,Demo Nilgiris location A,11.41,76.69,Tamil Nadu,Nilgiris,2024-11-17,9.221647262573242,19.16248059272766,24.198905780911446,11.5,76.75
DEMO-NLG-001,Demo Nilgiris location A,11.41,76.69,Tamil Nadu,Nilgiris,2024-11-18,3.344595193862915,20.09799075126648,27.308936178684235,11.5,76.75
DEMO-NLG-001,Demo Nilgiris location A,11.41,76.69,Tamil Nadu,Nilgiris,2024-11-19,0.2414471060037613,12.807689562439919,27.550383284687996,11.5,76.75
DEMO-NLG-001,Demo Nilgiris location A,11.41,76.69,Tamil Nadu,Nilgiris,2024-11-20,0.0,3.5860422998666763,23.51310797035694,11.5,76.75
DEMO-NLG-001,Demo Nilgiris location A,11.41,76.69,Tamil Nadu,Nilgiris,2024-11-21,0.0,0.2414471060037613,22.748522892594337,11.5,76.75
DEMO-NLG-001,Demo Nilgiris location A,11.41,76.69,Tamil Nadu,Nilgiris,2024-11-22,0.0,0.0,20.33943785727024,11.5,76.75
DEMO-NLG-001,Demo Nilgiris location A,11.41,76.69,Tamil Nadu,Nilgiris,2024-11-23,0.0,0.0,12.807689562439919,11.5,76.75
DEMO-NLG-001,Demo Nilgiris location A,11.41,76.69,Tamil Nadu,Nilgiris,2024-11-24,0.0,0.0,3.5860422998666763,11.5,76.75
DEMO-NLG-001,Demo Nilgiris location A,11.41,76.69,Tamil Nadu,Nilgiris,2024-11-25,0.0,0.0,0.2414471060037613,11.5,76.75
DEMO-NLG-001,Demo Nilgiris location A,11.41,76.69,Tamil Nadu,Nilgiris,2024-11-26,0.0,0.0,0.0,11.5,76.75
DEMO-NLG-001,Demo Nilgiris location A,11.41,76.69,Tamil Nadu,Nilgiris,2024-11-27,19.52969741821289,19.52969741821289,19.52969741821289,11.5,76.75
DEMO-NLG-001,Demo Nilgiris location A,11.41,76.69,Tamil Nadu,Nilgiris,2024-11-28,1.3457584381103516,20.875455856323242,20.875455856323242,11.5,76.75
DEMO-NLG-001,Demo Nilgiris location A,11.41,76.69,Tamil Nadu,Nilgiris,2024-11-29,0.0,20.875455856323242,20.875455856323242,11.5,76.75
DEMO-NLG-001,Demo Nilgiris location A,11.41,76.69,Tamil Nadu,Nilgiris,2024-11-30,0.0,1.3457584381103516,20.875455856323242,11.5,76.75
DEMO-NLG-001,Demo Nilgiris location A,11.41,76.69,Tamil Nadu,Nilgiris,2024-12-01,4.683471202850342,4.683471202850342,25.558927059173584,11.5,76.75
DEMO-NLG-001,Demo Nilgiris location A,11.41,76.69,Tamil Nadu,Nilgiris,2024-12-02,47.93254852294922,52.61601972579956,73.4914755821228,11.5,76.75
DEMO-NLG-001,Demo Nilgiris location A,11.41,76.69,Tamil Nadu,Nilgiris,2024-12-03,19.34300994873047,71.95902967453003,92.83448553085327,11.5,76.75
DEMO-NLG-001,Demo Nilgiris location A,11.41,76.69,Tamil Nadu,Nilgiris,2024-12-04,11.752955436706543,79.02851390838623,85.05774354934692,11.5,76.75
DEMO-NLG-001,Demo Nilgiris location A,11.41,76.69,Tamil Nadu,Nilgiris,2024-12-05,1.0348379611968994,32.13080334663391,84.74682307243347,11.5,76.75
DEMO-NLG-001,Demo Nilgiris location A,11.41,76.69,Tamil Nadu,Nilgiris,2024-12-06,0.0,12.787793397903442,84.74682307243347,11.5,76.75
DEMO-NLG-001,Demo Nilgiris location A,11.41,76.69,Tamil Nadu,Nilgiris,2024-12-07,0.0,1.0348379611968994,84.74682307243347,11.5,76.75
DEMO-NLG-001,Demo Nilgiris location A,11.41,76.69,Tamil Nadu,Nilgiris,2024-12-08,0.0,0.0,80.06335186958313,11.5,76.75
DEMO-NLG-001,Demo Nilgiris location A,11.41,76.69,Tamil Nadu,Nilgiris,2024-12-09,0.0,0.0,32.13080334663391,11.5,76.75
DEMO-NLG-001,Demo Nilgiris location A,11.41,76.69,Tamil Nadu,Nilgiris,2024-12-10,0.0,0.0,12.787793397903442,11.5,76.75
DEMO-NLG-001,Demo Nilgiris location A,11.41,76.69,Tamil Nadu,Nilgiris,2024-12-11,0.0,0.0,1.0348379611968994,11.5,76.75
DEMO-NLG-001,Demo Nilgiris location A,11.41,76.69,Tamil Nadu,Nilgiris,2024-12-12,0.0,0.0,0.0,11.5,76.75
DEMO-NLG-001,Demo Nilgiris location A,11.41,76.69,Tamil Nadu,Nilgiris,2024-12-13,16.737167358398438,16.737167358398438,16.737167358398438,11.5,76.75
DEMO-NLG-001,Demo Nilgiris location A,11.41,76.69,Tamil Nadu,Nilgiris,2024-12-14,16.106430053710938,32.843597412109375,32.843597412109375,11.5,76.75
DEMO-NLG-001,Demo Nilgiris location A,11.41,76.69,Tamil Nadu,Nilgiris,2024-12-15,0.28285422921180725,33.12645164132118,33.12645164132118,11.5,76.75
DEMO-NLG-001,Demo Nilgiris location A,11.41,76.69,Tamil Nadu,Nilgiris,2024-12-16,0.0,16.389284282922745,33.12645164132118,11.5,76.75
DEMO-NLG-001,Demo Nilgiris location A,11.41,76.69,Tamil Nadu,Nilgiris,2024-12-17,0.0,0.28285422921180725,33.12645164132118,11.5,76.75
DEMO-NLG-001,Demo Nilgiris location A,11.41,76.69,Tamil Nadu,Nilgiris,2024-12-18,0.0,0.0,33.12645164132118,11.5,76.75
DEMO-NLG-001,Demo Nilgiris location A,11.41,76.69,Tamil Nadu,Nilgiris,2024-12-19,0.0,0.0,33.12645164132118,11.5,76.75
DEMO-NLG-001,Demo Nilgiris location A,11.41,76.69,Tamil Nadu,Nilgiris,2024-12-20,0.0,0.0,16.389284282922745,11.5,76.75
DEMO-NLG-001,Demo Nilgiris location A,11.41,76.69,Tamil Nadu,Nilgiris,2024-12-21,0.0,0.0,0.28285422921180725,11.5,76.75
DEMO-NLG-001,Demo Nilgiris location A,11.41,76.69,Tamil Nadu,Nilgiris,2024-12-22,0.0,0.0,0.0,11.5,76.75
DEMO-NLG-001,Demo Nilgiris location A,11.41,76.69,Tamil Nadu,Nilgiris,2024-12-23,0.0,0.0,0.0,11.5,76.75
DEMO-NLG-001,Demo Nilgiris location A,11.41,76.69,Tamil Nadu,Nilgiris,2024-12-24,0.0,0.0,0.0,11.5,76.75
DEMO-NLG-001,Demo Nilgiris location A,11.41,76.69,Tamil Nadu,Nilgiris,2024-12-25,0.0,0.0,0.0,11.5,76.75
DEMO-NLG-001,Demo Nilgiris location A,11.41,76.69,Tamil Nadu,Nilgiris,2024-12-26,0.0,0.0,0.0,11.5,76.75
DEMO-NLG-001,Demo Nilgiris location A,11.41,76.69,Tamil Nadu,Nilgiris,2024-12-27,16.694042205810547,16.694042205810547,16.694042205810547,11.5,76.75
DEMO-NLG-001,Demo Nilgiris location A,11.41,76.69,Tamil Nadu,Nilgiris,2024-12-28,1.3245744705200195,18.018616676330566,18.018616676330566,11.5,76.75
DEMO-NLG-001,Demo Nilgiris location A,11.41,76.69,Tamil Nadu,Nilgiris,2024-12-29,0.0,18.018616676330566,18.018616676330566,11.5,76.75
DEMO-NLG-001,Demo Nilgiris location A,11.41,76.69,Tamil Nadu,Nilgiris,2024-12-30,0.0,1.3245744705200195,18.018616676330566,11.5,76.75
DEMO-NLG-001,Demo Nilgiris location A,11.41,76.69,Tamil Nadu,Nilgiris,2024-12-31,0.0,0.0,18.018616676330566,11.5,76.75
DEMO-NLG-002,Demo Nilgiris location B,11.42,76.7,Tamil Nadu,Nilgiris,2017-01-01,0.0,,,11.5,76.75
DEMO-NLG-002,Demo Nilgiris location B,11.42,76.7,Tamil Nadu,Nilgiris,2017-01-02,0.0,,,11.5,76.75
DEMO-NLG-002,Demo Nilgiris location B,11.42,76.7,Tamil Nadu,Nilgiris,2017-01-03,0.0,0.0,,11.5,76.75
DEMO-NLG-002,Demo Nilgiris location B,11.42,76.7,Tamil Nadu,Nilgiris,2017-01-04,0.0,0.0,,11.5,76.75
DEMO-NLG-002,Demo Nilgiris location B,11.42,76.7,Tamil Nadu,Nilgiris,2017-01-05,0.0,0.0,,11.5,76.75
DEMO-NLG-002,Demo Nilgiris location B,11.42,76.7,Tamil Nadu,Nilgiris,2017-01-06,0.0,0.0,,11.5,76.75
DEMO-NLG-002,Demo Nilgiris location B,11.42,76.7,Tamil Nadu,Nilgiris,2017-01-07,0.0,0.0,0.0,11.5,76.75
DEMO-NLG-002,Demo Nilgiris location B,11.42,76.7,Tamil Nadu,Nilgiris,2017-01-08,0.0,0.0,0.0,11.5,76.75
DEMO-NLG-002,Demo Nilgiris location B,11.42,76.7,Tamil Nadu,Nilgiris,2017-01-09,0.0,0.0,0.0,11.5,76.75
DEMO-NLG-002,Demo Nilgiris location B,11.42,76.7,Tamil Nadu,Nilgiris,2017-01-10,0.0,0.0,0.0,11.5,76.75
DEMO-NLG-002,Demo Nilgiris location B,11.42,76.7,Tamil Nadu,Nilgiris,2017-01-11,0.0,0.0,0.0,11.5,76.75
DEMO-NLG-002,Demo Nilgiris location B,11.42,76.7,Tamil Nadu,Nilgiris,2017-01-12,0.0,0.0,0.0,11.5,76.75
DEMO-NLG-002,Demo Nilgiris location B,11.42,76.7,Tamil Nadu,Nilgiris,2017-01-13,0.0,0.0,0.0,11.5,76.75
DEMO-NLG-002,Demo Nilgiris location B,11.42,76.7,Tamil Nadu,Nilgiris,2017-01-14,0.0,0.0,0.0,11.5,76.75
DEMO-NLG-002,Demo Nilgiris location B,11.42,76.7,Tamil Nadu,Nilgiris,2017-01-15,0.0,0.0,0.0,11.5,76.75
DEMO-NLG-002,Demo Nilgiris location B,11.42,76.7,Tamil Nadu,Nilgiris,2017-01-16,0.0,0.0,0.0,11.5,76.75
DEMO-NLG-002,Demo Nilgiris location B,11.42,76.7,Tamil Nadu,Nilgiris,2017-01-17,0.0,0.0,0.0,11.5,76.75
DEMO-NLG-002,Demo Nilgiris location B,11.42,76.7,Tamil Nadu,Nilgiris,2017-01-18,0.0,0.0,0.0,11.5,76.75
DEMO-NLG-002,Demo Nilgiris location B,11.42,76.7,Tamil Nadu,Nilgiris,2017-01-19,0.0,0.0,0.0,11.5,76.75
DEMO-NLG-002,Demo Nilgiris location B,11.42,76.7,Tamil Nadu,Nilgiris,2017-01-20,0.0,0.0,0.0,11.5,76.75
DEMO-NLG-002,Demo Nilgiris location B,11.42,76.7,Tamil Nadu,Nilgiris,2017-01-21,2.7125957012176514,2.7125957012176514,2.7125957012176514,11.5,76.75
DEMO-NLG-002,Demo Nilgiris location B,11.42,76.7,Tamil Nadu,Nilgiris,2017-01-22,9.68580436706543,12.398400068283081,12.398400068283081,11.5,76.75
DEMO-NLG-002,Demo Nilgiris location B,11.42,76.7,Tamil Nadu,Nilgiris,2017-01-23,0.2062680721282959,12.604668140411377,12.604668140411377,11.5,76.75
DEMO-NLG-002,Demo Nilgiris location B,11.42,76.7,Tamil Nadu,Nilgiris,2017-01-24,0.0,9.892072439193726,12.604668140411377,11.5,76.75
DEMO-NLG-002,Demo Nilgiris location B,11.42,76.7,Tamil Nadu,Nilgiris,2017-01-25,0.0,0.2062680721282959,12.604668140411377,11.5,76.75
DEMO-NLG-002,Demo Nilgiris location B,11.42,76.7,Tamil Nadu,Nilgiris,2017-01-26,0.0,0.0,12.604668140411377,11.5,76.75
DEMO-NLG-002,Demo Nilgiris location B,11.42,76.7,Tamil Nadu,Nilgiris,2017-01-27,2.9795188903808594,2.9795188903808594,15.584187030792236,11.5,76.75
DEMO-NLG-002,Demo Nilgiris location B,11.42,76.7,Tamil Nadu,Nilgiris,2017-01-28,33.073970794677734,36.053489685058594,45.94556212425232,11.5,76.75
DEMO-NLG-002,Demo Nilgiris location B,11.42,76.7,Tamil Nadu,Nilgiris,2017-01-29,16.026432037353516,52.07992172241211,52.286189794540405,11.5,76.75
DEMO-NLG-002,Demo Nilgiris location B,11.42,76.7,Tamil Nadu,Nilgiris,2017-01-30,0.3535190224647522,49.453921854496,52.43344074487686,11.5,76.75
DEMO-NLG-002,Demo Nilgiris location B,11.42,76.7,Tamil Nadu,Nilgiris,2017-01-31,0.0,16.379951059818268,52.43344074487686,11.5,76.75
DEMO-NLG-002,Demo Nilgiris location B,11.42,76.7,Tamil Nadu,Nilgiris,2017-02-01,0.0,0.3535190224647522,52.43344074487686,11.5,76.75
DEMO-NLG-002,Demo Nilgiris location B,11.42,76.7,Tamil Nadu,Nilgiris,2017-02-02,0.0,0.0,52.43344074487686,11.5,76.75
DEMO-NLG-002,Demo Nilgiris location B,11.42,76.7,Tamil Nadu,Nilgiris,2017-02-03,0.0,0.0,49.453921854496,11.5,76.75
DEMO-NLG-002,Demo Nilgiris location B,11.42,76.7,Tamil Nadu,Nilgiris,2017-02-04,0.0,0.0,16.379951059818268,11.5,76.75
DEMO-NLG-002,Demo Nilgiris location B,11.42,76.7,Tamil Nadu,Nilgiris,2017-02-05,0.0,0.0,0.3535190224647522,11.5,76.75
DEMO-NLG-002,Demo Nilgiris location B,11.42,76.7,Tamil Nadu,Nilgiris,2017-02-06,0.0,0.0,0.0,11.5,76.75
DEMO-NLG-002,Demo Nilgiris location B,11.42,76.7,Tamil Nadu,Nilgiris,2017-02-07,0.0,0.0,0.0,11.5,76.75
DEMO-NLG-002,Demo Nilgiris location B,11.42,76.7,Tamil Nadu,Nilgiris,2017-02-08,0.0,0.0,0.0,11.5,76.75
DEMO-NLG-002,Demo Nilgiris location B,11.42,76.7,Tamil Nadu,Nilgiris,2017-02-09,0.0,0.0,0.0,11.5,76.75
DEMO-NLG-002,Demo Nilgiris location B,11.42,76.7,Tamil Nadu,Nilgiris,2017-02-10,0.0,0.0,0.0,11.5,76.75
DEMO-NLG-002,Demo Nilgiris location B,11.42,76.7,Tamil Nadu,Nilgiris,2017-02-11,0.0,0.0,0.0,11.5,76.75
DEMO-NLG-002,Demo Nilgiris location B,11.42,76.7,Tamil Nadu,Nilgiris,2017-02-12,0.0,0.0,0.0,11.5,76.75
DEMO-NLG-002,Demo Nilgiris location B,11.42,76.7,Tamil Nadu,Nilgiris,2017-02-13,0.0,0.0,0.0,11.5,76.75
DEMO-NLG-002,Demo Nilgiris location B,11.42,76.7,Tamil Nadu,Nilgiris,2017-02-14,0.0,0.0,0.0,11.5,76.75
DEMO-NLG-002,Demo Nilgiris location B,11.42,76.7,Tamil Nadu,Nilgiris,2017-02-15,0.0,0.0,0.0,11.5,76.75
DEMO-NLG-002,Demo Nilgiris location B,11.42,76.7,Tamil Nadu,Nilgiris,2017-02-16,0.0,0.0,0.0,11.5,76.75
DEMO-NLG-002,Demo Nilgiris location B,11.42,76.7,Tamil Nadu,Nilgiris,2017-02-17,0.0,0.0,0.0,11.5,76.75
DEMO-NLG-002,Demo Nilgiris location B,11.42,76.7,Tamil Nadu,Nilgiris,2017-02-18,0.0,0.0,0.0,11.5,76.75
DEMO-NLG-002,Demo Nilgiris location B,11.42,76.7,Tamil Nadu,Nilgiris,2017-02-19,0.0,0.0,0.0,11.5,76.75
DEMO-NLG-002,Demo Nilgiris location B,11.42,76.7,Tamil Nadu,Nilgiris,2017-02-20,0.0,0.0,0.0,11.5,76.75
DEMO-NLG-002,Demo Nilgiris location B,11.42,76.7,Tamil Nadu,Nilgiris,2017-02-21,0.0,0.0,0.0,11.5,76.75
DEMO-NLG-002,Demo Nilgiris location B,11.42,76.7,Tamil Nadu,Nilgiris,2017-02-22,0.0,0.0,0.0,11.5,76.75
DEMO-NLG-002,Demo Nilgiris location B,11.42,76.7,Tamil Nadu,Nilgiris,2017-02-23,0.0,0.0,0.0,11.5,76.75
DEMO-NLG-002,Demo Nilgiris location B,11.42,76.7,Tamil Nadu,Nilgiris,2017-02-24,0.0,0.0,0.0,11.5,76.75
DEMO-NLG-002,Demo Nilgiris location B,11.42,76.7,Tamil Nadu,Nilgiris,2017-02-25,0.0,0.0,0.0,11.5,76.75
DEMO-NLG-002,Demo Nilgiris location B,11.42,76.7,Tamil Nadu,Nilgiris,2017-02-26,0.0,0.0,0.0,11.5,76.75
DEMO-NLG-002,Demo Nilgiris location B,11.42,76.7,Tamil Nadu,Nilgiris,2017-02-27,0.0,0.0,0.0,11.5,76.75
DEMO-NLG-002,Demo Nilgiris location B,11.42,76.7,Tamil Nadu,Nilgiris,2017-02-28,0.0,0.0,0.0,11.5,76.75
DEMO-NLG-002,Demo Nilgiris location B,11.42,76.7,Tamil Nadu,Nilgiris,2017-03-01,0.0,0.0,0.0,11.5,76.75
DEMO-NLG-002,Demo Nilgiris location B,11.42,76.7,Tamil Nadu,Nilgiris,2017-03-02,0.0,0.0,0.0,11.5,76.75
DEMO-NLG-002,Demo Nilgiris location B,11.42,76.7,Tamil Nadu,Nilgiris,2017-03-03,0.0,0.0,0.0,11.5,76.75
DEMO-NLG-002,Demo Nilgiris location B,11.42,76.7,Tamil Nadu,Nilgiris,2017-03-04,0.0,0.0,0.0,11.5,76.75
DEMO-NLG-002,Demo Nilgiris location B,11.42,76.7,Tamil Nadu,Nilgiris,2017-03-05,4.407796382904053,4.407796382904053,4.407796382904053,11.5,76.75
DEMO-NLG-002,Demo Nilgiris location B,11.42,76.7,Tamil Nadu,Nilgiris,2017-03-06,0.6692551374435425,5.077051520347595,5.077051520347595,11.5,76.75
DEMO-NLG-002,Demo Nilgiris location B,11.42,76.7,Tamil Nadu,Nilgiris,2017-03-07,13.040000915527344,18.11705243587494,18.11705243587494,11.5,76.75
DEMO-NLG-002,Demo Nilgiris location B,11.42,76.7,Tamil Nadu,Nilgiris,2017-03-08,2.0375895500183105,15.746845602989197,20.15464198589325,11.5,76.75
DEMO-NLG-002,Demo Nilgiris location B,11.42,76.7,Tamil Nadu,Nilgiris,2017-03-09,0.13256299495697021,15.210153460502625,20.28720498085022,11.5,76.75
DEMO-NLG-002,Demo Nilgiris location B,11.42,76.7,Tamil Nadu,Nilgiris,2017-03-10,3.0308315753936768,5.2009841203689575,23.318036556243896,11.5,76.75
DEMO-NLG-002,Demo Nilgiris location B,11.42,76.7,Tamil Nadu,Nilgiris,2017-03-11,3.4074008464813232,6.57079541683197,26.72543740272522,11.5,76.75
DEMO-NLG-002,Demo Nilgiris location B,11.42,76.7,Tamil Nadu,Nilgiris,2017-03-12,2.6988298892974854,9.137062311172485,25.016470909118652,11.5,76.75
DEMO-NLG-002,Demo Nilgiris location B,11.42,76.7,Tamil Nadu,Nilgiris,2017-03-13,0.0,6.106230735778809,24.34721577167511,11.5,76.75
DEMO-NLG-002,Demo Nilgiris location B,11.42,76.7,Tamil Nadu,Nilgiris,2017-03-14,3.1630489826202393,5.861878871917725,14.470263838768005,11.5,76.75
DEMO-NLG-002,Demo Nilgiris location B,11.42,76.7,Tamil Nadu,Nilgiris,2017-03-15,131.3484344482422,134.51148343086243,143.78110873699188,11.5,76.75
DEMO-NLG-002,Demo Nilgiris location B,11.42,76.7,Tamil Nadu,Nilgiris,2017-03-16,20.8944091796875,155.40589261054993,164.5429549217224,11.5,76.75
DEMO-NLG-002,Demo Nilgiris location B,11.42,76.7,Tamil Nadu,Nilgiris,2017-03-17,0.0,152.2428436279297,161.51212334632874,11.5,76.75
DEMO-NLG-002,Demo Nilgiris location B,11.42,76.7,Tamil Nadu,Nilgiris,2017-03-18,0.0,20.8944091796875,158.1047224998474,11.5,76.75
DEMO-NLG-002,Demo Nilgiris location B,11.42,76.7,Tamil Nadu,Nilgiris,2017-03-19,0.0,0.0,155.40589261054993,11.5,76.75
DEMO-NLG-002,Demo Nilgiris location B,11.42,76.7,Tamil Nadu,Nilgiris,2017-03-20,0.0,0.0,155.40589261054993,11.5,76.75
DEMO-NLG-002,Demo Nilgiris location B,11.42,76.7,Tamil Nadu,Nilgiris,2017-03-21,15.789894104003906,15.789894104003906,168.0327377319336,11.5,76.75
DEMO-NLG-002,Demo Nilgiris location B,11.42,76.7,Tamil Nadu,Nilgiris,2017-03-22,0.0,15.789894104003906,36.684303283691406,11.5,76.75
DEMO-NLG-002,Demo Nilgiris location B,11.42,76.7,Tamil Nadu,Nilgiris,2017-03-23,0.0,15.789894104003906,15.789894104003906,11.5,76.75
DEMO-NLG-002,Demo Nilgiris location B,11.42,76.7,Tamil Nadu,Nilgiris,2017-03-24,0.0,0.0,15.789894104003906,11.5,76.75
DEMO-NLG-002,Demo Nilgiris location B,11.42,76.7,Tamil Nadu,Nilgiris,2017-03-25,0.0,0.0,15.789894104003906,11.5,76.75
DEMO-NLG-002,Demo Nilgiris location B,11.42,76.7,Tamil Nadu,Nilgiris,2017-03-26,0.0,0.0,15.789894104003906,11.5,76.75
DEMO-NLG-002,Demo Nilgiris location B,11.42,76.7,Tamil Nadu,Nilgiris,2017-03-27,0.0,0.0,15.789894104003906,11.5,76.75
DEMO-NLG-002,Demo Nilgiris location B,11.42,76.7,Tamil Nadu,Nilgiris,2017-03-28,0.0,0.0,0.0,11.5,76.75
DEMO-NLG-002,Demo Nilgiris location B,11.42,76.7,Tamil Nadu,Nilgiris,2017-03-29,0.0,0.0,0.0,11.5,76.75
DEMO-NLG-002,Demo Nilgiris location B,11.42,76.7,Tamil Nadu,Nilgiris,2017-03-30,0.0,0.0,0.0,11.5,76.75
DEMO-NLG-002,Demo Nilgiris location B,11.42,76.7,Tamil Nadu,Nilgiris,2017-03-31,0.0,0.0,0.0,11.5,76.75
DEMO-NLG-002,Demo Nilgiris location B,11.42,76.7,Tamil Nadu,Nilgiris,2017-04-01,0.0,0.0,0.0,11.5,76.75
DEMO-NLG-002,Demo Nilgiris location B,11.42,76.7,Tamil Nadu,Nilgiris,2017-04-02,0.0,0.0,0.0,11.5,76.75
DEMO-NLG-002,Demo Nilgiris location B,11.42,76.7,Tamil Nadu,Nilgiris,2017-04-03,0.0,0.0,0.0,11.5,76.75
DEMO-NLG-002,Demo Nilgiris location B,11.42,76.7,Tamil Nadu,Nilgiris,2017-04-04,0.0,0.0,0.0,11.5,76.75
DEMO-NLG-002,Demo Nilgiris location B,11.42,76.7,Tamil Nadu,Nilgiris,2017-04-05,0.0,0.0,0.0,11.5,76.75
DEMO-NLG-002,Demo Nilgiris location B,11.42,76.7,Tamil Nadu,Nilgiris,2017-04-06,1.0258535146713257,1.0258535146713257,1.0258535146713257,11.5,76.75
DEMO-NLG-002,Demo Nilgiris location B,11.42,76.7,Tamil Nadu,Nilgiris,2017-04-07,14.506271362304688,15.532124876976013,15.532124876976013,11.5,76.75
DEMO-NLG-002,Demo Nilgiris location B,11.42,76.7,Tamil Nadu,Nilgiris,2017-04-08,0.0,15.532124876976013,15.532124876976013,11.5,76.75
DEMO-NLG-002,Demo Nilgiris location B,11.42,76.7,Tamil Nadu,Nilgiris,2017-04-09,0.0,14.506271362304688,15.532124876976013,11.5,76.75
DEMO-NLG-002,Demo Nilgiris location B,11.42,76.7,Tamil Nadu,Nilgiris,2017-04-10,0.0,0.0,15.532124876976013,11.5,76.75
DEMO-NLG-002,Demo Nilgiris location B,11.42,76.7,Tamil Nadu,Nilgiris,2017-04-11,0.1443876475095749,0.1443876475095749,15.676512524485588,11.5,76.75
DEMO-NLG-002,Demo Nilgiris location B,11.42,76.7,Tamil Nadu,Nilgiris,2017-04-12,0.0,0.1443876475095749,15.676512524485588,11.5,76.75
DEMO-NLG-002,Demo Nilgiris location B,11.42,76.7,Tamil Nadu,Nilgiris,2017-04-13,4.615389823913574,4.759777471423149,19.266048833727837,11.5,76.75
DEMO-NLG-002,Demo Nilgiris location B,11.42,76.7,Tamil Nadu,Nilgiris,2017-04-14,0.23569703102111816,4.851086854934692,4.995474502444267,11.5,76.75
DEMO-NLG-002,Demo Nilgiris location B,11.42,76.7,Tamil Nadu,Nilgiris,2017-04-15,0.0,4.851086854934692,4.995474502444267,11.5,76.75
DEMO-NLG-002,Demo Nilgiris location B,11.42,76.7,Tamil Nadu,Nilgiris,2017-04-16,0.0,0.23569703102111816,4.995474502444267,11.5,76.75
DEMO-NLG-002,Demo Nilgiris location B,11.42,76.7,Tamil Nadu,Nilgiris,2017-04-17,7.685068130493164,7.685068130493164,12.680542632937431,11.5,76.75
DEMO-NLG-002,Demo Nilgiris location B,11.42,76.7,Tamil Nadu,Nilgiris,2017-04-18,0.18564125895500183,7.870709389448166,12.721796244382858,11.5,76.75
DEMO-NLG-002,Demo Nilgiris location B,11.42,76.7,Tamil Nadu,Nilgiris,2017-04-19,9.220239639282227,17.090949028730392,21.942035883665085,11.5,76.75
DEMO-NLG-002,Demo Nilgiris location B,11.42,76.7,Tamil Nadu,Nilgiris,2017-04-20,0.12376084923744202,9.52964174747467,17.450406908988953,11.5,76.75
DEMO-NLG-002,Demo Nilgiris location B,11.42,76.7,Tamil Nadu,Nilgiris,2017-04-21,20.766965866088867,30.110966354608536,37.9816757440567,11.5,76.75
DEMO-NLG-002,Demo Nilgiris location B,11.42,76.7,Tamil Nadu,Nilgiris,2017-04-22,0.599755048751831,21.49048176407814,38.58143079280853,11.5,76.75
DEMO-NLG-002,Demo Nilgiris location B,11.42,76.7,Tamil Nadu,Nilgiris,2017-04-23,0.33140748739242554,21.698128402233124,38.91283828020096,11.5,76.75
DEMO-NLG-002,Demo Nilgiris location B,11.42,76.7,Tamil Nadu,Nilgiris,2017-04-24,0.0,0.9311625361442566,31.227770149707794,11.5,76.75
DEMO-NLG-002,Demo Nilgiris location B,11.42,76.7,Tamil Nadu,Nilgiris,2017-04-25,0.13256299495697021,0.46397048234939575,31.174691885709763,11.5,76.75
DEMO-NLG-002,Demo Nilgiris location B,11.42,76.7,Tamil Nadu,Nilgiris,2017-04-26,0.9988888502120972,1.1314518451690674,22.953341096639633,11.5,76.75
DEMO-NLG-002,Demo Nilgiris location B,11.42,76.7,Tamil Nadu,Nilgiris,2017-04-27,0.0,1.1314518451690674,22.82958024740219,11.5,76.75
DEMO-NLG-002,Demo Nilgiris location B,11.42,76.7,Tamil Nadu,Nilgiris,2017-04-28,0.0,0.9988888502120972,2.062614381313324,11.5,76.75
DEMO-NLG-002,Demo Nilgiris location B,11.42,76.7,Tamil Nadu,Nilgiris,2017-04-29,0.0,0.0,1.462859332561493,11.5,76.75
DEMO-NLG-002,Demo Nilgiris location B,11.42,76.7,Tamil Nadu,Nilgiris,2017-04-30,0.2681484818458557,0.2681484818458557,1.399600327014923,11.5,76.75
DEMO-NLG-002,Demo Nilgiris location B,11.42,76.7,Tamil Nadu,Nilgiris,2017-05-01,1.4019683599472046,1.6701168417930603,2.8015686869621277,11.5,76.75
DEMO-NLG-002,Demo Nilgiris location B,11.42,76.7,Tamil Nadu,Nilgiris,2017-05-02,18.22037696838379,19.89049381017685,20.889382660388947,11.5,76.75
DEMO-NLG-002,Demo Nilgiris location B,11.42,76.7,Tamil Nadu,Nilgiris,2017-05-03,0.0,19.622345328330994,19.89049381017685,11.5,76.75
DEMO-NLG-002,Demo Nilgiris location B,11.42,76.7,Tamil Nadu,Nilgiris,2017-05-04,0.0,18.22037696838379,19.89049381017685,11.5,76.75
DEMO-NLG-002,Demo Nilgiris location B,11.42,76.7,Tamil Nadu,Nilgiris,2017-05-05,0.0,0.0,19.89049381017685,11.5,76.75
DEMO-NLG-002,Demo Nilgiris location B,11.42,76.7,Tamil Nadu,Nilgiris,2017-05-06,0.0,0.0,19.89049381017685,11.5,76.75
DEMO-NLG-002,Demo Nilgiris location B,11.42,76.7,Tamil Nadu,Nilgiris,2017-05-07,7.045259475708008,7.045259475708008,26.667604804039,11.5,76.75
DEMO-NLG-002,Demo Nilgiris location B,11.42,76.7,Tamil Nadu,Nilgiris,2017-05-08,5.718766212463379,12.764025688171387,30.984402656555176,11.5,76.75
DEMO-NLG-002,Demo Nilgiris location B,11.42,76.7,Tamil Nadu,Nilgiris,2017-05-09,0.0,12.764025688171387,12.764025688171387,11.5,76.75
DEMO-NLG-002,Demo Nilgiris location B,11.42,76.7,Tamil Nadu,Nilgiris,2017-05-10,0.26512598991394043,5.983892202377319,13.029151678085327,11.5,76.75
DEMO-NLG-002,Demo Nilgiris location B,11.42,76.7,Tamil Nadu,Nilgiris,2017-05-11,4.177377223968506,4.442503213882446,17.206528902053833,11.5,76.75
DEMO-NLG-002,Demo Nilgiris location B,11.42,76.7,Tamil Nadu,Nilgiris,2017-05-12,0.0,4.442503213882446,17.206528902053833,11.5,76.75
DEMO-NLG-002,Demo Nilgiris location B,11.42,76.7,Tamil Nadu,Nilgiris,2017-05-13,9.315464973449707,13.492842197418213,26.52199387550354,11.5,76.75
DEMO-NLG-002,Demo Nilgiris location B,11.42,76.7,Tamil Nadu,Nilgiris,2017-05-14,8.634315490722656,17.949780464172363,28.11104989051819,11.5,76.75
DEMO-NLG-002,Demo Nilgiris location B,11.42,76.7,Tamil Nadu,Nilgiris,2017-05-15,4.936772346496582,22.886552810668945,27.32905602455139,11.5,76.75
DEMO-NLG-002,Demo Nilgiris location B,11.42,76.7,Tamil Nadu,Nilgiris,2017-05-16,0.0,13.571087837219238,27.32905602455139,11.5,76.75
DEMO-NLG-002,Demo Nilgiris location B,11.42,76.7,Tamil Nadu,Nilgiris,2017-05-17,0.0,4.936772346496582,27.06393003463745,11.5,76.75
DEMO-NLG-002,Demo Nilgiris location B,11.42,76.7,Tamil Nadu,Nilgiris,2017-05-18,0.0,0.0,22.886552810668945,11.5,76.75
DEMO-NLG-002,Demo Nilgiris location B,11.42,76.7,Tamil Nadu,Nilgiris,2017-05-19,9.26783561706543,9.26783561706543,32.154388427734375,11.5,76.75
DEMO-NLG-002,Demo Nilgiris location B,11.42,76.7,Tamil Nadu,Nilgiris,2017-05-20,0.0,9.26783561706543,22.838923454284668,11.5,76.75
DEMO-NLG-002,Demo Nilgiris location B,11.42,76.7,Tamil Nadu,Nilgiris,2017-05-21,35.8341178894043,45.10195350646973,50.03872585296631,11.5,76.75
DEMO-NLG-002,Demo Nilgiris location B,11.42,76.7,Tamil Nadu,Nilgiris,2017-05-22,2.393237590789795,38.22735548019409,47.49519109725952,11.5,76.75
DEMO-NLG-002,Demo Nilgiris location B,11.42,76.7,Tamil Nadu,Nilgiris,2017-05-23,14.457212448120117,52.68456792831421,61.95240354537964,11.5,76.75
DEMO-NLG-002,Demo Nilgiris location B,11.42,76.7,Tamil Nadu,Nilgiris,2017-05-24,0.0,16.850450038909912,61.95240354537964,11.5,76.75
DEMO-NLG-002,Demo Nilgiris location B,11.42,76.7,Tamil Nadu,Nilgiris,2017-05-25,16.66216278076172,31.119375228881836,78.61456632614136,11.5,76.75
DEMO-NLG-002,Demo Nilgiris location B,11.42,76.7,Tamil Nadu,Nilgiris,2017-05-26,6.187624931335449,22.849787712097168,75.53435564041138,11.5,76.75
DEMO-NLG-002,Demo Nilgiris location B,11.42,76.7,Tamil Nadu,Nilgiris,2017-05-27,8.013988494873047,30.863776206970215,83.54834413528442,11.5,76.75
DEMO-NLG-002,Demo Nilgiris location B,11.42,76.7,Tamil Nadu,Nilgiris,2017-05-28,0.19884449243545532,14.400457918643951,47.91307073831558,11.5,76.75
DEMO-NLG-002,Demo Nilgiris location B,11.42,76.7,Tamil Nadu,Nilgiris,2017-05-29,0.0,8.212832987308502,45.51983314752579,11.5,76.75
DEMO-NLG-002,Demo Nilgiris location B,11.42,76.7,Tamil Nadu,Nilgiris,2017-05-30,0.0,0.19884449243545532,31.06262069940567,11.5,76.75
DEMO-NLG-002,Demo Nilgiris location B,11.42,76.7,Tamil Nadu,Nilgiris,2017-05-31,0.6394309997558594,0.6394309997558594,31.70205169916153,11.5,76.75
DEMO-NLG-002,Demo Nilgiris location B,11.42,76.7,Tamil Nadu,Nilgiris,2017-06-01,9.105671882629395,9.745102882385254,24.145560801029205,11.5,76.75
DEMO-NLG-002,Demo Nilgiris location B,11.42,76.7,Tamil Nadu,Nilgiris,2017-06-02,1.4681037664413452,11.2132066488266,19.4260396361351,11.5,76.75
DEMO-NLG-002,Demo Nilgiris location B,11.42,76.7,Tamil Nadu,Nilgiris,2017-06-03,20.06406593322754,30.63784158229828,31.476117074489594,11.5,76.75
DEMO-NLG-002,Demo Nilgiris location B,11.42,76.7,Tamil Nadu,Nilgiris,2017-06-04,2.5774078369140625,24.109577536582947,33.8546804189682,11.5,76.75
DEMO-NLG-002,Demo Nilgiris location B,11.42,76.7,Tamil Nadu,Nilgiris,2017-06-05,0.0,22.6414737701416,33.8546804189682,11.5,76.75
DEMO-NLG-002,Demo Nilgiris location B,11.42,76.7,Tamil Nadu,Nilgiris,2017-06-06,11.056751251220703,13.634159088134766,44.911431670188904,11.5,76.75
DEMO-NLG-002,Demo Nilgiris location B,11.42,76.7,Tamil Nadu,Nilgiris,2017-06-07,5.960350513458252,17.017101764678955,50.232351183891296,11.5,76.75
DEMO-NLG-002,Demo Nilgiris location B,11.42,76.7,Tamil Nadu,Nilgiris,2017-06-08,10.133491516113281,27.150593280792236,51.26017081737518,11.5,76.75
DEMO-NLG-002,Demo Nilgiris location B,11.42,76.7,Tamil Nadu,Nilgiris,2017-06-09,0.0,16.093842029571533,49.79206705093384,11.5,76.75
DEMO-NLG-002,Demo Nilgiris location B,11.42,76.7,Tamil Nadu,Nilgiris,2017-06-10,0.0,10.133491516113281,29.7280011177063,11.5,76.75
DEMO-NLG-002,Demo Nilgiris location B,11.42,76.7,Tamil Nadu,Nilgiris,2017-06-11,6.49658203125,6.49658203125,33.647175312042236,11.5,76.75
DEMO-NLG-002,Demo Nilgiris location B,11.42,76.7,Tamil Nadu,Nilgiris,2017-06-12,0.5248675346374512,7.021449565887451,34.17204284667969,11.5,76.75
DEMO-NLG-002,Demo Nilgiris location B,11.42,76.7,Tamil Nadu,Nilgiris,2017-06-13,2.523613452911377,9.545063018798828,25.63890504837036,11.5,76.75
DEMO-NLG-002,Demo Nilgiris location B,11.42,76.7,Tamil Nadu,Nilgiris,2017-06-14,0.0,3.048480987548828,19.67855453491211,11.5,76.75
DEMO-NLG-002,Demo Nilgiris location B,11.42,76.7,Tamil Nadu,Nilgiris,2017-06-15,5.154815673828125,7.678429126739502,14.699878692626953,11.5,76.75
DEMO-NLG-002,Demo Nilgiris location B,11.42,76.7,Tamil Nadu,Nilgiris,2017-06-16,15.464447021484375,20.6192626953125,30.164325714111328,11.5,76.75
DEMO-NLG-002,Demo Nilgiris location B,11.42,76.7,Tamil Nadu,Nilgiris,2017-06-17,0.0,20.6192626953125,30.164325714111328,11.5,76.75
DEMO-NLG-002,Demo Nilgiris location B,11.42,76.7,Tamil Nadu,Nilgiris,2017-06-18,0.0,15.464447021484375,23.667743682861328,11.5,76.75
DEMO-NLG-002,Demo Nilgiris location B,11.42,76.7,Tamil Nadu,Nilgiris,2017-06-19,0.0,0.0,23.142876148223877,11.5,76.75
DEMO-NLG-002,Demo Nilgiris location B,11.42,76.7,Tamil Nadu,Nilgiris,2017-06-20,0.0,0.0,20.6192626953125,11.5,76.75
DEMO-NLG-002,Demo Nilgiris location B,11.42,76.7,Tamil Nadu,Nilgiris,2017-06-21,1.9330558776855469,1.9330558776855469,22.552318572998047,11.5,76.75
DEMO-NLG-002,Demo Nilgiris location B,11.42,76.7,Tamil Nadu,Nilgiris,2017-06-22,10.953983306884766,12.887039184570312,28.351486206054688,11.5,76.75
DEMO-NLG-002,Demo Nilgiris location B,11.42,76.7,Tamil Nadu,Nilgiris,2017-06-23,0.0,12.887039184570312,12.887039184570312,11.5,76.75
DEMO-NLG-002,Demo Nilgiris location B,11.42,76.7,Tamil Nadu,Nilgiris,2017-06-24,2.9163858890533447,13.87036919593811,15.803425073623657,11.5,76.75
DEMO-NLG-002,Demo Nilgiris location B,11.42,76.7,Tamil Nadu,Nilgiris,2017-06-25,2.3831069469451904,5.299492835998535,18.186532020568848,11.5,76.75
DEMO-NLG-002,Demo Nilgiris location B,11.42,76.7,Tamil Nadu,Nilgiris,2017-06-26,0.0,5.299492835998535,18.186532020568848,11.5,76.75
DEMO-NLG-002,Demo Nilgiris location B,11.42,76.7,Tamil Nadu,Nilgiris,2017-06-27,4.209881782531738,6.592988729476929,22.396413803100586,11.5,76.75
DEMO-NLG-002,Demo Nilgiris location B,11.42,76.7,Tamil Nadu,Nilgiris,2017-06-28,7.638571739196777,11.848453521728516,28.101929664611816,11.5,76.75
DEMO-NLG-002,Demo Nilgiris location B,11.42,76.7,Tamil Nadu,Nilgiris,2017-06-29,0.9680151343345642,12.81646865606308,18.115961492061615,11.5,76.75
DEMO-NLG-002,Demo Nilgiris location B,11.42,76.7,Tamil Nadu,Nilgiris,2017-06-30,0.12376084923744202,8.730347722768784,18.239722341299057,11.5,76.75
DEMO-NLG-002,Demo Nilgiris location B,11.42,76.7,Tamil Nadu,Nilgiris,2017-07-01,0.0,1.0917759835720062,15.323336452245712,11.5,76.75
DEMO-NLG-002,Demo Nilgiris location B,11.42,76.7,Tamil Nadu,Nilgiris,2017-07-02,0.31380316615104675,0.43756401538848877,13.254032671451569,11.5,76.75
DEMO-NLG-002,Demo Nilgiris location B,11.42,76.7,Tamil Nadu,Nilgiris,2017-07-03,1.3299576044082642,1.643760770559311,14.583990275859833,11.5,76.75
DEMO-NLG-002,Demo Nilgiris location B,11.42,76.7,Tamil Nadu,Nilgiris,2017-07-04,14.203866958618164,15.847627729177475,24.57797545194626,11.5,76.75
DEMO-NLG-002,Demo Nilgiris location B,11.42,76.7,Tamil Nadu,Nilgiris,2017-07-05,1.2055522203445435,16.73937678337097,18.144955933094025,11.5,76.75
DEMO-NLG-002,Demo Nilgiris location B,11.42,76.7,Tamil Nadu,Nilgiris,2017-07-06,0.0,15.409419178962708,17.17694079875946,11.5,76.75
DEMO-NLG-002,Demo Nilgiris location B,11.42,76.7,Tamil Nadu,Nilgiris,2017-07-07,0.0,1.2055522203445435,17.05317994952202,11.5,76.75
DEMO-NLG-002,Demo Nilgiris location B,11.42,76.7,Tamil Nadu,Nilgiris,2017-07-08,0.0,0.0,17.05317994952202,11.5,76.75
DEMO-NLG-002,Demo Nilgiris location B,11.42,76.7,Tamil Nadu,Nilgiris,2017-07-09,0.0,0.0,16.73937678337097,11.5,76.75
DEMO-NLG-002,Demo Nilgiris location B,11.42,76.7,Tamil Nadu,Nilgiris,2017-07-10,16.7716121673584,16.7716121673584,32.181031346321106,11.5,76.75
DEMO-NLG-002,Demo Nilgiris location B,11.42,76.7,Tamil Nadu,Nilgiris,2017-07-11,0.0,16.7716121673584,17.977164387702942,11.5,76.75
DEMO-NLG-002,Demo Nilgiris location B,11.42,76.7,Tamil Nadu,Nilgiris,2017-07-12,0.9466010332107544,17.718213200569153,17.718213200569153,11.5,76.75
DEMO-NLG-002,Demo Nilgiris location B,11.42,76.7,Tamil Nadu,Nilgiris,2017-07-13,0.0,0.9466010332107544,17.718213200569153,11.5,76.75
DEMO-NLG-002,Demo Nilgiris location B,11.42,76.7,Tamil Nadu,Nilgiris,2017-07-14,11.30874252319336,12.255343556404114,29.026955723762512,11.5,76.75
DEMO-NLG-002,Demo Nilgiris location B,11.42,76.7,Tamil Nadu,Nilgiris,2017-07-15,0.34303605556488037,11.65177857875824,29.369991779327393,11.5,76.75
DEMO-NLG-002,Demo Nilgiris location B,11.42,76.7,Tamil Nadu,Nilgiris,2017-07-16,0.0,11.65177857875824,29.369991779327393,11.5,76.75
DEMO-NLG-002,Demo Nilgiris location B,11.42,76.7,Tamil Nadu,Nilgiris,2017-07-17,0.0,0.34303605556488037,12.598379611968994,11.5,76.75
DEMO-NLG-002,Demo Nilgiris location B,11.42,76.7,Tamil Nadu,Nilgiris,2017-07-18,0.5156701803207397,0.5156701803207397,13.114049792289734,11.5,76.75
DEMO-NLG-002,Demo Nilgiris location B,11.42,76.7,Tamil Nadu,Nilgiris,2017-07-19,2.7509748935699463,3.266645073890686,14.918423652648926,11.5,76.75
DEMO-NLG-002,Demo Nilgiris location B,11.42,76.7,Tamil Nadu,Nilgiris,2017-07-20,5.592864513397217,8.859509587287903,20.511288166046143,11.5,76.75
DEMO-NLG-002,Demo Nilgiris location B,11.42,76.7,Tamil Nadu,Nilgiris,2017-07-21,1.1032054424285889,9.447044849395752,10.305751085281372,11.5,76.75
DEMO-NLG-002,Demo Nilgiris location B,11.42,76.7,Tamil Nadu,Nilgiris,2017-07-22,1.4949719905853271,8.191041946411133,11.457687020301819,11.5,76.75
DEMO-NLG-002,Demo Nilgiris location B,11.42,76.7,Tamil Nadu,Nilgiris,2017-07-23,0.0,2.598177433013916,11.457687020301819,11.5,76.75
DEMO-NLG-002,Demo Nilgiris location B,11.42,76.7,Tamil Nadu,Nilgiris,2017-07-24,0.13256299495697021,1.6275349855422974,11.590250015258789,11.5,76.75
DEMO-NLG-002,Demo Nilgiris location B,11.42,76.7,Tamil Nadu,Nilgiris,2017-07-25,0.18564125895500183,0.31820425391197205,11.260221093893051,11.5,76.75
DEMO-NLG-002,Demo Nilgiris location B,11.42,76.7,Tamil Nadu,Nilgiris,2017-07-26,0.0,0.31820425391197205,8.509246200323105,11.5,76.75
DEMO-NLG-002,Demo Nilgiris location B,11.42,76.7,Tamil Nadu,Nilgiris,2017-07-27,0.0,0.18564125895500183,2.916381686925888,11.5,76.75
DEMO-NLG-002,Demo Nilgiris location B,11.42,76.7,Tamil Nadu,Nilgiris,2017-07-28,0.18564125895500183,0.18564125895500183,1.998817503452301,11.5,76.75
DEMO-NLG-002,Demo Nilgiris location B,11.42,76.7,Tamil Nadu,Nilgiris,2017-07-29,0.0,0.18564125895500183,0.5038455128669739,11.5,76.75
DEMO-NLG-002,Demo Nilgiris location B,11.42,76.7,Tamil Nadu,Nilgiris,2017-07-30,1.4581929445266724,1.6438342034816742,1.9620384573936462,11.5,76.75
DEMO-NLG-002,Demo Nilgiris location B,11.42,76.7,Tamil Nadu,Nilgiris,2017-07-31,1.5470105409622192,3.0052034854888916,3.3764860033988953,11.5,76.75
DEMO-NLG-002,Demo Nilgiris location B,11.42,76.7,Tamil Nadu,Nilgiris,2017-08-01,1.4081372022628784,4.41334068775177,4.598981946706772,11.5,76.75
DEMO-NLG-002,Demo Nilgiris location B,11.42,76.7,Tamil Nadu,Nilgiris,2017-08-02,16.96636962890625,19.921517372131348,21.565351575613022,11.5,76.75
DEMO-NLG-002,Demo Nilgiris location B,11.42,76.7,Tamil Nadu,Nilgiris,2017-08-03,0.13256299495697021,18.5070698261261,21.697914570569992,11.5,76.75
DEMO-NLG-002,Demo Nilgiris location B,11.42,76.7,Tamil Nadu,Nilgiris,2017-08-04,0.10313403606414795,17.202066659927368,21.615407347679138,11.5,76.75
DEMO-NLG-002,Demo Nilgiris location B,11.42,76.7,Tamil Nadu,Nilgiris,2017-08-05,1.570048213005066,1.805745244026184,23.185455560684204,11.5,76.75
DEMO-NLG-002,Demo Nilgiris location B,11.42,76.7,Tamil Nadu,Nilgiris,2017-08-06,2.539520740509033,4.212702989578247,24.266783356666565,11.5,76.75
DEMO-NLG-002,Demo Nilgiris location B,11.42,76.7,Tamil Nadu,Nilgiris,2017-08-07,0.5332744717597961,4.642843425273895,23.253047287464142,11.5,76.75
DEMO-NLG-002,Demo Nilgiris location B,11.42,76.7,Tamil Nadu,Nilgiris,2017-08-08,1.1426191329956055,4.215414345264435,22.98752921819687,11.5,76.75
DEMO-NLG-002,Demo Nilgiris location B,11.42,76.7,Tamil Nadu,Nilgiris,2017-08-09,0.0,1.6758936047554016,6.021159589290619,11.5,76.75
DEMO-NLG-002,Demo Nilgiris location B,11.42,76.7,Tamil Nadu,Nilgiris,2017-08-10,5.80642032623291,6.949039459228516,11.695016920566559,11.5,76.75
DEMO-NLG-002,Demo Nilgiris location B,11.42,76.7,Tamil Nadu,Nilgiris,2017-08-11,0.13256299495697021,5.93898332118988,11.724445879459381,11.5,76.75
DEMO-NLG-002,Demo Nilgiris location B,11.42,76.7,Tamil Nadu,Nilgiris,2017-08-12,0.0,5.93898332118988,10.154397666454315,11.5,76.75
DEMO-NLG-002,Demo Nilgiris location B,11.42,76.7,Tamil Nadu,Nilgiris,2017-08-13,0.12376084923744202,0.25632384419441223,7.738637775182724,11.5,76.75
DEMO-NLG-002,Demo Nilgiris location B,11.42,76.7,Tamil Nadu,Nilgiris,2017-08-14,0.13256299495697021,0.25632384419441223,7.337926298379898,11.5,76.75
DEMO-NLG-002,Demo Nilgiris location B,11.42,76.7,Tamil Nadu,Nilgiris,2017-08-15,5.082157135009766,5.338480979204178,11.277464300394058,11.5,76.75
DEMO-NLG-002,Demo Nilgiris location B,11.42,76.7,Tamil Nadu,Nilgiris,2017-08-16,1.9421626329421997,7.1568827629089355,13.219626933336258,11.5,76.75
DEMO-NLG-002,Demo Nilgiris location B,11.42,76.7,Tamil Nadu,Nilgiris,2017-08-17,2.430413007736206,9.454732775688171,9.843619614839554,11.5,76.75
DEMO-NLG-002,Demo Nilgiris location B,11.42,76.7,Tamil Nadu,Nilgiris,2017-08-18,0.35564807057380676,4.7282237112522125,10.06670469045639,11.5,76.75
DEMO-NLG-002,Demo Nilgiris location B,11.42,76.7,Tamil Nadu,Nilgiris,2017-08-19,1.9390496015548706,4.725110679864883,12.005754292011261,11.5,76.75
DEMO-NLG-002,Demo Nilgiris location B,11.42,76.7,Tamil Nadu,Nilgiris,2017-08-20,1.5765691995620728,3.87126687169075,13.458562642335892,11.5,76.75
DEMO-NLG-002,Demo Nilgiris location B,11.42,76.7,Tamil Nadu,Nilgiris,2017-08-21,7.157232761383057,10.6728515625,20.483232408761978,11.5,76.75
DEMO-NLG-002,Demo Nilgiris location B,11.42,76.7,Tamil Nadu,Nilgiris,2017-08-22,2.8913536071777344,11.625155568122864,18.292428880929947,11.5,76.75
DEMO-NLG-002,Demo Nilgiris location B,11.42,76.7,Tamil Nadu,Nilgiris,2017-08-23,0.0,10.048586368560791,16.350266247987747,11.5,76.75
DEMO-NLG-002,Demo Nilgiris location B,11.42,76.7,Tamil Nadu,Nilgiris,2017-08-24,2.118697166442871,5.0100507736206055,16.038550406694412,11.5,76.75
DEMO-NLG-002,Demo Nilgiris location B,11.42,76.7,Tamil Nadu,Nilgiris,2017-08-25,0.10313403606414795,2.221831202507019,15.786036372184753,11.5,76.75
DEMO-NLG-002,Demo Nilgiris location B,11.42,76.7,Tamil Nadu,Nilgiris,2017-08-26,0.0,2.221831202507019,13.846986770629883,11.5,76.75
DEMO-NLG-002,Demo Nilgiris location B,11.42,76.7,Tamil Nadu,Nilgiris,2017-08-27,0.18564125895500183,0.2887752950191498,12.456058830022812,11.5,76.75
DEMO-NLG-002,Demo Nilgiris location B,11.42,76.7,Tamil Nadu,Nilgiris,2017-08-28,3.84379243850708,4.029433697462082,9.142618507146835,11.5,76.75
DEMO-NLG-002,Demo Nilgiris location B,11.42,76.7,Tamil Nadu,Nilgiris,2017-08-29,4.409389019012451,8.438822716474533,10.660653918981552,11.5,76.75
DEMO-NLG-002,Demo Nilgiris location B,11.42,76.7,Tamil Nadu,Nilgiris,2017-08-30,4.388028144836426,12.641209602355957,15.048682063817978,11.5,76.75
DEMO-NLG-002,Demo Nilgiris location B,11.42,76.7,Tamil Nadu,Nilgiris,2017-08-31,0.0,8.797417163848877,12.929984897375107,11.5,76.75
DEMO-NLG-002,Demo Nilgiris location B,11.42,76.7,Tamil Nadu,Nilgiris,2017-09-01,0.0,4.388028144836426,12.826850861310959,11.5,76.75
DEMO-NLG-002,Demo Nilgiris location B,11.42,76.7,Tamil Nadu,Nilgiris,2017-09-02,3.4782447814941406,3.4782447814941406,16.3050956428051,11.5,76.75
DEMO-NLG-002,Demo Nilgiris location B,11.42,76.7,Tamil Nadu,Nilgiris,2017-09-03,30.76987648010254,34.24812126159668,46.88933086395264,11.5,76.75
DEMO-NLG-002,Demo Nilgiris location B,11.42,76.7,Tamil Nadu,Nilgiris,2017-09-04,7.273512363433838,41.52163362503052,50.319050788879395,11.5,76.75
DEMO-NLG-002,Demo Nilgiris location B,11.42,76.7,Tamil Nadu,Nilgiris,2017-09-05,24.656492233276367,62.699881076812744,70.56615400314331,11.5,76.75
DEMO-NLG-002,Demo Nilgiris location B,11.42,76.7,Tamil Nadu,Nilgiris,2017-09-06,25.073923110961914,57.00392770767212,91.2520489692688,11.5,76.75
DEMO-NLG-002,Demo Nilgiris location B,11.42,76.7,Tamil Nadu,Nilgiris,2017-09-07,0.6443519592285156,50.3747673034668,91.89640092849731,11.5,76.75
DEMO-NLG-002,Demo Nilgiris location B,11.42,76.7,Tamil Nadu,Nilgiris,2017-09-08,25.112899780273438,50.83117485046387,117.00930070877075,11.5,76.75
DEMO-NLG-002,Demo Nilgiris location B,11.42,76.7,Tamil Nadu,Nilgiris,2017-09-09,35.03459167480469,60.79184341430664,148.5656476020813,11.5,76.75
DEMO-NLG-002,Demo Nilgiris location B,11.42,76.7,Tamil Nadu,Nilgiris,2017-09-10,3.18131160736084,63.328803062438965,120.9770827293396,11.5,76.75
DEMO-NLG-002,Demo Nilgiris location B,11.42,76.7,Tamil Nadu,Nilgiris,2017-09-11,34.15107345581055,72.36697673797607,147.8546438217163,11.5,76.75
DEMO-NLG-002,Demo Nilgiris location B,11.42,76.7,Tamil Nadu,Nilgiris,2017-09-12,11.850241661071777,49.182626724243164,135.04839324951172,11.5,76.75
DEMO-NLG-002,Demo Nilgiris location B,11.42,76.7,Tamil Nadu,Nilgiris,2017-09-13,8.27523136138916,54.276546478271484,118.24970149993896,11.5,76.75
DEMO-NLG-002,Demo Nilgiris location B,11.42,76.7,Tamil Nadu,Nilgiris,2017-09-14,29.367752075195312,49.49322509765625,146.97310161590576,11.5,76.75
DEMO-NLG-002,Demo Nilgiris location B,11.42,76.7,Tamil Nadu,Nilgiris,2017-09-15,11.056295394897461,48.699278831481934,132.91649723052979,11.5,76.75
DEMO-NLG-002,Demo Nilgiris location B,11.42,76.7,Tamil Nadu,Nilgiris,2017-09-16,0.0,40.42404747009277,97.8819055557251,11.5,76.75
DEMO-NLG-002,Demo Nilgiris location B,11.42,76.7,Tamil Nadu,Nilgiris,2017-09-17,12.651721954345703,23.708017349243164,107.35231590270996,11.5,76.75
DEMO-NLG-002,Demo Nilgiris location B,11.42,76.7,Tamil Nadu,Nilgiris,2017-09-18,11.815475463867188,24.46719741821289,85.0167179107666,11.5,76.75
DEMO-NLG-002,Demo Nilgiris location B,11.42,76.7,Tamil Nadu,Nilgiris,2017-09-19,1.3599244356155396,25.82712185382843,74.52640068531036,11.5,76.75
DEMO-NLG-002,Demo Nilgiris location B,11.42,76.7,Tamil Nadu,Nilgiris,2017-09-20,1.8586348295211792,15.034034729003906,68.10980415344238,11.5,76.75
DEMO-NLG-002,Demo Nilgiris location B,11.42,76.7,Tamil Nadu,Nilgiris,2017-09-21,0.0,3.2185592651367188,38.74205207824707,11.5,76.75
DEMO-NLG-002,Demo Nilgiris location B,11.42,76.7,Tamil Nadu,Nilgiris,2017-09-22,1.2066681385040283,3.0653029680252075,28.892424821853638,11.5,76.75
DEMO-NLG-002,Demo Nilgiris location B,11.42,76.7,Tamil Nadu,Nilgiris,2017-09-23,0.23990203440189362,1.446570172905922,29.13232685625553,11.5,76.75
DEMO-NLG-002,Demo Nilgiris location B,11.42,76.7,Tamil Nadu,Nilgiris,2017-09-24,0.0,1.446570172905922,16.480604901909828,11.5,76.75
DEMO-NLG-002,Demo Nilgiris location B,11.42,76.7,Tamil Nadu,Nilgiris,2017-09-25,27.040996551513672,27.280898585915565,31.706125989556313,11.5,76.75
DEMO-NLG-002,Demo Nilgiris location B,11.42,76.7,Tamil Nadu,Nilgiris,2017-09-26,7.834341049194336,34.87533760070801,38.18054260313511,11.5,76.75
DEMO-NLG-002,Demo Nilgiris location B,11.42,76.7,Tamil Nadu,Nilgiris,2017-09-27,1.2755742073059082,36.150911808013916,37.59748198091984,11.5,76.75
DEMO-NLG-002,Demo Nilgiris location B,11.42,76.7,Tamil Nadu,Nilgiris,2017-09-28,13.804451942443848,22.914367198944092,51.401933923363686,11.5,76.75
DEMO-NLG-002,Demo Nilgiris location B,11.42,76.7,Tamil Nadu,Nilgiris,2017-09-29,0.24752169847488403,15.32754784822464,50.44278748333454,11.5,76.75
DEMO-NLG-002,Demo Nilgiris location B,11.42,76.7,Tamil Nadu,Nilgiris,2017-09-30,0.0,14.051973640918732,50.20288544893265,11.5,76.75
DEMO-NLG-002,Demo Nilgiris location B,11.42,76.7,Tamil Nadu,Nilgiris,2017-10-01,1.9330558776855469,2.180577576160431,52.135941326618195,11.5,76.75
DEMO-NLG-002,Demo Nilgiris location B,11.42,76.7,Tamil Nadu,Nilgiris,2017-10-02,2.7755544185638428,4.70861029624939,27.870499193668365,11.5,76.75
DEMO-NLG-002,Demo Nilgiris location B,11.42,76.7,Tamil Nadu,Nilgiris,2017-10-03,0.0,4.70861029624939,20.03615814447403,11.5,76.75
DEMO-NLG-002,Demo Nilgiris location B,11.42,76.7,Tamil Nadu,Nilgiris,2017-10-04,1.1138476133346558,3.8894020318984985,19.874431550502777,11.5,76.75
DEMO-NLG-002,Demo Nilgiris location B,11.42,76.7,Tamil Nadu,Nilgiris,2017-10-05,5.590821743011475,6.70466935634613,11.660801351070404,11.5,76.75
DEMO-NLG-002,Demo Nilgiris location B,11.42,76.7,Tamil Nadu,Nilgiris,2017-10-06,10.323933601379395,17.028602957725525,21.737213253974915,11.5,76.75
DEMO-NLG-002,Demo Nilgiris location B,11.42,76.7,Tamil Nadu,Nilgiris,2017-10-07,3.0989420413970947,19.013697385787964,24.83615529537201,11.5,76.75
DEMO-NLG-002,Demo Nilgiris location B,11.42,76.7,Tamil Nadu,Nilgiris,2017-10-08,4.735072612762451,18.15794825553894,27.638172030448914,11.5,76.75
DEMO-NLG-002,Demo Nilgiris location B,11.42,76.7,Tamil Nadu,Nilgiris,2017-10-09,1.474345088005066,9.308359742164612,26.336962699890137,11.5,76.75
DEMO-NLG-002,Demo Nilgiris location B,11.42,76.7,Tamil Nadu,Nilgiris,2017-10-10,0.0,6.209417700767517,26.336962699890137,11.5,76.75
DEMO-NLG-002,Demo Nilgiris location B,11.42,76.7,Tamil Nadu,Nilgiris,2017-10-11,8.201794624328613,9.67613971233368,33.424909710884094,11.5,76.75
DEMO-NLG-002,Demo Nilgiris location B,11.42,76.7,Tamil Nadu,Nilgiris,2017-10-12,29.68256378173828,37.884358406066895,57.5166517496109,11.5,76.75
DEMO-NLG-002,Demo Nilgiris location B,11.42,76.7,Tamil Nadu,Nilgiris,2017-10-13,1.0699665546417236,38.95432496070862,48.26268470287323,11.5,76.75
DEMO-NLG-002,Demo Nilgiris location B,11.42,76.7,Tamil Nadu,Nilgiris,2017-10-14,11.794469833374023,42.54700016975403,56.95821249485016,11.5,76.75
DEMO-NLG-002,Demo Nilgiris location B,11.42,76.7,Tamil Nadu,Nilgiris,2017-10-15,9.0166654586792,21.881101846694946,61.23980534076691,11.5,76.75
DEMO-NLG-002,Demo Nilgiris location B,11.42,76.7,Tamil Nadu,Nilgiris,2017-10-16,0.12376084923744202,20.934896141290665,59.88922110199928,11.5,76.75
DEMO-NLG-002,Demo Nilgiris location B,11.42,76.7,Tamil Nadu,Nilgiris,2017-10-17,0.10313403606414795,9.24356034398079,59.99235513806343,11.5,76.75
DEMO-NLG-002,Demo Nilgiris location B,11.42,76.7,Tamil Nadu,Nilgiris,2017-10-18,0.0,0.22689488530158997,51.79056051373482,11.5,76.75
DEMO-NLG-002,Demo Nilgiris location B,11.42,76.7,Tamil Nadu,Nilgiris,2017-10-19,0.0,0.10313403606414795,22.107996731996536,11.5,76.75
DEMO-NLG-002,Demo Nilgiris location B,11.42,76.7,Tamil Nadu,Nilgiris,2017-10-20,0.0,0.0,21.038030177354813,11.5,76.75
DEMO-NLG-002,Demo Nilgiris location B,11.42,76.7,Tamil Nadu,Nilgiris,2017-10-21,0.0,0.0,9.24356034398079,11.5,76.75
DEMO-NLG-002,Demo Nilgiris location B,11.42,76.7,Tamil Nadu,Nilgiris,2017-10-22,0.34303605556488037,0.34303605556488037,0.5699309408664703,11.5,76.75
DEMO-NLG-002,Demo Nilgiris location B,11.42,76.7,Tamil Nadu,Nilgiris,2017-10-23,0.0,0.34303605556488037,0.4461700916290283,11.5,76.75
DEMO-NLG-002,Demo Nilgiris location B,11.42,76.7,Tamil Nadu,Nilgiris,2017-10-24,0.0,0.34303605556488037,0.34303605556488037,11.5,76.75
DEMO-NLG-002,Demo Nilgiris location B,11.42,76.7,Tamil Nadu,Nilgiris,2017-10-25,0.0,0.0,0.34303605556488037,11.5,76.75
DEMO-NLG-002,Demo Nilgiris location B,11.42,76.7,Tamil Nadu,Nilgiris,2017-10-26,24.076051712036133,24.076051712036133,24.419087767601013,11.5,76.75
DEMO-NLG-002,Demo Nilgiris location B,11.42,76.7,Tamil Nadu,Nilgiris,2017-10-27,0.9279409646987915,25.003992676734924,25.347028732299805,11.5,76.75
DEMO-NLG-002,Demo Nilgiris location B,11.42,76.7,Tamil Nadu,Nilgiris,2017-10-28,25.2904109954834,50.29440367221832,50.6374397277832,11.5,76.75
DEMO-NLG-002,Demo Nilgiris location B,11.42,76.7,Tamil Nadu,Nilgiris,2017-10-29,0.39768898487091064,26.6160409450531,50.69209265708923,11.5,76.75
DEMO-NLG-002,Demo Nilgiris location B,11.42,76.7,Tamil Nadu,Nilgiris,2017-10-30,0.0,25.68809998035431,50.69209265708923,11.5,76.75
DEMO-NLG-002,Demo Nilgiris location B,11.42,76.7,Tamil Nadu,Nilgiris,2017-10-31,1.140254020690918,1.5379430055618286,51.83234667778015,11.5,76.75
DEMO-NLG-002,Demo Nilgiris location B,11.42,76.7,Tamil Nadu,Nilgiris,2017-11-01,2.387422561645508,3.527676582336426,54.21976923942566,11.5,76.75
DEMO-NLG-002,Demo Nilgiris location B,11.42,76.7,Tamil Nadu,Nilgiris,2017-11-02,5.161329746246338,8.689006328582764,35.305047273635864,11.5,76.75
DEMO-NLG-002,Demo Nilgiris location B,11.42,76.7,Tamil Nadu,Nilgiris,2017-11-03,3.8752024173736572,11.423954725265503,38.25230872631073,11.5,76.75
DEMO-NLG-002,Demo Nilgiris location B,11.42,76.7,Tamil Nadu,Nilgiris,2017-11-04,0.0,9.036532163619995,12.961897730827332,11.5,76.75
DEMO-NLG-002,Demo Nilgiris location B,11.42,76.7,Tamil Nadu,Nilgiris,2017-11-05,28.904090881347656,32.77929329872131,41.46829962730408,11.5,76.75
DEMO-NLG-002,Demo Nilgiris location B,11.42,76.7,Tamil Nadu,Nilgiris,2017-11-06,4.033633708953857,32.937724590301514,45.501933336257935,11.5,76.75
DEMO-NLG-002,Demo Nilgiris location B,11.42,76.7,Tamil Nadu,Nilgiris,2017-11-07,41.815155029296875,74.75287961959839,86.17683434486389,11.5,76.75
DEMO-NLG-002,Demo Nilgiris location B,11.42,76.7,Tamil Nadu,Nilgiris,2017-11-08,10.163938522338867,56.0127272605896,93.95335030555725,11.5,76.75
DEMO-NLG-002,Demo Nilgiris location B,11.42,76.7,Tamil Nadu,Nilgiris,2017-11-09,6.319571018218994,58.298664569854736,95.11159157752991,11.5,76.75
DEMO-NLG-002,Demo Nilgiris location B,11.42,76.7,Tamil Nadu,Nilgiris,2017-11-10,0.0,16.48350954055786,91.23638916015625,11.5,76.75
DEMO-NLG-002,Demo Nilgiris location B,11.42,76.7,Tamil Nadu,Nilgiris,2017-11-11,0.0,6.319571018218994,91.23638916015625,11.5,76.75
DEMO-NLG-002,Demo Nilgiris location B,11.42,76.7,Tamil Nadu,Nilgiris,2017-11-12,0.0,0.0,62.332298278808594,11.5,76.75
DEMO-NLG-002,Demo Nilgiris location B,11.42,76.7,Tamil Nadu,Nilgiris,2017-11-13,0.0,0.0,58.298664569854736,11.5,76.75
DEMO-NLG-002,Demo Nilgiris location B,11.42,76.7,Tamil Nadu,Nilgiris,2017-11-14,0.0,0.0,16.48350954055786,11.5,76.75
DEMO-NLG-002,Demo Nilgiris location B,11.42,76.7,Tamil Nadu,Nilgiris,2017-11-15,0.0,0.0,6.319571018218994,11.5,76.75
DEMO-NLG-002,Demo Nilgiris location B,11.42,76.7,Tamil Nadu,Nilgiris,2017-11-16,0.5277844667434692,0.5277844667434692,0.5277844667434692,11.5,76.75
DEMO-NLG-002,Demo Nilgiris location B,11.42,76.7,Tamil Nadu,Nilgiris,2017-11-17,3.7763257026672363,4.304110169410706,4.304110169410706,11.5,76.75
DEMO-NLG-002,Demo Nilgiris location B,11.42,76.7,Tamil Nadu,Nilgiris,2017-11-18,36.98100662231445,41.28511679172516,41.28511679172516,11.5,76.75
DEMO-NLG-002,Demo Nilgiris location B,11.42,76.7,Tamil Nadu,Nilgiris,2017-11-19,5.04071569442749,45.79804801940918,46.32583248615265,11.5,76.75
DEMO-NLG-002,Demo Nilgiris location B,11.42,76.7,Tamil Nadu,Nilgiris,2017-11-20,1.5686002969741821,43.590322613716125,47.89443278312683,11.5,76.75
DEMO-NLG-002,Demo Nilgiris location B,11.42,76.7,Tamil Nadu,Nilgiris,2017-11-21,17.541790008544922,24.151105999946594,65.43622279167175,11.5,76.75
DEMO-NLG-002,Demo Nilgiris location B,11.42,76.7,Tamil Nadu,Nilgiris,2017-11-22,0.10605040192604065,19.216440707445145,65.5422731935978,11.5,76.75
DEMO-NLG-002,Demo Nilgiris location B,11.42,76.7,Tamil Nadu,Nilgiris,2017-11-23,0.0,17.647840410470963,65.01448872685432,11.5,76.75
DEMO-NLG-002,Demo Nilgiris location B,11.42,76.7,Tamil Nadu,Nilgiris,2017-11-24,0.0,0.10605040192604065,61.23816302418709,11.5,76.75
DEMO-NLG-002,Demo Nilgiris location B,11.42,76.7,Tamil Nadu,Nilgiris,2017-11-25,0.0,0.0,24.257156401872635,11.5,76.75
DEMO-NLG-002,Demo Nilgiris location B,11.42,76.7,Tamil Nadu,Nilgiris,2017-11-26,0.0,0.0,19.216440707445145,11.5,76.75
DEMO-NLG-002,Demo Nilgiris location B,11.42,76.7,Tamil Nadu,Nilgiris,2017-11-27,0.0,0.0,17.647840410470963,11.5,76.75
DEMO-NLG-002,Demo Nilgiris location B,11.42,76.7,Tamil Nadu,Nilgiris,2017-11-28,0.13256299495697021,0.13256299495697021,0.23861339688301086,11.5,76.75
DEMO-NLG-002,Demo Nilgiris location B,11.42,76.7,Tamil Nadu,Nilgiris,2017-11-29,0.0,0.13256299495697021,0.13256299495697021,11.5,76.75
DEMO-NLG-002,Demo Nilgiris location B,11.42,76.7,Tamil Nadu,Nilgiris,2017-11-30,3.7430315017700195,3.8755944967269897,3.8755944967269897,11.5,76.75
DEMO-NLG-002,Demo Nilgiris location B,11.42,76.7,Tamil Nadu,Nilgiris,2017-12-01,69.18521118164062,72.92824268341064,73.06080567836761,11.5,76.75
DEMO-NLG-002,Demo Nilgiris location B,11.42,76.7,Tamil Nadu,Nilgiris,2017-12-02,68.66706085205078,141.59530353546143,141.7278665304184,11.5,76.75
DEMO-NLG-002,Demo Nilgiris location B,11.42,76.7,Tamil Nadu,Nilgiris,2017-12-03,23.859010696411133,161.71128273010254,165.58687722682953,11.5,76.75
DEMO-NLG-002,Demo Nilgiris location B,11.42,76.7,Tamil Nadu,Nilgiris,2017-12-04,0.0,92.52607154846191,165.58687722682953,11.5,76.75
DEMO-NLG-002,Demo Nilgiris location B,11.42,76.7,Tamil Nadu,Nilgiris,2017-12-05,3.0840821266174316,26.943092823028564,168.53839635849,11.5,76.75
DEMO-NLG-002,Demo Nilgiris location B,11.42,76.7,Tamil Nadu,Nilgiris,2017-12-06,0.0,3.0840821266174316,168.53839635849,11.5,76.75
DEMO-NLG-002,Demo Nilgiris location B,11.42,76.7,Tamil Nadu,Nilgiris,2017-12-07,0.0,3.0840821266174316,164.79536485671997,11.5,76.75
DEMO-NLG-002,Demo Nilgiris location B,11.42,76.7,Tamil Nadu,Nilgiris,2017-12-08,0.0,0.0,95.61015367507935,11.5,76.75
DEMO-NLG-002,Demo Nilgiris location B,11.42,76.7,Tamil Nadu,Nilgiris,2017-12-09,0.0,0.0,26.943092823028564,11.5,76.75
DEMO-NLG-002,Demo Nilgiris location B,11.42,76.7,Tamil Nadu,Nilgiris,2017-12-10,0.0,0.0,3.0840821266174316,11.5,76.75
DEMO-NLG-002,Demo Nilgiris location B,11.42,76.7,Tamil Nadu,Nilgiris,2017-12-11,0.0,0.0,3.0840821266174316,11.5,76.75
DEMO-NLG-002,Demo Nilgiris location B,11.42,76.7,Tamil Nadu,Nilgiris,2017-12-12,0.0,0.0,0.0,11.5,76.75
DEMO-NLG-002,Demo Nilgiris location B,11.42,76.7,Tamil Nadu,Nilgiris,2017-12-13,0.0,0.0,0.0,11.5,76.75
DEMO-NLG-002,Demo Nilgiris location B,11.42,76.7,Tamil Nadu,Nilgiris,2017-12-14,15.93598747253418,15.93598747253418,15.93598747253418,11.5,76.75
DEMO-NLG-002,Demo Nilgiris location B,11.42,76.7,Tamil Nadu,Nilgiris,2017-12-15,1.2887039184570312,17.22469139099121,17.22469139099121,11.5,76.75
DEMO-NLG-002,Demo Nilgiris location B,11.42,76.7,Tamil Nadu,Nilgiris,2017-12-16,0.0,17.22469139099121,17.22469139099121,11.5,76.75
DEMO-NLG-002,Demo Nilgiris location B,11.42,76.7,Tamil Nadu,Nilgiris,2017-12-17,0.0,1.2887039184570312,17.22469139099121,11.5,76.75
DEMO-NLG-002,Demo Nilgiris location B,11.42,76.7,Tamil Nadu,Nilgiris,2017-12-18,0.0,0.0,17.22469139099121,11.5,76.75
DEMO-NLG-002,Demo Nilgiris location B,11.42,76.7,Tamil Nadu,Nilgiris,2017-12-19,0.0,0.0,17.22469139099121,11.5,76.75
DEMO-NLG-002,Demo Nilgiris location B,11.42,76.7,Tamil Nadu,Nilgiris,2017-12-20,0.0,0.0,17.22469139099121,11.5,76.75
DEMO-NLG-002,Demo Nilgiris location B,11.42,76.7,Tamil Nadu,Nilgiris,2017-12-21,0.0,0.0,1.2887039184570312,11.5,76.75
DEMO-NLG-002,Demo Nilgiris location B,11.42,76.7,Tamil Nadu,Nilgiris,2017-12-22,2.9750969409942627,2.9750969409942627,2.9750969409942627,11.5,76.75
DEMO-NLG-002,Demo Nilgiris location B,11.42,76.7,Tamil Nadu,Nilgiris,2017-12-23,0.0,2.9750969409942627,2.9750969409942627,11.5,76.75
DEMO-NLG-002,Demo Nilgiris location B,11.42,76.7,Tamil Nadu,Nilgiris,2017-12-24,0.0,2.9750969409942627,2.9750969409942627,11.5,76.75
DEMO-NLG-002,Demo Nilgiris location B,11.42,76.7,Tamil Nadu,Nilgiris,2017-12-25,0.0,0.0,2.9750969409942627,11.5,76.75
DEMO-NLG-002,Demo Nilgiris location B,11.42,76.7,Tamil Nadu,Nilgiris,2017-12-26,0.0,0.0,2.9750969409942627,11.5,76.75
DEMO-NLG-002,Demo Nilgiris location B,11.42,76.7,Tamil Nadu,Nilgiris,2017-12-27,0.0,0.0,2.9750969409942627,11.5,76.75
DEMO-NLG-002,Demo Nilgiris location B,11.42,76.7,Tamil Nadu,Nilgiris,2017-12-28,0.0,0.0,2.9750969409942627,11.5,76.75
DEMO-NLG-002,Demo Nilgiris location B,11.42,76.7,Tamil Nadu,Nilgiris,2017-12-29,0.0,0.0,0.0,11.5,76.75
DEMO-NLG-002,Demo Nilgiris location B,11.42,76.7,Tamil Nadu,Nilgiris,2017-12-30,0.0,0.0,0.0,11.5,76.75
DEMO-NLG-002,Demo Nilgiris location B,11.42,76.7,Tamil Nadu,Nilgiris,2017-12-31,0.0,0.0,0.0,11.5,76.75
DEMO-NLG-002,Demo Nilgiris location B,11.42,76.7,Tamil Nadu,Nilgiris,2019-01-01,0.0,,,11.5,76.75
DEMO-NLG-002,Demo Nilgiris location B,11.42,76.7,Tamil Nadu,Nilgiris,2019-01-02,0.0,,,11.5,76.75
DEMO-NLG-002,Demo Nilgiris location B,11.42,76.7,Tamil Nadu,Nilgiris,2019-01-03,0.0,0.0,,11.5,76.75
DEMO-NLG-002,Demo Nilgiris location B,11.42,76.7,Tamil Nadu,Nilgiris,2019-01-04,0.0,0.0,,11.5,76.75
DEMO-NLG-002,Demo Nilgiris location B,11.42,76.7,Tamil Nadu,Nilgiris,2019-01-05,0.0,0.0,,11.5,76.75
DEMO-NLG-002,Demo Nilgiris location B,11.42,76.7,Tamil Nadu,Nilgiris,2019-01-06,0.0,0.0,,11.5,76.75
DEMO-NLG-002,Demo Nilgiris location B,11.42,76.7,Tamil Nadu,Nilgiris,2019-01-07,0.0,0.0,0.0,11.5,76.75
DEMO-NLG-002,Demo Nilgiris location B,11.42,76.7,Tamil Nadu,Nilgiris,2019-01-08,0.0,0.0,0.0,11.5,76.75
DEMO-NLG-002,Demo Nilgiris location B,11.42,76.7,Tamil Nadu,Nilgiris,2019-01-09,0.0,0.0,0.0,11.5,76.75
DEMO-NLG-002,Demo Nilgiris location B,11.42,76.7,Tamil Nadu,Nilgiris,2019-01-10,0.0,0.0,0.0,11.5,76.75
DEMO-NLG-002,Demo Nilgiris location B,11.42,76.7,Tamil Nadu,Nilgiris,2019-01-11,0.0,0.0,0.0,11.5,76.75
DEMO-NLG-002,Demo Nilgiris location B,11.42,76.7,Tamil Nadu,Nilgiris,2019-01-12,0.0,0.0,0.0,11.5,76.75
DEMO-NLG-002,Demo Nilgiris location B,11.42,76.7,Tamil Nadu,Nilgiris,2019-01-13,0.0,0.0,0.0,11.5,76.75
DEMO-NLG-002,Demo Nilgiris location B,11.42,76.7,Tamil Nadu,Nilgiris,2019-01-14,0.0,0.0,0.0,11.5,76.75
DEMO-NLG-002,Demo Nilgiris location B,11.42,76.7,Tamil Nadu,Nilgiris,2019-01-15,0.0,0.0,0.0,11.5,76.75
DEMO-NLG-002,Demo Nilgiris location B,11.42,76.7,Tamil Nadu,Nilgiris,2019-01-16,0.0,0.0,0.0,11.5,76.75
DEMO-NLG-002,Demo Nilgiris location B,11.42,76.7,Tamil Nadu,Nilgiris,2019-01-17,0.0,0.0,0.0,11.5,76.75
DEMO-NLG-002,Demo Nilgiris location B,11.42,76.7,Tamil Nadu,Nilgiris,2019-01-18,0.0,0.0,0.0,11.5,76.75
DEMO-NLG-002,Demo Nilgiris location B,11.42,76.7,Tamil Nadu,Nilgiris,2019-01-19,0.0,0.0,0.0,11.5,76.75
DEMO-NLG-002,Demo Nilgiris location B,11.42,76.7,Tamil Nadu,Nilgiris,2019-01-20,0.0,0.0,0.0,11.5,76.75
DEMO-NLG-002,Demo Nilgiris location B,11.42,76.7,Tamil Nadu,Nilgiris,2019-01-21,0.0,0.0,0.0,11.5,76.75
DEMO-NLG-002,Demo Nilgiris location B,11.42,76.7,Tamil Nadu,Nilgiris,2019-01-22,0.0,0.0,0.0,11.5,76.75
DEMO-NLG-002,Demo Nilgiris location B,11.42,76.7,Tamil Nadu,Nilgiris,2019-01-23,0.0,0.0,0.0,11.5,76.75
DEMO-NLG-002,Demo Nilgiris location B,11.42,76.7,Tamil Nadu,Nilgiris,2019-01-24,0.0,0.0,0.0,11.5,76.75
DEMO-NLG-002,Demo Nilgiris location B,11.42,76.7,Tamil Nadu,Nilgiris,2019-01-25,0.0,0.0,0.0,11.5,76.75
DEMO-NLG-002,Demo Nilgiris location B,11.42,76.7,Tamil Nadu,Nilgiris,2019-01-26,0.0,0.0,0.0,11.5,76.75
DEMO-NLG-002,Demo Nilgiris location B,11.42,76.7,Tamil Nadu,Nilgiris,2019-01-27,0.0,0.0,0.0,11.5,76.75
DEMO-NLG-002,Demo Nilgiris location B,11.42,76.7,Tamil Nadu,Nilgiris,2019-01-28,0.0,0.0,0.0,11.5,76.75
DEMO-NLG-002,Demo Nilgiris location B,11.42,76.7,Tamil Nadu,Nilgiris,2019-01-29,0.0,0.0,0.0,11.5,76.75
DEMO-NLG-002,Demo Nilgiris location B,11.42,76.7,Tamil Nadu,Nilgiris,2019-01-30,0.0,0.0,0.0,11.5,76.75
DEMO-NLG-002,Demo Nilgiris location B,11.42,76.7,Tamil Nadu,Nilgiris,2019-01-31,0.0,0.0,0.0,11.5,76.75
DEMO-NLG-002,Demo Nilgiris location B,11.42,76.7,Tamil Nadu,Nilgiris,2019-02-01,0.0,0.0,0.0,11.5,76.75
DEMO-NLG-002,Demo Nilgiris location B,11.42,76.7,Tamil Nadu,Nilgiris,2019-02-02,0.0,0.0,0.0,11.5,76.75
DEMO-NLG-002,Demo Nilgiris location B,11.42,76.7,Tamil Nadu,Nilgiris,2019-02-03,0.0,0.0,0.0,11.5,76.75
DEMO-NLG-002,Demo Nilgiris location B,11.42,76.7,Tamil Nadu,Nilgiris,2019-02-04,0.0,0.0,0.0,11.5,76.75
DEMO-NLG-002,Demo Nilgiris location B,11.42,76.7,Tamil Nadu,Nilgiris,2019-02-05,0.0,0.0,0.0,11.5,76.75
DEMO-NLG-002,Demo Nilgiris location B,11.42,76.7,Tamil Nadu,Nilgiris,2019-02-06,0.0,0.0,0.0,11.5,76.75
DEMO-NLG-002,Demo Nilgiris location B,11.42,76.7,Tamil Nadu,Nilgiris,2019-02-07,0.0,0.0,0.0,11.5,76.75
DEMO-NLG-002,Demo Nilgiris location B,11.42,76.7,Tamil Nadu,Nilgiris,2019-02-08,0.0,0.0,0.0,11.5,76.75
DEMO-NLG-002,Demo Nilgiris location B,11.42,76.7,Tamil Nadu,Nilgiris,2019-02-09,0.0,0.0,0.0,11.5,76.75
DEMO-NLG-002,Demo Nilgiris location B,11.42,76.7,Tamil Nadu,Nilgiris,2019-02-10,0.0,0.0,0.0,11.5,76.75
DEMO-NLG-002,Demo Nilgiris location B,11.42,76.7,Tamil Nadu,Nilgiris,2019-02-11,1.3465220928192139,1.3465220928192139,1.3465220928192139,11.5,76.75
DEMO-NLG-002,Demo Nilgiris location B,11.42,76.7,Tamil Nadu,Nilgiris,2019-02-12,0.0,1.3465220928192139,1.3465220928192139,11.5,76.75
DEMO-NLG-002,Demo Nilgiris location B,11.42,76.7,Tamil Nadu,Nilgiris,2019-02-13,0.0,1.3465220928192139,1.3465220928192139,11.5,76.75
DEMO-NLG-002,Demo Nilgiris location B,11.42,76.7,Tamil Nadu,Nilgiris,2019-02-14,0.0,0.0,1.3465220928192139,11.5,76.75
DEMO-NLG-002,Demo Nilgiris location B,11.42,76.7,Tamil Nadu,Nilgiris,2019-02-15,0.0,0.0,1.3465220928192139,11.5,76.75
DEMO-NLG-002,Demo Nilgiris location B,11.42,76.7,Tamil Nadu,Nilgiris,2019-02-16,0.0,0.0,1.3465220928192139,11.5,76.75
DEMO-NLG-002,Demo Nilgiris location B,11.42,76.7,Tamil Nadu,Nilgiris,2019-02-17,0.0,0.0,1.3465220928192139,11.5,76.75
DEMO-NLG-002,Demo Nilgiris location B,11.42,76.7,Tamil Nadu,Nilgiris,2019-02-18,0.0,0.0,0.0,11.5,76.75
DEMO-NLG-002,Demo Nilgiris location B,11.42,76.7,Tamil Nadu,Nilgiris,2019-02-19,0.0,0.0,0.0,11.5,76.75
DEMO-NLG-002,Demo Nilgiris location B,11.42,76.7,Tamil Nadu,Nilgiris,2019-02-20,0.0,0.0,0.0,11.5,76.75
DEMO-NLG-002,Demo Nilgiris location B,11.42,76.7,Tamil Nadu,Nilgiris,2019-02-21,0.0,0.0,0.0,11.5,76.75
DEMO-NLG-002,Demo Nilgiris location B,11.42,76.7,Tamil Nadu,Nilgiris,2019-02-22,0.0,0.0,0.0,11.5,76.75
DEMO-NLG-002,Demo Nilgiris location B,11.42,76.7,Tamil Nadu,Nilgiris,2019-02-23,0.0,0.0,0.0,11.5,76.75
DEMO-NLG-002,Demo Nilgiris location B,11.42,76.7,Tamil Nadu,Nilgiris,2019-02-24,0.0,0.0,0.0,11.5,76.75
DEMO-NLG-002,Demo Nilgiris location B,11.42,76.7,Tamil Nadu,Nilgiris,2019-02-25,0.0,0.0,0.0,11.5,76.75
DEMO-NLG-002,Demo Nilgiris location B,11.42,76.7,Tamil Nadu,Nilgiris,2019-02-26,0.0,0.0,0.0,11.5,76.75
DEMO-NLG-002,Demo Nilgiris location B,11.42,76.7,Tamil Nadu,Nilgiris,2019-02-27,0.0,0.0,0.0,11.5,76.75
DEMO-NLG-002,Demo Nilgiris location B,11.42,76.7,Tamil Nadu,Nilgiris,2019-02-28,0.0,0.0,0.0,11.5,76.75
DEMO-NLG-002,Demo Nilgiris location B,11.42,76.7,Tamil Nadu,Nilgiris,2019-03-01,0.0,0.0,0.0,11.5,76.75
DEMO-NLG-002,Demo Nilgiris location B,11.42,76.7,Tamil Nadu,Nilgiris,2019-03-02,110.30152130126953,110.30152130126953,110.30152130126953,11.5,76.75
DEMO-NLG-002,Demo Nilgiris location B,11.42,76.7,Tamil Nadu,Nilgiris,2019-03-03,0.0,110.30152130126953,110.30152130126953,11.5,76.75
DEMO-NLG-002,Demo Nilgiris location B,11.42,76.7,Tamil Nadu,Nilgiris,2019-03-04,0.0,110.30152130126953,110.30152130126953,11.5,76.75
DEMO-NLG-002,Demo Nilgiris location B,11.42,76.7,Tamil Nadu,Nilgiris,2019-03-05,0.0,0.0,110.30152130126953,11.5,76.75
DEMO-NLG-002,Demo Nilgiris location B,11.42,76.7,Tamil Nadu,Nilgiris,2019-03-06,0.0,0.0,110.30152130126953,11.5,76.75
DEMO-NLG-002,Demo Nilgiris location B,11.42,76.7,Tamil Nadu,Nilgiris,2019-03-07,0.0,0.0,110.30152130126953,11.5,76.75
DEMO-NLG-002,Demo Nilgiris location B,11.42,76.7,Tamil Nadu,Nilgiris,2019-03-08,0.0,0.0,110.30152130126953,11.5,76.75
DEMO-NLG-002,Demo Nilgiris location B,11.42,76.7,Tamil Nadu,Nilgiris,2019-03-09,0.0,0.0,0.0,11.5,76.75
DEMO-NLG-002,Demo Nilgiris location B,11.42,76.7,Tamil Nadu,Nilgiris,2019-03-10,15.89906120300293,15.89906120300293,15.89906120300293,11.5,76.75
DEMO-NLG-002,Demo Nilgiris location B,11.42,76.7,Tamil Nadu,Nilgiris,2019-03-11,0.0,15.89906120300293,15.89906120300293,11.5,76.75
DEMO-NLG-002,Demo Nilgiris location B,11.42,76.7,Tamil Nadu,Nilgiris,2019-03-12,0.0,15.89906120300293,15.89906120300293,11.5,76.75
DEMO-NLG-002,Demo Nilgiris location B,11.42,76.7,Tamil Nadu,Nilgiris,2019-03-13,0.0,0.0,15.89906120300293,11.5,76.75
DEMO-NLG-002,Demo Nilgiris location B,11.42,76.7,Tamil Nadu,Nilgiris,2019-03-14,0.0,0.0,15.89906120300293,11.5,76.75
DEMO-NLG-002,Demo Nilgiris location B,11.42,76.7,Tamil Nadu,Nilgiris,2019-03-15,0.0,0.0,15.89906120300293,11.5,76.75
DEMO-NLG-002,Demo Nilgiris location B,11.42,76.7,Tamil Nadu,Nilgiris,2019-03-16,0.0,0.0,15.89906120300293,11.5,76.75
DEMO-NLG-002,Demo Nilgiris location B,11.42,76.7,Tamil Nadu,Nilgiris,2019-03-17,0.0,0.0,0.0,11.5,76.75
DEMO-NLG-002,Demo Nilgiris location B,11.42,76.7,Tamil Nadu,Nilgiris,2019-03-18,0.0,0.0,0.0,11.5,76.75
DEMO-NLG-002,Demo Nilgiris location B,11.42,76.7,Tamil Nadu,Nilgiris,2019-03-19,0.0,0.0,0.0,11.5,76.75
DEMO-NLG-002,Demo Nilgiris location B,11.42,76.7,Tamil Nadu,Nilgiris,2019-03-20,0.0,0.0,0.0,11.5,76.75
DEMO-NLG-002,Demo Nilgiris location B,11.42,76.7,Tamil Nadu,Nilgiris,2019-03-21,0.0,0.0,0.0,11.5,76.75
DEMO-NLG-002,Demo Nilgiris location B,11.42,76.7,Tamil Nadu,Nilgiris,2019-03-22,0.0,0.0,0.0,11.5,76.75
DEMO-NLG-002,Demo Nilgiris location B,11.42,76.7,Tamil Nadu,Nilgiris,2019-03-23,0.0,0.0,0.0,11.5,76.75
DEMO-NLG-002,Demo Nilgiris location B,11.42,76.7,Tamil Nadu,Nilgiris,2019-03-24,0.0,0.0,0.0,11.5,76.75
DEMO-NLG-002,Demo Nilgiris location B,11.42,76.7,Tamil Nadu,Nilgiris,2019-03-25,0.0,0.0,0.0,11.5,76.75
DEMO-NLG-002,Demo Nilgiris location B,11.42,76.7,Tamil Nadu,Nilgiris,2019-03-26,0.0,0.0,0.0,11.5,76.75
DEMO-NLG-002,Demo Nilgiris location B,11.42,76.7,Tamil Nadu,Nilgiris,2019-03-27,0.0,0.0,0.0,11.5,76.75
DEMO-NLG-002,Demo Nilgiris location B,11.42,76.7,Tamil Nadu,Nilgiris,2019-03-28,0.0,0.0,0.0,11.5,76.75
DEMO-NLG-002,Demo Nilgiris location B,11.42,76.7,Tamil Nadu,Nilgiris,2019-03-29,0.0,0.0,0.0,11.5,76.75
DEMO-NLG-002,Demo Nilgiris location B,11.42,76.7,Tamil Nadu,Nilgiris,2019-03-30,0.0,0.0,0.0,11.5,76.75
DEMO-NLG-002,Demo Nilgiris location B,11.42,76.7,Tamil Nadu,Nilgiris,2019-03-31,0.4105672240257263,0.4105672240257263,0.4105672240257263,11.5,76.75
DEMO-NLG-002,Demo Nilgiris location B,11.42,76.7,Tamil Nadu,Nilgiris,2019-04-01,0.0,0.4105672240257263,0.4105672240257263,11.5,76.75
DEMO-NLG-002,Demo Nilgiris location B,11.42,76.7,Tamil Nadu,Nilgiris,2019-04-02,0.0,0.4105672240257263,0.4105672240257263,11.5,76.75
DEMO-NLG-002,Demo Nilgiris location B,11.42,76.7,Tamil Nadu,Nilgiris,2019-04-03,0.0,0.0,0.4105672240257263,11.5,76.75
DEMO-NLG-002,Demo Nilgiris location B,11.42,76.7,Tamil Nadu,Nilgiris,2019-04-04,0.0,0.0,0.4105672240257263,11.5,76.75
DEMO-NLG-002,Demo Nilgiris location B,11.42,76.7,Tamil Nadu,Nilgiris,2019-04-05,0.0,0.0,0.4105672240257263,11.5,76.75
DEMO-NLG-002,Demo Nilgiris location B,11.42,76.7,Tamil Nadu,Nilgiris,2019-04-06,0.0,0.0,0.4105672240257263,11.5,76.75
DEMO-NLG-002,Demo Nilgiris location B,11.42,76.7,Tamil Nadu,Nilgiris,2019-04-07,0.0,0.0,0.0,11.5,76.75
DEMO-NLG-002,Demo Nilgiris location B,11.42,76.7,Tamil Nadu,Nilgiris,2019-04-08,0.0,0.0,0.0,11.5,76.75
DEMO-NLG-002,Demo Nilgiris location B,11.42,76.7,Tamil Nadu,Nilgiris,2019-04-09,0.0,0.0,0.0,11.5,76.75
DEMO-NLG-002,Demo Nilgiris location B,11.42,76.7,Tamil Nadu,Nilgiris,2019-04-10,0.0,0.0,0.0,11.5,76.75
DEMO-NLG-002,Demo Nilgiris location B,11.42,76.7,Tamil Nadu,Nilgiris,2019-04-11,0.0,0.0,0.0,11.5,76.75
DEMO-NLG-002,Demo Nilgiris location B,11.42,76.7,Tamil Nadu,Nilgiris,2019-04-12,0.0,0.0,0.0,11.5,76.75
DEMO-NLG-002,Demo Nilgiris location B,11.42,76.7,Tamil Nadu,Nilgiris,2019-04-13,0.0,0.0,0.0,11.5,76.75
DEMO-NLG-002,Demo Nilgiris location B,11.42,76.7,Tamil Nadu,Nilgiris,2019-04-14,0.0,0.0,0.0,11.5,76.75
DEMO-NLG-002,Demo Nilgiris location B,11.42,76.7,Tamil Nadu,Nilgiris,2019-04-15,0.0,0.0,0.0,11.5,76.75
DEMO-NLG-002,Demo Nilgiris location B,11.42,76.7,Tamil Nadu,Nilgiris,2019-04-16,0.0,0.0,0.0,11.5,76.75
DEMO-NLG-002,Demo Nilgiris location B,11.42,76.7,Tamil Nadu,Nilgiris,2019-04-17,0.0,0.0,0.0,11.5,76.75
DEMO-NLG-002,Demo Nilgiris location B,11.42,76.7,Tamil Nadu,Nilgiris,2019-04-18,27.41103744506836,27.41103744506836,27.41103744506836,11.5,76.75
DEMO-NLG-002,Demo Nilgiris location B,11.42,76.7,Tamil Nadu,Nilgiris,2019-04-19,17.414390563964844,44.8254280090332,44.8254280090332,11.5,76.75
DEMO-NLG-002,Demo Nilgiris location B,11.42,76.7,Tamil Nadu,Nilgiris,2019-04-20,3.1679654121398926,47.993393421173096,47.993393421173096,11.5,76.75
DEMO-NLG-002,Demo Nilgiris location B,11.42,76.7,Tamil Nadu,Nilgiris,2019-04-21,35.59339141845703,56.17574739456177,83.58678483963013,11.5,76.75
DEMO-NLG-002,Demo Nilgiris location B,11.42,76.7,Tamil Nadu,Nilgiris,2019-04-22,0.9900867938995361,39.75144362449646,84.57687163352966,11.5,76.75
DEMO-NLG-002,Demo Nilgiris location B,11.42,76.7,Tamil Nadu,Nilgiris,2019-04-23,3.3578290939331055,39.94130730628967,87.93470072746277,11.5,76.75
DEMO-NLG-002,Demo Nilgiris location B,11.42,76.7,Tamil Nadu,Nilgiris,2019-04-24,0.7517623901367188,5.09967827796936,88.68646311759949,11.5,76.75
DEMO-NLG-002,Demo Nilgiris location B,11.42,76.7,Tamil Nadu,Nilgiris,2019-04-25,0.0,4.109591484069824,61.27542567253113,11.5,76.75
DEMO-NLG-002,Demo Nilgiris location B,11.42,76.7,Tamil Nadu,Nilgiris,2019-04-26,0.0,0.7517623901367188,43.861035108566284,11.5,76.75
DEMO-NLG-002,Demo Nilgiris location B,11.42,76.7,Tamil Nadu,Nilgiris,2019-04-27,0.0,0.0,40.69306969642639,11.5,76.75
DEMO-NLG-002,Demo Nilgiris location B,11.42,76.7,Tamil Nadu,Nilgiris,2019-04-28,0.0,0.0,5.09967827796936,11.5,76.75
DEMO-NLG-002,Demo Nilgiris location B,11.42,76.7,Tamil Nadu,Nilgiris,2019-04-29,0.0,0.0,4.109591484069824,11.5,76.75
DEMO-NLG-002,Demo Nilgiris location B,11.42,76.7,Tamil Nadu,Nilgiris,2019-04-30,8.373372077941895,8.373372077941895,9.125134468078613,11.5,76.75
DEMO-NLG-002,Demo Nilgiris location B,11.42,76.7,Tamil Nadu,Nilgiris,2019-05-01,0.0,8.373372077941895,8.373372077941895,11.5,76.75
DEMO-NLG-002,Demo Nilgiris location B,11.42,76.7,Tamil Nadu,Nilgiris,2019-05-02,0.0,8.373372077941895,8.373372077941895,11.5,76.75
DEMO-NLG-002,Demo Nilgiris location B,11.42,76.7,Tamil Nadu,Nilgiris,2019-05-03,0.0,0.0,8.373372077941895,11.5,76.75
DEMO-NLG-002,Demo Nilgiris location B,11.42,76.7,Tamil Nadu,Nilgiris,2019-05-04,0.0,0.0,8.373372077941895,11.5,76.75
DEMO-NLG-002,Demo Nilgiris location B,11.42,76.7,Tamil Nadu,Nilgiris,2019-05-05,0.0,0.0,8.373372077941895,11.5,76.75
DEMO-NLG-002,Demo Nilgiris location B,11.42,76.7,Tamil Nadu,Nilgiris,2019-05-06,0.0,0.0,8.373372077941895,11.5,76.75
DEMO-NLG-002,Demo Nilgiris location B,11.42,76.7,Tamil Nadu,Nilgiris,2019-05-07,0.12376084923744202,0.12376084923744202,0.12376084923744202,11.5,76.75
DEMO-NLG-002,Demo Nilgiris location B,11.42,76.7,Tamil Nadu,Nilgiris,2019-05-08,1.3456634283065796,1.4694242775440216,1.4694242775440216,11.5,76.75
DEMO-NLG-002,Demo Nilgiris location B,11.42,76.7,Tamil Nadu,Nilgiris,2019-05-09,0.10313403606414795,1.5725583136081696,1.5725583136081696,11.5,76.75
DEMO-NLG-002,Demo Nilgiris location B,11.42,76.7,Tamil Nadu,Nilgiris,2019-05-10,2.929006576538086,4.3778040409088135,4.5015648901462555,11.5,76.75
DEMO-NLG-002,Demo Nilgiris location B,11.42,76.7,Tamil Nadu,Nilgiris,2019-05-11,0.0,3.032140612602234,4.5015648901462555,11.5,76.75
DEMO-NLG-002,Demo Nilgiris location B,11.42,76.7,Tamil Nadu,Nilgiris,2019-05-12,49.762943267822266,52.69194984436035,54.26450815796852,11.5,76.75
DEMO-NLG-002,Demo Nilgiris location B,11.42,76.7,Tamil Nadu,Nilgiris,2019-05-13,23.67647361755371,73.43941688537598,77.94098177552223,11.5,76.75
DEMO-NLG-002,Demo Nilgiris location B,11.42,76.7,Tamil Nadu,Nilgiris,2019-05-14,11.207427024841309,84.64684391021729,89.0246479511261,11.5,76.75
DEMO-NLG-002,Demo Nilgiris location B,11.42,76.7,Tamil Nadu,Nilgiris,2019-05-15,0.0,34.88390064239502,87.67898452281952,11.5,76.75
DEMO-NLG-002,Demo Nilgiris location B,11.42,76.7,Tamil Nadu,Nilgiris,2019-05-16,0.780008852481842,11.98743587732315,88.35585933923721,11.5,76.75
DEMO-NLG-002,Demo Nilgiris location B,11.42,76.7,Tamil Nadu,Nilgiris,2019-05-17,0.12376084923744202,0.9037697017192841,85.55061361193657,11.5,76.75
DEMO-NLG-002,Demo Nilgiris location B,11.42,76.7,Tamil Nadu,Nilgiris,2019-05-18,2.3567051887512207,3.2604748904705048,87.90731880068779,11.5,76.75
DEMO-NLG-002,Demo Nilgiris location B,11.42,76.7,Tamil Nadu,Nilgiris,2019-05-19,0.0,2.4804660379886627,38.144375532865524,11.5,76.75
DEMO-NLG-002,Demo Nilgiris location B,11.42,76.7,Tamil Nadu,Nilgiris,2019-05-20,0.0,2.3567051887512207,14.467901915311813,11.5,76.75
DEMO-NLG-002,Demo Nilgiris location B,11.42,76.7,Tamil Nadu,Nilgiris,2019-05-21,0.0,0.0,3.2604748904705048,11.5,76.75
DEMO-NLG-002,Demo Nilgiris location B,11.42,76.7,Tamil Nadu,Nilgiris,2019-05-22,0.22689487040042877,0.22689487040042877,3.4873697608709335,11.5,76.75
DEMO-NLG-002,Demo Nilgiris location B,11.42,76.7,Tamil Nadu,Nilgiris,2019-05-23,0.0,0.22689487040042877,2.7073609083890915,11.5,76.75
DEMO-NLG-002,Demo Nilgiris location B,11.42,76.7,Tamil Nadu,Nilgiris,2019-05-24,4.607844352722168,4.834739223122597,7.191444411873817,11.5,76.75
DEMO-NLG-002,Demo Nilgiris location B,11.42,76.7,Tamil Nadu,Nilgiris,2019-05-25,0.22689487040042877,4.834739223122597,5.0616340935230255,11.5,76.75
DEMO-NLG-002,Demo Nilgiris location B,11.42,76.7,Tamil Nadu,Nilgiris,2019-05-26,3.4601848125457764,8.294924035668373,8.521818906068802,11.5,76.75
DEMO-NLG-002,Demo Nilgiris location B,11.42,76.7,Tamil Nadu,Nilgiris,2019-05-27,3.8661117553710938,7.553191438317299,12.387930661439896,11.5,76.75
DEMO-NLG-002,Demo Nilgiris location B,11.42,76.7,Tamil Nadu,Nilgiris,2019-05-28,0.0,7.32629656791687,12.387930661439896,11.5,76.75
DEMO-NLG-002,Demo Nilgiris location B,11.42,76.7,Tamil Nadu,Nilgiris,2019-05-29,11.441662788391113,15.307774543762207,23.60269857943058,11.5,76.75
DEMO-NLG-002,Demo Nilgiris location B,11.42,76.7,Tamil Nadu,Nilgiris,2019-05-30,2.0705599784851074,13.51222276687622,25.673258557915688,11.5,76.75
DEMO-NLG-002,Demo Nilgiris location B,11.42,76.7,Tamil Nadu,Nilgiris,2019-05-31,1.9414116144180298,15.45363438129425,23.00682581961155,11.5,76.75
DEMO-NLG-002,Demo Nilgiris location B,11.42,76.7,Tamil Nadu,Nilgiris,2019-06-01,4.583362579345703,8.59533417224884,27.363293528556824,11.5,76.75
DEMO-NLG-002,Demo Nilgiris location B,11.42,76.7,Tamil Nadu,Nilgiris,2019-06-02,0.0,6.524774193763733,23.903108716011047,11.5,76.75
DEMO-NLG-002,Demo Nilgiris location B,11.42,76.7,Tamil Nadu,Nilgiris,2019-06-03,6.183334827423096,10.766697406768799,26.22033178806305,11.5,76.75
DEMO-NLG-002,Demo Nilgiris location B,11.42,76.7,Tamil Nadu,Nilgiris,2019-06-04,0.0,6.183334827423096,26.22033178806305,11.5,76.75
DEMO-NLG-002,Demo Nilgiris location B,11.42,76.7,Tamil Nadu,Nilgiris,2019-06-05,2.475644826889038,8.658979654312134,17.254313826560974,11.5,76.75
DEMO-NLG-002,Demo Nilgiris location B,11.42,76.7,Tamil Nadu,Nilgiris,2019-06-06,13.435001373291016,15.910646200180054,28.618755221366882,11.5,76.75
DEMO-NLG-002,Demo Nilgiris location B,11.42,76.7,Tamil Nadu,Nilgiris,2019-06-07,0.0,15.910646200180054,26.677343606948853,11.5,76.75
DEMO-NLG-002,Demo Nilgiris location B,11.42,76.7,Tamil Nadu,Nilgiris,2019-06-08,3.221759557723999,16.656760931015015,25.31574058532715,11.5,76.75
DEMO-NLG-002,Demo Nilgiris location B,11.42,76.7,Tamil Nadu,Nilgiris,2019-06-09,0.0,3.221759557723999,25.31574058532715,11.5,76.75
DEMO-NLG-002,Demo Nilgiris location B,11.42,76.7,Tamil Nadu,Nilgiris,2019-06-10,2.709970712661743,5.931730270385742,21.842376470565796,11.5,76.75
DEMO-NLG-002,Demo Nilgiris location B,11.42,76.7,Tamil Nadu,Nilgiris,2019-06-11,2.5581061840057373,5.2680768966674805,24.400482654571533,11.5,76.75
DEMO-NLG-002,Demo Nilgiris location B,11.42,76.7,Tamil Nadu,Nilgiris,2019-06-12,1.0030938386917114,6.271170735359192,22.927931666374207,11.5,76.75
DEMO-NLG-002,Demo Nilgiris location B,11.42,76.7,Tamil Nadu,Nilgiris,2019-06-13,0.0,3.5612000226974487,9.492930293083191,11.5,76.75
DEMO-NLG-002,Demo Nilgiris location B,11.42,76.7,Tamil Nadu,Nilgiris,2019-06-14,0.0,1.0030938386917114,9.492930293083191,11.5,76.75
DEMO-NLG-002,Demo Nilgiris location B,11.42,76.7,Tamil Nadu,Nilgiris,2019-06-15,0.0,0.0,6.271170735359192,11.5,76.75
DEMO-NLG-002,Demo Nilgiris location B,11.42,76.7,Tamil Nadu,Nilgiris,2019-06-16,0.0,0.0,6.271170735359192,11.5,76.75
DEMO-NLG-002,Demo Nilgiris location B,11.42,76.7,Tamil Nadu,Nilgiris,2019-06-17,0.0,0.0,3.5612000226974487,11.5,76.75
DEMO-NLG-002,Demo Nilgiris location B,11.42,76.7,Tamil Nadu,Nilgiris,2019-06-18,0.0,0.0,1.0030938386917114,11.5,76.75
DEMO-NLG-002,Demo Nilgiris location B,11.42,76.7,Tamil Nadu,Nilgiris,2019-06-19,0.0,0.0,0.0,11.5,76.75
DEMO-NLG-002,Demo Nilgiris location B,11.42,76.7,Tamil Nadu,Nilgiris,2019-06-20,1.9884449243545532,1.9884449243545532,1.9884449243545532,11.5,76.75
DEMO-NLG-002,Demo Nilgiris location B,11.42,76.7,Tamil Nadu,Nilgiris,2019-06-21,0.0,1.9884449243545532,1.9884449243545532,11.5,76.75
DEMO-NLG-002,Demo Nilgiris location B,11.42,76.7,Tamil Nadu,Nilgiris,2019-06-22,6.455221652984619,8.443666577339172,8.443666577339172,11.5,76.75
DEMO-NLG-002,Demo Nilgiris location B,11.42,76.7,Tamil Nadu,Nilgiris,2019-06-23,6.623673439025879,13.078895092010498,15.067340016365051,11.5,76.75
DEMO-NLG-002,Demo Nilgiris location B,11.42,76.7,Tamil Nadu,Nilgiris,2019-06-24,0.10313403606414795,13.182029128074646,15.1704740524292,11.5,76.75
DEMO-NLG-002,Demo Nilgiris location B,11.42,76.7,Tamil Nadu,Nilgiris,2019-06-25,1.9750455617904663,8.701853036880493,17.145519614219666,11.5,76.75
DEMO-NLG-002,Demo Nilgiris location B,11.42,76.7,Tamil Nadu,Nilgiris,2019-06-26,21.263614654541016,23.34179425239563,38.40913426876068,11.5,76.75
DEMO-NLG-002,Demo Nilgiris location B,11.42,76.7,Tamil Nadu,Nilgiris,2019-06-27,0.0,23.238660216331482,36.42068934440613,11.5,76.75
DEMO-NLG-002,Demo Nilgiris location B,11.42,76.7,Tamil Nadu,Nilgiris,2019-06-28,0.0,21.263614654541016,36.42068934440613,11.5,76.75
DEMO-NLG-002,Demo Nilgiris location B,11.42,76.7,Tamil Nadu,Nilgiris,2019-06-29,0.0,0.0,29.96546769142151,11.5,76.75
DEMO-NLG-002,Demo Nilgiris location B,11.42,76.7,Tamil Nadu,Nilgiris,2019-06-30,0.0,0.0,23.34179425239563,11.5,76.75
DEMO-NLG-002,Demo Nilgiris location B,11.42,76.7,Tamil Nadu,Nilgiris,2019-07-01,0.0,0.0,23.238660216331482,11.5,76.75
DEMO-NLG-002,Demo Nilgiris location B,11.42,76.7,Tamil Nadu,Nilgiris,2019-07-02,0.0,0.0,21.263614654541016,11.5,76.75
DEMO-NLG-002,Demo Nilgiris location B,11.42,76.7,Tamil Nadu,Nilgiris,2019-07-03,0.0,0.0,0.0,11.5,76.75
DEMO-NLG-002,Demo Nilgiris location B,11.42,76.7,Tamil Nadu,Nilgiris,2019-07-04,0.12376084923744202,0.12376084923744202,0.12376084923744202,11.5,76.75
DEMO-NLG-002,Demo Nilgiris location B,11.42,76.7,Tamil Nadu,Nilgiris,2019-07-05,0.1443876475095749,0.2681484967470169,0.2681484967470169,11.5,76.75
DEMO-NLG-002,Demo Nilgiris location B,11.42,76.7,Tamil Nadu,Nilgiris,2019-07-06,1.1008355617523193,1.3689840584993362,1.3689840584993362,11.5,76.75
DEMO-NLG-002,Demo Nilgiris location B,11.42,76.7,Tamil Nadu,Nilgiris,2019-07-07,2.4107091426849365,3.6559323519468307,3.7796932011842728,11.5,76.75
DEMO-NLG-002,Demo Nilgiris location B,11.42,76.7,Tamil Nadu,Nilgiris,2019-07-08,0.1443876475095749,3.6559323519468307,3.9240808486938477,11.5,76.75
DEMO-NLG-002,Demo Nilgiris location B,11.42,76.7,Tamil Nadu,Nilgiris,2019-07-09,0.7219382524490356,3.277035042643547,4.646019101142883,11.5,76.75
DEMO-NLG-002,Demo Nilgiris location B,11.42,76.7,Tamil Nadu,Nilgiris,2019-07-10,5.268949031829834,6.1352749317884445,9.914968132972717,11.5,76.75
DEMO-NLG-002,Demo Nilgiris location B,11.42,76.7,Tamil Nadu,Nilgiris,2019-07-11,0.3300289213657379,6.3209162056446075,10.121236205101013,11.5,76.75
DEMO-NLG-002,Demo Nilgiris location B,11.42,76.7,Tamil Nadu,Nilgiris,2019-07-12,0.9175641536712646,6.5165421068668365,10.894412711262703,11.5,76.75
DEMO-NLG-002,Demo Nilgiris location B,11.42,76.7,Tamil Nadu,Nilgiris,2019-07-13,3.484867811203003,4.7324608862400055,13.278444960713387,11.5,76.75
DEMO-NLG-002,Demo Nilgiris location B,11.42,76.7,Tamil Nadu,Nilgiris,2019-07-14,9.818227767944336,14.220659732818604,20.685963585972786,11.5,76.75
DEMO-NLG-002,Demo Nilgiris location B,11.42,76.7,Tamil Nadu,Nilgiris,2019-07-15,5.5553083419799805,18.85840392112732,26.09688428044319,11.5,76.75
DEMO-NLG-002,Demo Nilgiris location B,11.42,76.7,Tamil Nadu,Nilgiris,2019-07-16,28.043432235717773,43.41696834564209,53.41837826371193,11.5,76.75
DEMO-NLG-002,Demo Nilgiris location B,11.42,76.7,Tamil Nadu,Nilgiris,2019-07-17,2.371211051940918,35.96995162963867,50.52064028382301,11.5,76.75
DEMO-NLG-002,Demo Nilgiris location B,11.42,76.7,Tamil Nadu,Nilgiris,2019-07-18,0.16120463609695435,30.575847923755646,50.35181599855423,11.5,76.75
DEMO-NLG-002,Demo Nilgiris location B,11.42,76.7,Tamil Nadu,Nilgiris,2019-07-19,0.0,2.5324156880378723,49.434251844882965,11.5,76.75
DEMO-NLG-002,Demo Nilgiris location B,11.42,76.7,Tamil Nadu,Nilgiris,2019-07-20,1.8145649433135986,1.975769579410553,47.76394897699356,11.5,76.75
DEMO-NLG-002,Demo Nilgiris location B,11.42,76.7,Tamil Nadu,Nilgiris,2019-07-21,0.1443876475095749,1.9589525908231735,38.0901088565588,11.5,76.75
DEMO-NLG-002,Demo Nilgiris location B,11.42,76.7,Tamil Nadu,Nilgiris,2019-07-22,0.9794445633888245,2.938397154211998,33.514245077967644,11.5,76.75
DEMO-NLG-002,Demo Nilgiris location B,11.42,76.7,Tamil Nadu,Nilgiris,2019-07-23,4.611971855163574,5.735804066061974,10.082784697413445,11.5,76.75
DEMO-NLG-002,Demo Nilgiris location B,11.42,76.7,Tamil Nadu,Nilgiris,2019-07-24,0.0,5.591416418552399,7.7115736454725266,11.5,76.75
DEMO-NLG-002,Demo Nilgiris location B,11.42,76.7,Tamil Nadu,Nilgiris,2019-07-25,17.849878311157227,22.4618501663208,25.4002473205328,11.5,76.75
DEMO-NLG-002,Demo Nilgiris location B,11.42,76.7,Tamil Nadu,Nilgiris,2019-07-26,2.901803970336914,20.75168228149414,28.302051290869713,11.5,76.75
DEMO-NLG-002,Demo Nilgiris location B,11.42,76.7,Tamil Nadu,Nilgiris,2019-07-27,4.134260177612305,24.885942459106445,30.62174652516842,11.5,76.75
DEMO-NLG-002,Demo Nilgiris location B,11.42,76.7,Tamil Nadu,Nilgiris,2019-07-28,0.0,7.036064147949219,30.477358877658844,11.5,76.75
DEMO-NLG-002,Demo Nilgiris location B,11.42,76.7,Tamil Nadu,Nilgiris,2019-07-29,0.0,4.134260177612305,29.49791431427002,11.5,76.75
DEMO-NLG-002,Demo Nilgiris location B,11.42,76.7,Tamil Nadu,Nilgiris,2019-07-30,0.0,0.0,24.885942459106445,11.5,76.75
DEMO-NLG-002,Demo Nilgiris location B,11.42,76.7,Tamil Nadu,Nilgiris,2019-07-31,0.0,0.0,24.885942459106445,11.5,76.75
DEMO-NLG-002,Demo Nilgiris location B,11.42,76.7,Tamil Nadu,Nilgiris,2019-08-01,0.0,0.0,7.036064147949219,11.5,76.75
DEMO-NLG-002,Demo Nilgiris location B,11.42,76.7,Tamil Nadu,Nilgiris,2019-08-02,0.0,0.0,4.134260177612305,11.5,76.75
DEMO-NLG-002,Demo Nilgiris location B,11.42,76.7,Tamil Nadu,Nilgiris,2019-08-03,0.30940210819244385,0.30940210819244385,0.30940210819244385,11.5,76.75
DEMO-NLG-002,Demo Nilgiris location B,11.42,76.7,Tamil Nadu,Nilgiris,2019-08-04,1.2533093690872192,1.562711477279663,1.562711477279663,11.5,76.75
DEMO-NLG-002,Demo Nilgiris location B,11.42,76.7,Tamil Nadu,Nilgiris,2019-08-05,8.606406211853027,10.16911768913269,10.16911768913269,11.5,76.75
DEMO-NLG-002,Demo Nilgiris location B,11.42,76.7,Tamil Nadu,Nilgiris,2019-08-06,3.4333057403564453,13.293021321296692,13.602423429489136,11.5,76.75
DEMO-NLG-002,Demo Nilgiris location B,11.42,76.7,Tamil Nadu,Nilgiris,2019-08-07,26.760801315307617,38.80051326751709,40.36322474479675,11.5,76.75
DEMO-NLG-002,Demo Nilgiris location B,11.42,76.7,Tamil Nadu,Nilgiris,2019-08-08,12.906766891479492,43.100873947143555,53.269991636276245,11.5,76.75
DEMO-NLG-002,Demo Nilgiris location B,11.42,76.7,Tamil Nadu,Nilgiris,2019-08-09,84.43251037597656,124.10007858276367,137.7025020122528,11.5,76.75
DEMO-NLG-002,Demo Nilgiris location B,11.42,76.7,Tamil Nadu,Nilgiris,2019-08-10,18.947816848754883,116.28709411621094,156.34091675281525,11.5,76.75
DEMO-NLG-002,Demo Nilgiris location B,11.42,76.7,Tamil Nadu,Nilgiris,2019-08-11,3.2032456398010254,106.58357286453247,158.29085302352905,11.5,76.75
DEMO-NLG-002,Demo Nilgiris location B,11.42,76.7,Tamil Nadu,Nilgiris,2019-08-12,0.16501446068286896,22.316076949238777,149.8494612723589,11.5,76.75
DEMO-NLG-002,Demo Nilgiris location B,11.42,76.7,Tamil Nadu,Nilgiris,2019-08-13,0.0,3.3682601004838943,146.41615553200245,11.5,76.75
DEMO-NLG-002,Demo Nilgiris location B,11.42,76.7,Tamil Nadu,Nilgiris,2019-08-14,0.2887752950191498,0.45378975570201874,119.94412951171398,11.5,76.75
DEMO-NLG-002,Demo Nilgiris location B,11.42,76.7,Tamil Nadu,Nilgiris,2019-08-15,8.315078735351562,8.603854030370712,115.35244135558605,11.5,76.75
DEMO-NLG-002,Demo Nilgiris location B,11.42,76.7,Tamil Nadu,Nilgiris,2019-08-16,0.1443876475095749,8.748241677880287,31.064318627119064,11.5,76.75
DEMO-NLG-002,Demo Nilgiris location B,11.42,76.7,Tamil Nadu,Nilgiris,2019-08-17,6.763745307922363,15.2232116907835,18.880247086286545,11.5,76.75
DEMO-NLG-002,Demo Nilgiris location B,11.42,76.7,Tamil Nadu,Nilgiris,2019-08-18,3.2934470176696777,10.201579973101616,18.970448464155197,11.5,76.75
DEMO-NLG-002,Demo Nilgiris location B,11.42,76.7,Tamil Nadu,Nilgiris,2019-08-19,0.0,10.057192325592041,18.805434003472328,11.5,76.75
DEMO-NLG-002,Demo Nilgiris location B,11.42,76.7,Tamil Nadu,Nilgiris,2019-08-20,4.901217937469482,8.19466495513916,23.70665194094181,11.5,76.75
DEMO-NLG-002,Demo Nilgiris location B,11.42,76.7,Tamil Nadu,Nilgiris,2019-08-21,9.880334854125977,14.781552791595459,33.29821150004864,11.5,76.75
DEMO-NLG-002,Demo Nilgiris location B,11.42,76.7,Tamil Nadu,Nilgiris,2019-08-22,0.2887752950191498,15.070328086614609,25.271908059716225,11.5,76.75
DEMO-NLG-002,Demo Nilgiris location B,11.42,76.7,Tamil Nadu,Nilgiris,2019-08-23,0.0,10.169110149145126,25.12752041220665,11.5,76.75
DEMO-NLG-002,Demo Nilgiris location B,11.42,76.7,Tamil Nadu,Nilgiris,2019-08-24,0.0,0.2887752950191498,18.363775104284286,11.5,76.75
DEMO-NLG-002,Demo Nilgiris location B,11.42,76.7,Tamil Nadu,Nilgiris,2019-08-25,0.0,0.0,15.070328086614609,11.5,76.75
DEMO-NLG-002,Demo Nilgiris location B,11.42,76.7,Tamil Nadu,Nilgiris,2019-08-26,17.8292236328125,17.8292236328125,32.89955171942711,11.5,76.75
DEMO-NLG-002,Demo Nilgiris location B,11.42,76.7,Tamil Nadu,Nilgiris,2019-08-27,1.390420913696289,19.21964454650879,29.388754695653915,11.5,76.75
DEMO-NLG-002,Demo Nilgiris location B,11.42,76.7,Tamil Nadu,Nilgiris,2019-08-28,0.22689487040042877,19.446539416909218,19.735314711928368,11.5,76.75
DEMO-NLG-002,Demo Nilgiris location B,11.42,76.7,Tamil Nadu,Nilgiris,2019-08-29,0.10313403606414795,1.7204498201608658,19.549673452973366,11.5,76.75
DEMO-NLG-002,Demo Nilgiris location B,11.42,76.7,Tamil Nadu,Nilgiris,2019-08-30,6.4951701164245605,6.825199022889137,26.044843569397926,11.5,76.75
DEMO-NLG-002,Demo Nilgiris location B,11.42,76.7,Tamil Nadu,Nilgiris,2019-08-31,0.0,6.5983041524887085,26.044843569397926,11.5,76.75
DEMO-NLG-002,Demo Nilgiris location B,11.42,76.7,Tamil Nadu,Nilgiris,2019-09-01,0.0,6.4951701164245605,26.044843569397926,11.5,76.75
DEMO-NLG-002,Demo Nilgiris location B,11.42,76.7,Tamil Nadu,Nilgiris,2019-09-02,2.679236650466919,2.679236650466919,10.894856587052345,11.5,76.75
DEMO-NLG-002,Demo Nilgiris location B,11.42,76.7,Tamil Nadu,Nilgiris,2019-09-03,2.784142255783081,5.46337890625,12.288577929139137,11.5,76.75
DEMO-NLG-002,Demo Nilgiris location B,11.42,76.7,Tamil Nadu,Nilgiris,2019-09-04,6.315518379211426,11.778897285461426,18.377201437950134,11.5,76.75
DEMO-NLG-002,Demo Nilgiris location B,11.42,76.7,Tamil Nadu,Nilgiris,2019-09-05,4.453073978424072,13.552734613418579,22.72714138031006,11.5,76.75
DEMO-NLG-002,Demo Nilgiris location B,11.42,76.7,Tamil Nadu,Nilgiris,2019-09-06,0.2062680721282959,10.974860429763794,16.438239336013794,11.5,76.75
DEMO-NLG-002,Demo Nilgiris location B,11.42,76.7,Tamil Nadu,Nilgiris,2019-09-07,0.0,4.659342050552368,16.438239336013794,11.5,76.75
DEMO-NLG-002,Demo Nilgiris location B,11.42,76.7,Tamil Nadu,Nilgiris,2019-09-08,0.0,0.2062680721282959,16.438239336013794,11.5,76.75
DEMO-NLG-002,Demo Nilgiris location B,11.42,76.7,Tamil Nadu,Nilgiris,2019-09-09,0.2062680721282959,0.2062680721282959,13.965270757675171,11.5,76.75
DEMO-NLG-002,Demo Nilgiris location B,11.42,76.7,Tamil Nadu,Nilgiris,2019-09-10,0.0,0.2062680721282959,11.18112850189209,11.5,76.75
DEMO-NLG-002,Demo Nilgiris location B,11.42,76.7,Tamil Nadu,Nilgiris,2019-09-11,0.0,0.2062680721282959,4.865610122680664,11.5,76.75
DEMO-NLG-002,Demo Nilgiris location B,11.42,76.7,Tamil Nadu,Nilgiris,2019-09-12,5.536617755889893,5.536617755889893,5.949153900146484,11.5,76.75
DEMO-NLG-002,Demo Nilgiris location B,11.42,76.7,Tamil Nadu,Nilgiris,2019-09-13,0.0,5.536617755889893,5.7428858280181885,11.5,76.75
DEMO-NLG-002,Demo Nilgiris location B,11.42,76.7,Tamil Nadu,Nilgiris,2019-09-14,0.0,5.536617755889893,5.7428858280181885,11.5,76.75
DEMO-NLG-002,Demo Nilgiris location B,11.42,76.7,Tamil Nadu,Nilgiris,2019-09-15,0.0,0.0,5.7428858280181885,11.5,76.75
DEMO-NLG-002,Demo Nilgiris location B,11.42,76.7,Tamil Nadu,Nilgiris,2019-09-16,1.0222728252410889,1.0222728252410889,6.5588905811309814,11.5,76.75
DEMO-NLG-002,Demo Nilgiris location B,11.42,76.7,Tamil Nadu,Nilgiris,2019-09-17,7.511321544647217,8.533594369888306,14.070212125778198,11.5,76.75
DEMO-NLG-002,Demo Nilgiris location B,11.42,76.7,Tamil Nadu,Nilgiris,2019-09-18,0.0,8.533594369888306,14.070212125778198,11.5,76.75
DEMO-NLG-002,Demo Nilgiris location B,11.42,76.7,Tamil Nadu,Nilgiris,2019-09-19,0.8858999609947205,8.397221505641937,9.419494330883026,11.5,76.75
DEMO-NLG-002,Demo Nilgiris location B,11.42,76.7,Tamil Nadu,Nilgiris,2019-09-20,7.861093521118164,8.746993482112885,17.28058785200119,11.5,76.75
DEMO-NLG-002,Demo Nilgiris location B,11.42,76.7,Tamil Nadu,Nilgiris,2019-09-21,0.6443519592285156,9.3913454413414,17.924939811229706,11.5,76.75
DEMO-NLG-002,Demo Nilgiris location B,11.42,76.7,Tamil Nadu,Nilgiris,2019-09-22,20.85916519165039,29.36461067199707,38.784105002880096,11.5,76.75
DEMO-NLG-002,Demo Nilgiris location B,11.42,76.7,Tamil Nadu,Nilgiris,2019-09-23,20.812206268310547,42.31572341918945,58.574038445949554,11.5,76.75
DEMO-NLG-002,Demo Nilgiris location B,11.42,76.7,Tamil Nadu,Nilgiris,2019-09-24,49.21826934814453,90.88964080810547,100.28098624944687,11.5,76.75
DEMO-NLG-002,Demo Nilgiris location B,11.42,76.7,Tamil Nadu,Nilgiris,2019-09-25,5.85426139831543,75.88473701477051,106.1352476477623,11.5,76.75
DEMO-NLG-002,Demo Nilgiris location B,11.42,76.7,Tamil Nadu,Nilgiris,2019-09-26,1.606979489326477,56.67951023578644,106.85632717609406,11.5,76.75
DEMO-NLG-002,Demo Nilgiris location B,11.42,76.7,Tamil Nadu,Nilgiris,2019-09-27,0.12376084923744202,7.585001736879349,99.11899450421333,11.5,76.75
DEMO-NLG-002,Demo Nilgiris location B,11.42,76.7,Tamil Nadu,Nilgiris,2019-09-28,8.617949485778809,10.348689824342728,107.09259203076363,11.5,76.75
DEMO-NLG-002,Demo Nilgiris location B,11.42,76.7,Tamil Nadu,Nilgiris,2019-09-29,2.4633078575134277,11.205018192529678,88.69673469662666,11.5,76.75
DEMO-NLG-002,Demo Nilgiris location B,11.42,76.7,Tamil Nadu,Nilgiris,2019-09-30,38.579856872558594,49.66111421585083,106.46438530087471,11.5,76.75
DEMO-NLG-002,Demo Nilgiris location B,11.42,76.7,Tamil Nadu,Nilgiris,2019-10-01,0.6127592325210571,41.65592396259308,57.858875185251236,11.5,76.75
DEMO-NLG-002,Demo Nilgiris location B,11.42,76.7,Tamil Nadu,Nilgiris,2019-10-02,8.460563659667969,47.65317976474762,60.465177446603775,11.5,76.75
DEMO-NLG-002,Demo Nilgiris location B,11.42,76.7,Tamil Nadu,Nilgiris,2019-10-03,28.134666442871094,37.20798933506012,86.99286440014839,11.5,76.75
DEMO-NLG-002,Demo Nilgiris location B,11.42,76.7,Tamil Nadu,Nilgiris,2019-10-04,1.2346522808074951,37.82988238334656,88.10375583171844,11.5,76.75
DEMO-NLG-002,Demo Nilgiris location B,11.42,76.7,Tamil Nadu,Nilgiris,2019-10-05,1.768507957458496,31.137826681137085,81.25431430339813,11.5,76.75
DEMO-NLG-002,Demo Nilgiris location B,11.42,76.7,Tamil Nadu,Nilgiris,2019-10-06,5.505349159240723,8.508509397506714,84.29635560512543,11.5,76.75
DEMO-NLG-002,Demo Nilgiris location B,11.42,76.7,Tamil Nadu,Nilgiris,2019-10-07,40.145267486572266,47.419124603271484,85.8617662191391,11.5,76.75
DEMO-NLG-002,Demo Nilgiris location B,11.42,76.7,Tamil Nadu,Nilgiris,2019-10-08,16.048707962036133,61.69932460784912,101.29771494865417,11.5,76.75
DEMO-NLG-002,Demo Nilgiris location B,11.42,76.7,Tamil Nadu,Nilgiris,2019-10-09,0.0,56.1939754486084,92.8371512889862,11.5,76.75
DEMO-NLG-002,Demo Nilgiris location B,11.42,76.7,Tamil Nadu,Nilgiris,2019-10-10,1.855881929397583,17.904589891433716,66.5583667755127,11.5,76.75
DEMO-NLG-002,Demo Nilgiris location B,11.42,76.7,Tamil Nadu,Nilgiris,2019-10-11,0.9665279388427734,2.8224098682403564,66.29024243354797,11.5,76.75
DEMO-NLG-002,Demo Nilgiris location B,11.42,76.7,Tamil Nadu,Nilgiris,2019-10-12,37.86502456665039,40.68743443489075,102.38675904273987,11.5,76.75
DEMO-NLG-002,Demo Nilgiris location B,11.42,76.7,Tamil Nadu,Nilgiris,2019-10-13,18.856441497802734,57.6879940032959,115.73785138130188,11.5,76.75
DEMO-NLG-002,Demo Nilgiris location B,11.42,76.7,Tamil Nadu,Nilgiris,2019-10-14,35.210289001464844,91.93175506591797,110.80287289619446,11.5,76.75
DEMO-NLG-002,Demo Nilgiris location B,11.42,76.7,Tamil Nadu,Nilgiris,2019-10-15,51.66426467895508,105.73099517822266,146.4184296131134,11.5,76.75
DEMO-NLG-002,Demo Nilgiris location B,11.42,76.7,Tamil Nadu,Nilgiris,2019-10-16,12.485593795776367,99.36014747619629,158.90402340888977,11.5,76.75
DEMO-NLG-002,Demo Nilgiris location B,11.42,76.7,Tamil Nadu,Nilgiris,2019-10-17,42.17631149291992,106.32616996765137,199.2244529724121,11.5,76.75
DEMO-NLG-002,Demo Nilgiris location B,11.42,76.7,Tamil Nadu,Nilgiris,2019-10-18,39.634056091308594,94.29596138000488,237.89198112487793,11.5,76.75
DEMO-NLG-002,Demo Nilgiris location B,11.42,76.7,Tamil Nadu,Nilgiris,2019-10-19,33.235595703125,115.04596328735352,233.26255226135254,11.5,76.75
DEMO-NLG-002,Demo Nilgiris location B,11.42,76.7,Tamil Nadu,Nilgiris,2019-10-20,35.34307098388672,108.21272277832031,249.74918174743652,11.5,76.75
DEMO-NLG-002,Demo Nilgiris location B,11.42,76.7,Tamil Nadu,Nilgiris,2019-10-21,57.23686218261719,125.8155288696289,271.77575492858887,11.5,76.75
DEMO-NLG-002,Demo Nilgiris location B,11.42,76.7,Tamil Nadu,Nilgiris,2019-10-22,7.877623081207275,100.45755624771118,227.98911333084106,11.5,76.75
DEMO-NLG-002,Demo Nilgiris location B,11.42,76.7,Tamil Nadu,Nilgiris,2019-10-23,0.46298709511756897,65.57747235894203,215.96650663018227,11.5,76.75
DEMO-NLG-002,Demo Nilgiris location B,11.42,76.7,Tamil Nadu,Nilgiris,2019-10-24,1.7188442945480347,10.059454470872879,175.50903943181038,11.5,76.75
DEMO-NLG-002,Demo Nilgiris location B,11.42,76.7,Tamil Nadu,Nilgiris,2019-10-25,0.22689487040042877,2.4087262600660324,136.1018782109022,11.5,76.75
DEMO-NLG-002,Demo Nilgiris location B,11.42,76.7,Tamil Nadu,Nilgiris,2019-10-26,0.1443876475095749,2.0901268124580383,103.01067015528679,11.5,76.75
DEMO-NLG-002,Demo Nilgiris location B,11.42,76.7,Tamil Nadu,Nilgiris,2019-10-27,0.9722201228141785,1.3435026407241821,68.63981929421425,11.5,76.75
DEMO-NLG-002,Demo Nilgiris location B,11.42,76.7,Tamil Nadu,Nilgiris,2019-10-28,0.5362969636917114,1.6529047340154648,11.939254075288773,11.5,76.75
DEMO-NLG-002,Demo Nilgiris location B,11.42,76.7,Tamil Nadu,Nilgiris,2019-10-29,0.0,1.50851708650589,4.061630994081497,11.5,76.75
DEMO-NLG-002,Demo Nilgiris location B,11.42,76.7,Tamil Nadu,Nilgiris,2019-10-30,33.859615325927734,34.395912289619446,37.45825922489166,11.5,76.75
DEMO-NLG-002,Demo Nilgiris location B,11.42,76.7,Tamil Nadu,Nilgiris,2019-10-31,77.40776824951172,111.26738357543945,113.14718317985535,11.5,76.75
DEMO-NLG-002,Demo Nilgiris location B,11.42,76.7,Tamil Nadu,Nilgiris,2019-11-01,10.469745635986328,121.73712921142578,123.39003394544125,11.5,76.75
DEMO-NLG-002,Demo Nilgiris location B,11.42,76.7,Tamil Nadu,Nilgiris,2019-11-02,0.0,87.87751388549805,123.24564629793167,11.5,76.75
DEMO-NLG-002,Demo Nilgiris location B,11.42,76.7,Tamil Nadu,Nilgiris,2019-11-03,0.0,10.469745635986328,122.27342617511749,11.5,76.75
DEMO-NLG-002,Demo Nilgiris location B,11.42,76.7,Tamil Nadu,Nilgiris,2019-11-04,0.0,0.0,121.73712921142578,11.5,76.75
DEMO-NLG-002,Demo Nilgiris location B,11.42,76.7,Tamil Nadu,Nilgiris,2019-11-05,0.0,0.0,121.73712921142578,11.5,76.75
DEMO-NLG-002,Demo Nilgiris location B,11.42,76.7,Tamil Nadu,Nilgiris,2019-11-06,0.0,0.0,87.87751388549805,11.5,76.75
DEMO-NLG-002,Demo Nilgiris location B,11.42,76.7,Tamil Nadu,Nilgiris,2019-11-07,0.47980406880378723,0.47980406880378723,10.949549704790115,11.5,76.75
DEMO-NLG-002,Demo Nilgiris location B,11.42,76.7,Tamil Nadu,Nilgiris,2019-11-08,1.5538299083709717,2.033633977174759,2.033633977174759,11.5,76.75
DEMO-NLG-002,Demo Nilgiris location B,11.42,76.7,Tamil Nadu,Nilgiris,2019-11-09,1.1502386331558228,3.1838726103305817,3.1838726103305817,11.5,76.75
DEMO-NLG-002,Demo Nilgiris location B,11.42,76.7,Tamil Nadu,Nilgiris,2019-11-10,2.523024320602417,5.227092862129211,5.706896930932999,11.5,76.75
DEMO-NLG-002,Demo Nilgiris location B,11.42,76.7,Tamil Nadu,Nilgiris,2019-11-11,0.909477949142456,4.582740902900696,6.616374880075455,11.5,76.75
DEMO-NLG-002,Demo Nilgiris location B,11.42,76.7,Tamil Nadu,Nilgiris,2019-11-12,15.068977355957031,18.501479625701904,21.685352236032486,11.5,76.75
DEMO-NLG-002,Demo Nilgiris location B,11.42,76.7,Tamil Nadu,Nilgiris,2019-11-13,0.0,15.978455305099487,21.685352236032486,11.5,76.75
DEMO-NLG-002,Demo Nilgiris location B,11.42,76.7,Tamil Nadu,Nilgiris,2019-11-14,0.0,15.068977355957031,21.2055481672287,11.5,76.75
DEMO-NLG-002,Demo Nilgiris location B,11.42,76.7,Tamil Nadu,Nilgiris,2019-11-15,0.26512598991394043,0.26512598991394043,19.916844248771667,11.5,76.75
DEMO-NLG-002,Demo Nilgiris location B,11.42,76.7,Tamil Nadu,Nilgiris,2019-11-16,44.50802230834961,44.77314829826355,63.274627923965454,11.5,76.75
DEMO-NLG-002,Demo Nilgiris location B,11.42,76.7,Tamil Nadu,Nilgiris,2019-11-17,58.15531921386719,102.92846751213074,118.90692281723022,11.5,76.75
DEMO-NLG-002,Demo Nilgiris location B,11.42,76.7,Tamil Nadu,Nilgiris,2019-11-18,0.13256299495697021,102.79590451717377,118.13000786304474,11.5,76.75
DEMO-NLG-002,Demo Nilgiris location B,11.42,76.7,Tamil Nadu,Nilgiris,2019-11-19,6.341121673583984,64.62900388240814,109.40215218067169,11.5,76.75
DEMO-NLG-002,Demo Nilgiris location B,11.42,76.7,Tamil Nadu,Nilgiris,2019-11-20,0.26512598991394043,6.738810658454895,109.66727817058563,11.5,76.75
DEMO-NLG-002,Demo Nilgiris location B,11.42,76.7,Tamil Nadu,Nilgiris,2019-11-21,25.82272720336914,32.428974866867065,135.49000537395477,11.5,76.75
DEMO-NLG-002,Demo Nilgiris location B,11.42,76.7,Tamil Nadu,Nilgiris,2019-11-22,21.625530242919922,47.713383436203,156.85040962696075,11.5,76.75
DEMO-NLG-002,Demo Nilgiris location B,11.42,76.7,Tamil Nadu,Nilgiris,2019-11-23,6.801675319671631,54.24993276596069,119.14406263828278,11.5,76.75
DEMO-NLG-002,Demo Nilgiris location B,11.42,76.7,Tamil Nadu,Nilgiris,2019-11-24,0.0,28.427205562591553,60.98874342441559,11.5,76.75
DEMO-NLG-002,Demo Nilgiris location B,11.42,76.7,Tamil Nadu,Nilgiris,2019-11-25,0.909477949142456,7.711153268814087,61.765658378601074,11.5,76.75
DEMO-NLG-002,Demo Nilgiris location B,11.42,76.7,Tamil Nadu,Nilgiris,2019-11-26,0.0,0.909477949142456,55.42453670501709,11.5,76.75
DEMO-NLG-002,Demo Nilgiris location B,11.42,76.7,Tamil Nadu,Nilgiris,2019-11-27,0.6443519592285156,1.5538299083709717,55.803762674331665,11.5,76.75
DEMO-NLG-002,Demo Nilgiris location B,11.42,76.7,Tamil Nadu,Nilgiris,2019-11-28,7.556191921234131,8.200543880462646,37.537227392196655,11.5,76.75
DEMO-NLG-002,Demo Nilgiris location B,11.42,76.7,Tamil Nadu,Nilgiris,2019-11-29,7.3743977546691895,15.574941635131836,23.286094903945923,11.5,76.75
DEMO-NLG-002,Demo Nilgiris location B,11.42,76.7,Tamil Nadu,Nilgiris,2019-11-30,6.068214416503906,20.998804092407227,22.5526340007782,11.5,76.75
DEMO-NLG-002,Demo Nilgiris location B,11.42,76.7,Tamil Nadu,Nilgiris,2019-12-01,13.075995445251465,26.51860761642456,35.62862944602966,11.5,76.75
DEMO-NLG-002,Demo Nilgiris location B,11.42,76.7,Tamil Nadu,Nilgiris,2019-12-02,50.00623321533203,69.1504430770874,84.72538471221924,11.5,76.75
DEMO-NLG-002,Demo Nilgiris location B,11.42,76.7,Tamil Nadu,Nilgiris,2019-12-03,76.9317626953125,140.013991355896,161.65714740753174,11.5,76.75
DEMO-NLG-002,Demo Nilgiris location B,11.42,76.7,Tamil Nadu,Nilgiris,2019-12-04,7.960249423980713,134.89824533462524,168.97304487228394,11.5,76.75
DEMO-NLG-002,Demo Nilgiris location B,11.42,76.7,Tamil Nadu,Nilgiris,2019-12-05,0.7769149541854858,85.6689270734787,162.1937679052353,11.5,76.75
DEMO-NLG-002,Demo Nilgiris location B,11.42,76.7,Tamil Nadu,Nilgiris,2019-12-06,0.0,8.737164378166199,154.8193701505661,11.5,76.75
DEMO-NLG-002,Demo Nilgiris location B,11.42,76.7,Tamil Nadu,Nilgiris,2019-12-07,0.0,0.7769149541854858,148.7511557340622,11.5,76.75
DEMO-NLG-002,Demo Nilgiris location B,11.42,76.7,Tamil Nadu,Nilgiris,2019-12-08,0.6628149747848511,0.6628149747848511,136.33797526359558,11.5,76.75
DEMO-NLG-002,Demo Nilgiris location B,11.42,76.7,Tamil Nadu,Nilgiris,2019-12-09,0.26512598991394043,0.9279409646987915,86.59686803817749,11.5,76.75
DEMO-NLG-002,Demo Nilgiris location B,11.42,76.7,Tamil Nadu,Nilgiris,2019-12-10,1.5538299083709717,2.481770873069763,11.218935251235962,11.5,76.75
DEMO-NLG-002,Demo Nilgiris location B,11.42,76.7,Tamil Nadu,Nilgiris,2019-12-11,0.0,1.818955898284912,3.258685827255249,11.5,76.75
DEMO-NLG-002,Demo Nilgiris location B,11.42,76.7,Tamil Nadu,Nilgiris,2019-12-12,0.0,1.5538299083709717,2.481770873069763,11.5,76.75
DEMO-NLG-002,Demo Nilgiris location B,11.42,76.7,Tamil Nadu,Nilgiris,2019-12-13,0.0,0.0,2.481770873069763,11.5,76.75
DEMO-NLG-002,Demo Nilgiris location B,11.42,76.7,Tamil Nadu,Nilgiris,2019-12-14,0.0,0.0,2.481770873069763,11.5,76.75
DEMO-NLG-002,Demo Nilgiris location B,11.42,76.7,Tamil Nadu,Nilgiris,2019-12-15,18.798181533813477,18.798181533813477,20.61713743209839,11.5,76.75
DEMO-NLG-002,Demo Nilgiris location B,11.42,76.7,Tamil Nadu,Nilgiris,2019-12-16,0.0,18.798181533813477,20.35201144218445,11.5,76.75
DEMO-NLG-002,Demo Nilgiris location B,11.42,76.7,Tamil Nadu,Nilgiris,2019-12-17,0.0,18.798181533813477,18.798181533813477,11.5,76.75
DEMO-NLG-002,Demo Nilgiris location B,11.42,76.7,Tamil Nadu,Nilgiris,2019-12-18,0.13256299495697021,0.13256299495697021,18.930744528770447,11.5,76.75
DEMO-NLG-002,Demo Nilgiris location B,11.42,76.7,Tamil Nadu,Nilgiris,2019-12-19,0.0,0.13256299495697021,18.930744528770447,11.5,76.75
DEMO-NLG-002,Demo Nilgiris location B,11.42,76.7,Tamil Nadu,Nilgiris,2019-12-20,0.0,0.13256299495697021,18.930744528770447,11.5,76.75
DEMO-NLG-002,Demo Nilgiris location B,11.42,76.7,Tamil Nadu,Nilgiris,2019-12-21,0.0,0.0,18.930744528770447,11.5,76.75
DEMO-NLG-002,Demo Nilgiris location B,11.42,76.7,Tamil Nadu,Nilgiris,2019-12-22,0.0,0.0,0.13256299495697021,11.5,76.75
DEMO-NLG-002,Demo Nilgiris location B,11.42,76.7,Tamil Nadu,Nilgiris,2019-12-23,0.0,0.0,0.13256299495697021,11.5,76.75
DEMO-NLG-002,Demo Nilgiris location B,11.42,76.7,Tamil Nadu,Nilgiris,2019-12-24,0.0,0.0,0.13256299495697021,11.5,76.75
DEMO-NLG-002,Demo Nilgiris location B,11.42,76.7,Tamil Nadu,Nilgiris,2019-12-25,0.4675842225551605,0.4675842225551605,0.4675842225551605,11.5,76.75
DEMO-NLG-002,Demo Nilgiris location B,11.42,76.7,Tamil Nadu,Nilgiris,2019-12-26,2.8299217224121094,3.29750594496727,3.29750594496727,11.5,76.75
DEMO-NLG-002,Demo Nilgiris location B,11.42,76.7,Tamil Nadu,Nilgiris,2019-12-27,0.0,3.29750594496727,3.29750594496727,11.5,76.75
DEMO-NLG-002,Demo Nilgiris location B,11.42,76.7,Tamil Nadu,Nilgiris,2019-12-28,0.0,2.8299217224121094,3.29750594496727,11.5,76.75
DEMO-NLG-002,Demo Nilgiris location B,11.42,76.7,Tamil Nadu,Nilgiris,2019-12-29,0.0,0.0,3.29750594496727,11.5,76.75
DEMO-NLG-002,Demo Nilgiris location B,11.42,76.7,Tamil Nadu,Nilgiris,2019-12-30,0.0,0.0,3.29750594496727,11.5,76.75
DEMO-NLG-002,Demo Nilgiris location B,11.42,76.7,Tamil Nadu,Nilgiris,2019-12-31,0.0,0.0,3.29750594496727,11.5,76.75
DEMO-NLG-002,Demo Nilgiris location B,11.42,76.7,Tamil Nadu,Nilgiris,2022-01-01,11.10102367401123,,,11.5,76.75
DEMO-NLG-002,Demo Nilgiris location B,11.42,76.7,Tamil Nadu,Nilgiris,2022-01-02,8.890032768249512,,,11.5,76.75
DEMO-NLG-002,Demo Nilgiris location B,11.42,76.7,Tamil Nadu,Nilgiris,2022-01-03,1.3256299495697021,21.316686391830444,,11.5,76.75
DEMO-NLG-002,Demo Nilgiris location B,11.42,76.7,Tamil Nadu,Nilgiris,2022-01-04,0.0,10.215662717819214,,11.5,76.75
DEMO-NLG-002,Demo Nilgiris location B,11.42,76.7,Tamil Nadu,Nilgiris,2022-01-05,0.0,1.3256299495697021,,11.5,76.75
DEMO-NLG-002,Demo Nilgiris location B,11.42,76.7,Tamil Nadu,Nilgiris,2022-01-06,0.0,0.0,,11.5,76.75
DEMO-NLG-002,Demo Nilgiris location B,11.42,76.7,Tamil Nadu,Nilgiris,2022-01-07,0.6443519592285156,0.6443519592285156,21.96103835105896,11.5,76.75
DEMO-NLG-002,Demo Nilgiris location B,11.42,76.7,Tamil Nadu,Nilgiris,2022-01-08,7.087871074676514,7.732223033905029,17.947885751724243,11.5,76.75
DEMO-NLG-002,Demo Nilgiris location B,11.42,76.7,Tamil Nadu,Nilgiris,2022-01-09,0.0,7.732223033905029,9.057852983474731,11.5,76.75
DEMO-NLG-002,Demo Nilgiris location B,11.42,76.7,Tamil Nadu,Nilgiris,2022-01-10,0.0,7.087871074676514,7.732223033905029,11.5,76.75
DEMO-NLG-002,Demo Nilgiris location B,11.42,76.7,Tamil Nadu,Nilgiris,2022-01-11,0.0,0.0,7.732223033905029,11.5,76.75
DEMO-NLG-002,Demo Nilgiris location B,11.42,76.7,Tamil Nadu,Nilgiris,2022-01-12,0.0,0.0,7.732223033905029,11.5,76.75
DEMO-NLG-002,Demo Nilgiris location B,11.42,76.7,Tamil Nadu,Nilgiris,2022-01-13,0.0,0.0,7.732223033905029,11.5,76.75
DEMO-NLG-002,Demo Nilgiris location B,11.42,76.7,Tamil Nadu,Nilgiris,2022-01-14,0.0,0.0,7.087871074676514,11.5,76.75
DEMO-NLG-002,Demo Nilgiris location B,11.42,76.7,Tamil Nadu,Nilgiris,2022-01-15,0.0,0.0,0.0,11.5,76.75
DEMO-NLG-002,Demo Nilgiris location B,11.42,76.7,Tamil Nadu,Nilgiris,2022-01-16,0.0,0.0,0.0,11.5,76.75
DEMO-NLG-002,Demo Nilgiris location B,11.42,76.7,Tamil Nadu,Nilgiris,2022-01-17,28.230669021606445,28.230669021606445,28.230669021606445,11.5,76.75
DEMO-NLG-002,Demo Nilgiris location B,11.42,76.7,Tamil Nadu,Nilgiris,2022-01-18,6.443519115447998,34.67418813705444,34.67418813705444,11.5,76.75
DEMO-NLG-002,Demo Nilgiris location B,11.42,76.7,Tamil Nadu,Nilgiris,2022-01-19,0.0,34.67418813705444,34.67418813705444,11.5,76.75
DEMO-NLG-002,Demo Nilgiris location B,11.42,76.7,Tamil Nadu,Nilgiris,2022-01-20,0.0,6.443519115447998,34.67418813705444,11.5,76.75
DEMO-NLG-002,Demo Nilgiris location B,11.42,76.7,Tamil Nadu,Nilgiris,2022-01-21,0.0,0.0,34.67418813705444,11.5,76.75
DEMO-NLG-002,Demo Nilgiris location B,11.42,76.7,Tamil Nadu,Nilgiris,2022-01-22,0.0,0.0,34.67418813705444,11.5,76.75
DEMO-NLG-002,Demo Nilgiris location B,11.42,76.7,Tamil Nadu,Nilgiris,2022-01-23,0.0,0.0,34.67418813705444,11.5,76.75
DEMO-NLG-002,Demo Nilgiris location B,11.42,76.7,Tamil Nadu,Nilgiris,2022-01-24,0.0,0.0,6.443519115447998,11.5,76.75
DEMO-NLG-002,Demo Nilgiris location B,11.42,76.7,Tamil Nadu,Nilgiris,2022-01-25,0.0,0.0,0.0,11.5,76.75
DEMO-NLG-002,Demo Nilgiris location B,11.42,76.7,Tamil Nadu,Nilgiris,2022-01-26,0.0,0.0,0.0,11.5,76.75
DEMO-NLG-002,Demo Nilgiris location B,11.42,76.7,Tamil Nadu,Nilgiris,2022-01-27,5.63461971282959,5.63461971282959,5.63461971282959,11.5,76.75
DEMO-NLG-002,Demo Nilgiris location B,11.42,76.7,Tamil Nadu,Nilgiris,2022-01-28,15.792808532714844,21.427428245544434,21.427428245544434,11.5,76.75
DEMO-NLG-002,Demo Nilgiris location B,11.42,76.7,Tamil Nadu,Nilgiris,2022-01-29,0.0,21.427428245544434,21.427428245544434,11.5,76.75
DEMO-NLG-002,Demo Nilgiris location B,11.42,76.7,Tamil Nadu,Nilgiris,2022-01-30,0.0,15.792808532714844,21.427428245544434,11.5,76.75
DEMO-NLG-002,Demo Nilgiris location B,11.42,76.7,Tamil Nadu,Nilgiris,2022-01-31,0.0,0.0,21.427428245544434,11.5,76.75
DEMO-NLG-002,Demo Nilgiris location B,11.42,76.7,Tamil Nadu,Nilgiris,2022-02-01,0.0,0.0,21.427428245544434,11.5,76.75
DEMO-NLG-002,Demo Nilgiris location B,11.42,76.7,Tamil Nadu,Nilgiris,2022-02-02,0.0,0.0,21.427428245544434,11.5,76.75
DEMO-NLG-002,Demo Nilgiris location B,11.42,76.7,Tamil Nadu,Nilgiris,2022-02-03,0.0,0.0,15.792808532714844,11.5,76.75
DEMO-NLG-002,Demo Nilgiris location B,11.42,76.7,Tamil Nadu,Nilgiris,2022-02-04,0.0,0.0,0.0,11.5,76.75
DEMO-NLG-002,Demo Nilgiris location B,11.42,76.7,Tamil Nadu,Nilgiris,2022-02-05,0.0,0.0,0.0,11.5,76.75
DEMO-NLG-002,Demo Nilgiris location B,11.42,76.7,Tamil Nadu,Nilgiris,2022-02-06,0.0,0.0,0.0,11.5,76.75
DEMO-NLG-002,Demo Nilgiris location B,11.42,76.7,Tamil Nadu,Nilgiris,2022-02-07,0.0,0.0,0.0,11.5,76.75
DEMO-NLG-002,Demo Nilgiris location B,11.42,76.7,Tamil Nadu,Nilgiris,2022-02-08,0.0,0.0,0.0,11.5,76.75
DEMO-NLG-002,Demo Nilgiris location B,11.42,76.7,Tamil Nadu,Nilgiris,2022-02-09,0.0,0.0,0.0,11.5,76.75
DEMO-NLG-002,Demo Nilgiris location B,11.42,76.7,Tamil Nadu,Nilgiris,2022-02-10,0.0,0.0,0.0,11.5,76.75
DEMO-NLG-002,Demo Nilgiris location B,11.42,76.7,Tamil Nadu,Nilgiris,2022-02-11,0.0,0.0,0.0,11.5,76.75
DEMO-NLG-002,Demo Nilgiris location B,11.42,76.7,Tamil Nadu,Nilgiris,2022-02-12,0.0,0.0,0.0,11.5,76.75
DEMO-NLG-002,Demo Nilgiris location B,11.42,76.7,Tamil Nadu,Nilgiris,2022-02-13,0.0,0.0,0.0,11.5,76.75
DEMO-NLG-002,Demo Nilgiris location B,11.42,76.7,Tamil Nadu,Nilgiris,2022-02-14,0.0,0.0,0.0,11.5,76.75
DEMO-NLG-002,Demo Nilgiris location B,11.42,76.7,Tamil Nadu,Nilgiris,2022-02-15,0.0,0.0,0.0,11.5,76.75
DEMO-NLG-002,Demo Nilgiris location B,11.42,76.7,Tamil Nadu,Nilgiris,2022-02-16,0.0,0.0,0.0,11.5,76.75
DEMO-NLG-002,Demo Nilgiris location B,11.42,76.7,Tamil Nadu,Nilgiris,2022-02-17,0.0,0.0,0.0,11.5,76.75
DEMO-NLG-002,Demo Nilgiris location B,11.42,76.7,Tamil Nadu,Nilgiris,2022-02-18,0.0,0.0,0.0,11.5,76.75
DEMO-NLG-002,Demo Nilgiris location B,11.42,76.7,Tamil Nadu,Nilgiris,2022-02-19,0.0,0.0,0.0,11.5,76.75
DEMO-NLG-002,Demo Nilgiris location B,11.42,76.7,Tamil Nadu,Nilgiris,2022-02-20,0.0,0.0,0.0,11.5,76.75
DEMO-NLG-002,Demo Nilgiris location B,11.42,76.7,Tamil Nadu,Nilgiris,2022-02-21,0.0,0.0,0.0,11.5,76.75
DEMO-NLG-002,Demo Nilgiris location B,11.42,76.7,Tamil Nadu,Nilgiris,2022-02-22,0.0,0.0,0.0,11.5,76.75
DEMO-NLG-002,Demo Nilgiris location B,11.42,76.7,Tamil Nadu,Nilgiris,2022-02-23,0.0,0.0,0.0,11.5,76.75
DEMO-NLG-002,Demo Nilgiris location B,11.42,76.7,Tamil Nadu,Nilgiris,2022-02-24,0.0,0.0,0.0,11.5,76.75
DEMO-NLG-002,Demo Nilgiris location B,11.42,76.7,Tamil Nadu,Nilgiris,2022-02-25,0.0,0.0,0.0,11.5,76.75
DEMO-NLG-002,Demo Nilgiris location B,11.42,76.7,Tamil Nadu,Nilgiris,2022-02-26,0.0,0.0,0.0,11.5,76.75
DEMO-NLG-002,Demo Nilgiris location B,11.42,76.7,Tamil Nadu,Nilgiris,2022-02-27,0.0,0.0,0.0,11.5,76.75
DEMO-NLG-002,Demo Nilgiris location B,11.42,76.7,Tamil Nadu,Nilgiris,2022-02-28,0.0,0.0,0.0,11.5,76.75
DEMO-NLG-002,Demo Nilgiris location B,11.42,76.7,Tamil Nadu,Nilgiris,2022-03-01,0.0,0.0,0.0,11.5,76.75
DEMO-NLG-002,Demo Nilgiris location B,11.42,76.7,Tamil Nadu,Nilgiris,2022-03-02,0.0,0.0,0.0,11.5,76.75
DEMO-NLG-002,Demo Nilgiris location B,11.42,76.7,Tamil Nadu,Nilgiris,2022-03-03,0.0,0.0,0.0,11.5,76.75
DEMO-NLG-002,Demo Nilgiris location B,11.42,76.7,Tamil Nadu,Nilgiris,2022-03-04,0.0,0.0,0.0,11.5,76.75
DEMO-NLG-002,Demo Nilgiris location B,11.42,76.7,Tamil Nadu,Nilgiris,2022-03-05,0.0,0.0,0.0,11.5,76.75
DEMO-NLG-002,Demo Nilgiris location B,11.42,76.7,Tamil Nadu,Nilgiris,2022-03-06,0.0,0.0,0.0,11.5,76.75
DEMO-NLG-002,Demo Nilgiris location B,11.42,76.7,Tamil Nadu,Nilgiris,2022-03-07,0.0,0.0,0.0,11.5,76.75
DEMO-NLG-002,Demo Nilgiris location B,11.42,76.7,Tamil Nadu,Nilgiris,2022-03-08,2.039484977722168,2.039484977722168,2.039484977722168,11.5,76.75
DEMO-NLG-002,Demo Nilgiris location B,11.42,76.7,Tamil Nadu,Nilgiris,2022-03-09,0.0,2.039484977722168,2.039484977722168,11.5,76.75
DEMO-NLG-002,Demo Nilgiris location B,11.42,76.7,Tamil Nadu,Nilgiris,2022-03-10,0.0,2.039484977722168,2.039484977722168,11.5,76.75
DEMO-NLG-002,Demo Nilgiris location B,11.42,76.7,Tamil Nadu,Nilgiris,2022-03-11,0.0,0.0,2.039484977722168,11.5,76.75
DEMO-NLG-002,Demo Nilgiris location B,11.42,76.7,Tamil Nadu,Nilgiris,2022-03-12,0.0,0.0,2.039484977722168,11.5,76.75
DEMO-NLG-002,Demo Nilgiris location B,11.42,76.7,Tamil Nadu,Nilgiris,2022-03-13,0.0,0.0,2.039484977722168,11.5,76.75
DEMO-NLG-002,Demo Nilgiris location B,11.42,76.7,Tamil Nadu,Nilgiris,2022-03-14,0.0,0.0,2.039484977722168,11.5,76.75
DEMO-NLG-002,Demo Nilgiris location B,11.42,76.7,Tamil Nadu,Nilgiris,2022-03-15,0.0,0.0,0.0,11.5,76.75
DEMO-NLG-002,Demo Nilgiris location B,11.42,76.7,Tamil Nadu,Nilgiris,2022-03-16,0.0,0.0,0.0,11.5,76.75
DEMO-NLG-002,Demo Nilgiris location B,11.42,76.7,Tamil Nadu,Nilgiris,2022-03-17,0.0,0.0,0.0,11.5,76.75
DEMO-NLG-002,Demo Nilgiris location B,11.42,76.7,Tamil Nadu,Nilgiris,2022-03-18,0.0,0.0,0.0,11.5,76.75
DEMO-NLG-002,Demo Nilgiris location B,11.42,76.7,Tamil Nadu,Nilgiris,2022-03-19,0.0,0.0,0.0,11.5,76.75
DEMO-NLG-002,Demo Nilgiris location B,11.42,76.7,Tamil Nadu,Nilgiris,2022-03-20,0.0,0.0,0.0,11.5,76.75
DEMO-NLG-002,Demo Nilgiris location B,11.42,76.7,Tamil Nadu,Nilgiris,2022-03-21,0.8462903499603271,0.8462903499603271,0.8462903499603271,11.5,76.75
DEMO-NLG-002,Demo Nilgiris location B,11.42,76.7,Tamil Nadu,Nilgiris,2022-03-22,21.61081886291504,22.457109212875366,22.457109212875366,11.5,76.75
DEMO-NLG-002,Demo Nilgiris location B,11.42,76.7,Tamil Nadu,Nilgiris,2022-03-23,0.0,22.457109212875366,22.457109212875366,11.5,76.75
DEMO-NLG-002,Demo Nilgiris location B,11.42,76.7,Tamil Nadu,Nilgiris,2022-03-24,11.463747024536133,33.07456588745117,33.9208562374115,11.5,76.75
DEMO-NLG-002,Demo Nilgiris location B,11.42,76.7,Tamil Nadu,Nilgiris,2022-03-25,1.5538299083709717,13.017576932907104,35.47468614578247,11.5,76.75
DEMO-NLG-002,Demo Nilgiris location B,11.42,76.7,Tamil Nadu,Nilgiris,2022-03-26,0.7953779697418213,13.812954902648926,36.27006411552429,11.5,76.75
DEMO-NLG-002,Demo Nilgiris location B,11.42,76.7,Tamil Nadu,Nilgiris,2022-03-27,0.8278294205665588,3.177037298679352,37.09789353609085,11.5,76.75
DEMO-NLG-002,Demo Nilgiris location B,11.42,76.7,Tamil Nadu,Nilgiris,2022-03-28,0.0,1.6232073903083801,36.251603186130524,11.5,76.75
DEMO-NLG-002,Demo Nilgiris location B,11.42,76.7,Tamil Nadu,Nilgiris,2022-03-29,0.0,0.8278294205665588,14.640784323215485,11.5,76.75
DEMO-NLG-002,Demo Nilgiris location B,11.42,76.7,Tamil Nadu,Nilgiris,2022-03-30,2.442044734954834,2.442044734954834,17.08282905817032,11.5,76.75
DEMO-NLG-002,Demo Nilgiris location B,11.42,76.7,Tamil Nadu,Nilgiris,2022-03-31,3.203712224960327,5.645756959915161,8.822794258594513,11.5,76.75
DEMO-NLG-002,Demo Nilgiris location B,11.42,76.7,Tamil Nadu,Nilgiris,2022-04-01,0.0,5.645756959915161,7.268964350223541,11.5,76.75
DEMO-NLG-002,Demo Nilgiris location B,11.42,76.7,Tamil Nadu,Nilgiris,2022-04-02,6.56165075302124,9.765362977981567,13.03523713350296,11.5,76.75
DEMO-NLG-002,Demo Nilgiris location B,11.42,76.7,Tamil Nadu,Nilgiris,2022-04-03,0.0,6.56165075302124,12.207407712936401,11.5,76.75
DEMO-NLG-002,Demo Nilgiris location B,11.42,76.7,Tamil Nadu,Nilgiris,2022-04-04,0.0,6.56165075302124,12.207407712936401,11.5,76.75
DEMO-NLG-002,Demo Nilgiris location B,11.42,76.7,Tamil Nadu,Nilgiris,2022-04-05,0.0,0.0,12.207407712936401,11.5,76.75
DEMO-NLG-002,Demo Nilgiris location B,11.42,76.7,Tamil Nadu,Nilgiris,2022-04-06,0.0,0.0,9.765362977981567,11.5,76.75
DEMO-NLG-002,Demo Nilgiris location B,11.42,76.7,Tamil Nadu,Nilgiris,2022-04-07,0.0,0.0,6.56165075302124,11.5,76.75
DEMO-NLG-002,Demo Nilgiris location B,11.42,76.7,Tamil Nadu,Nilgiris,2022-04-08,0.0,0.0,6.56165075302124,11.5,76.75
DEMO-NLG-002,Demo Nilgiris location B,11.42,76.7,Tamil Nadu,Nilgiris,2022-04-09,6.0808844566345215,6.0808844566345215,6.0808844566345215,11.5,76.75
DEMO-NLG-002,Demo Nilgiris location B,11.42,76.7,Tamil Nadu,Nilgiris,2022-04-10,1.6090238094329834,7.689908266067505,7.689908266067505,11.5,76.75
DEMO-NLG-002,Demo Nilgiris location B,11.42,76.7,Tamil Nadu,Nilgiris,2022-04-11,0.0,7.689908266067505,7.689908266067505,11.5,76.75
DEMO-NLG-002,Demo Nilgiris location B,11.42,76.7,Tamil Nadu,Nilgiris,2022-04-12,0.10313403606414795,1.7121578454971313,7.793042302131653,11.5,76.75
DEMO-NLG-002,Demo Nilgiris location B,11.42,76.7,Tamil Nadu,Nilgiris,2022-04-13,5.760656833648682,5.86379086971283,13.553699135780334,11.5,76.75
DEMO-NLG-002,Demo Nilgiris location B,11.42,76.7,Tamil Nadu,Nilgiris,2022-04-14,0.6486283540725708,6.5124192237854,14.202327489852905,11.5,76.75
DEMO-NLG-002,Demo Nilgiris location B,11.42,76.7,Tamil Nadu,Nilgiris,2022-04-15,25.809574127197266,32.21885931491852,40.01190161705017,11.5,76.75
DEMO-NLG-002,Demo Nilgiris location B,11.42,76.7,Tamil Nadu,Nilgiris,2022-04-16,1.2789918184280396,27.737194299697876,35.21000897884369,11.5,76.75
DEMO-NLG-002,Demo Nilgiris location B,11.42,76.7,Tamil Nadu,Nilgiris,2022-04-17,12.051946640014648,39.140512585639954,45.652931809425354,11.5,76.75
DEMO-NLG-002,Demo Nilgiris location B,11.42,76.7,Tamil Nadu,Nilgiris,2022-04-18,11.948989868164062,25.27992832660675,57.60192167758942,11.5,76.75
DEMO-NLG-002,Demo Nilgiris location B,11.42,76.7,Tamil Nadu,Nilgiris,2022-04-19,1.102418065071106,25.103354573249817,58.601205706596375,11.5,76.75
DEMO-NLG-002,Demo Nilgiris location B,11.42,76.7,Tamil Nadu,Nilgiris,2022-04-20,0.0,13.051407933235168,52.84054887294769,11.5,76.75
DEMO-NLG-002,Demo Nilgiris location B,11.42,76.7,Tamil Nadu,Nilgiris,2022-04-21,0.0,1.102418065071106,52.19192051887512,11.5,76.75
DEMO-NLG-002,Demo Nilgiris location B,11.42,76.7,Tamil Nadu,Nilgiris,2022-04-22,0.0,0.0,26.382346391677856,11.5,76.75
DEMO-NLG-002,Demo Nilgiris location B,11.42,76.7,Tamil Nadu,Nilgiris,2022-04-23,34.53160095214844,34.53160095214844,59.634955525398254,11.5,76.75
DEMO-NLG-002,Demo Nilgiris location B,11.42,76.7,Tamil Nadu,Nilgiris,2022-04-24,5.9928436279296875,40.524444580078125,53.57585251331329,11.5,76.75
DEMO-NLG-002,Demo Nilgiris location B,11.42,76.7,Tamil Nadu,Nilgiris,2022-04-25,0.49504339694976807,41.01948797702789,42.121906042099,11.5,76.75
DEMO-NLG-002,Demo Nilgiris location B,11.42,76.7,Tamil Nadu,Nilgiris,2022-04-26,0.0,6.487887024879456,41.01948797702789,11.5,76.75
DEMO-NLG-002,Demo Nilgiris location B,11.42,76.7,Tamil Nadu,Nilgiris,2022-04-27,0.0,0.49504339694976807,41.01948797702789,11.5,76.75
DEMO-NLG-002,Demo Nilgiris location B,11.42,76.7,Tamil Nadu,Nilgiris,2022-04-28,0.0,0.0,41.01948797702789,11.5,76.75
DEMO-NLG-002,Demo Nilgiris location B,11.42,76.7,Tamil Nadu,Nilgiris,2022-04-29,0.0,0.0,41.01948797702789,11.5,76.75
DEMO-NLG-002,Demo Nilgiris location B,11.42,76.7,Tamil Nadu,Nilgiris,2022-04-30,2.2254631519317627,2.2254631519317627,8.713350176811218,11.5,76.75
DEMO-NLG-002,Demo Nilgiris location B,11.42,76.7,Tamil Nadu,Nilgiris,2022-05-01,0.0,2.2254631519317627,2.7205065488815308,11.5,76.75
DEMO-NLG-002,Demo Nilgiris location B,11.42,76.7,Tamil Nadu,Nilgiris,2022-05-02,6.382206439971924,8.607669591903687,8.607669591903687,11.5,76.75
DEMO-NLG-002,Demo Nilgiris location B,11.42,76.7,Tamil Nadu,Nilgiris,2022-05-03,5.422987461090088,11.805193901062012,14.030657052993774,11.5,76.75
DEMO-NLG-002,Demo Nilgiris location B,11.42,76.7,Tamil Nadu,Nilgiris,2022-05-04,3.92216157913208,15.727355480194092,17.952818632125854,11.5,76.75
DEMO-NLG-002,Demo Nilgiris location B,11.42,76.7,Tamil Nadu,Nilgiris,2022-05-05,7.722654342651367,17.067803382873535,25.67547297477722,11.5,76.75
DEMO-NLG-002,Demo Nilgiris location B,11.42,76.7,Tamil Nadu,Nilgiris,2022-05-06,0.0,11.644815921783447,25.67547297477722,11.5,76.75
DEMO-NLG-002,Demo Nilgiris location B,11.42,76.7,Tamil Nadu,Nilgiris,2022-05-07,0.0,7.722654342651367,23.45000982284546,11.5,76.75
DEMO-NLG-002,Demo Nilgiris location B,11.42,76.7,Tamil Nadu,Nilgiris,2022-05-08,9.888195991516113,9.888195991516113,33.33820581436157,11.5,76.75
DEMO-NLG-002,Demo Nilgiris location B,11.42,76.7,Tamil Nadu,Nilgiris,2022-05-09,18.724424362182617,28.61262035369873,45.680423736572266,11.5,76.75
DEMO-NLG-002,Demo Nilgiris location B,11.42,76.7,Tamil Nadu,Nilgiris,2022-05-10,0.5286772847175598,29.14129763841629,40.78611356019974,11.5,76.75
DEMO-NLG-002,Demo Nilgiris location B,11.42,76.7,Tamil Nadu,Nilgiris,2022-05-11,10.673831939697266,29.926933586597443,47.53778392076492,11.5,76.75
DEMO-NLG-002,Demo Nilgiris location B,11.42,76.7,Tamil Nadu,Nilgiris,2022-05-12,0.6628149747848511,11.865324199199677,40.47794455289841,11.5,76.75
DEMO-NLG-002,Demo Nilgiris location B,11.42,76.7,Tamil Nadu,Nilgiris,2022-05-13,5.2871294021606445,16.62377631664276,45.76507395505905,11.5,76.75
DEMO-NLG-002,Demo Nilgiris location B,11.42,76.7,Tamil Nadu,Nilgiris,2022-05-14,0.10313403606414795,6.0530784130096436,45.8682079911232,11.5,76.75
DEMO-NLG-002,Demo Nilgiris location B,11.42,76.7,Tamil Nadu,Nilgiris,2022-05-15,26.526798248291016,31.917061686515808,62.5068102478981,11.5,76.75
DEMO-NLG-002,Demo Nilgiris location B,11.42,76.7,Tamil Nadu,Nilgiris,2022-05-16,26.033538818359375,52.66347110271454,69.81592470407486,11.5,76.75
DEMO-NLG-002,Demo Nilgiris location B,11.42,76.7,Tamil Nadu,Nilgiris,2022-05-17,14.70522689819336,67.26556396484375,83.99247431755066,11.5,76.75
DEMO-NLG-002,Demo Nilgiris location B,11.42,76.7,Tamil Nadu,Nilgiris,2022-05-18,3.597733974456787,44.33649969100952,76.91637635231018,11.5,76.75
DEMO-NLG-002,Demo Nilgiris location B,11.42,76.7,Tamil Nadu,Nilgiris,2022-05-19,2.9626305103302,21.265591382980347,79.21619188785553,11.5,76.75
DEMO-NLG-002,Demo Nilgiris location B,11.42,76.7,Tamil Nadu,Nilgiris,2022-05-20,0.0,6.560364484786987,73.92906248569489,11.5,76.75
DEMO-NLG-002,Demo Nilgiris location B,11.42,76.7,Tamil Nadu,Nilgiris,2022-05-21,0.8908554911613464,3.8534860014915466,74.71678394079208,11.5,76.75
DEMO-NLG-002,Demo Nilgiris location B,11.42,76.7,Tamil Nadu,Nilgiris,2022-05-22,3.3945364952087402,4.285391986370087,51.58452218770981,11.5,76.75
DEMO-NLG-002,Demo Nilgiris location B,11.42,76.7,Tamil Nadu,Nilgiris,2022-05-23,0.0,4.285391986370087,25.550983369350433,11.5,76.75
DEMO-NLG-002,Demo Nilgiris location B,11.42,76.7,Tamil Nadu,Nilgiris,2022-05-24,0.0,3.3945364952087402,10.845756471157074,11.5,76.75
DEMO-NLG-002,Demo Nilgiris location B,11.42,76.7,Tamil Nadu,Nilgiris,2022-05-25,0.0,0.0,7.248022496700287,11.5,76.75
DEMO-NLG-002,Demo Nilgiris location B,11.42,76.7,Tamil Nadu,Nilgiris,2022-05-26,5.773619651794434,5.773619651794434,10.05901163816452,11.5,76.75
DEMO-NLG-002,Demo Nilgiris location B,11.42,76.7,Tamil Nadu,Nilgiris,2022-05-27,17.130624771118164,22.904244422912598,27.189636409282684,11.5,76.75
DEMO-NLG-002,Demo Nilgiris location B,11.42,76.7,Tamil Nadu,Nilgiris,2022-05-28,3.0460710525512695,25.950315475463867,29.344851970672607,11.5,76.75
DEMO-NLG-002,Demo Nilgiris location B,11.42,76.7,Tamil Nadu,Nilgiris,2022-05-29,0.3300289213657379,20.50672474503517,26.280344396829605,11.5,76.75
DEMO-NLG-002,Demo Nilgiris location B,11.42,76.7,Tamil Nadu,Nilgiris,2022-05-30,23.733911514282227,27.110011488199234,50.01425591111183,11.5,76.75
DEMO-NLG-002,Demo Nilgiris location B,11.42,76.7,Tamil Nadu,Nilgiris,2022-05-31,18.803279876708984,42.86722031235695,68.81753578782082,11.5,76.75
DEMO-NLG-002,Demo Nilgiris location B,11.42,76.7,Tamil Nadu,Nilgiris,2022-06-01,9.305058479309082,51.84224987030029,78.1225942671299,11.5,76.75
DEMO-NLG-002,Demo Nilgiris location B,11.42,76.7,Tamil Nadu,Nilgiris,2022-06-02,6.666938781738281,34.77527713775635,79.01591339707375,11.5,76.75
DEMO-NLG-002,Demo Nilgiris location B,11.42,76.7,Tamil Nadu,Nilgiris,2022-06-03,17.41107749938965,33.38307476043701,79.29636612534523,11.5,76.75
DEMO-NLG-002,Demo Nilgiris location B,11.42,76.7,Tamil Nadu,Nilgiris,2022-06-04,0.0,24.07801628112793,76.25029507279396,11.5,76.75
DEMO-NLG-002,Demo Nilgiris location B,11.42,76.7,Tamil Nadu,Nilgiris,2022-06-05,0.16501446068286896,17.576091960072517,76.08528061211109,11.5,76.75
DEMO-NLG-002,Demo Nilgiris location B,11.42,76.7,Tamil Nadu,Nilgiris,2022-06-06,2.2841782569885254,2.4491927176713943,54.63554735481739,11.5,76.75
DEMO-NLG-002,Demo Nilgiris location B,11.42,76.7,Tamil Nadu,Nilgiris,2022-06-07,3.204298257827759,5.653490975499153,39.036565735936165,11.5,76.75
DEMO-NLG-002,Demo Nilgiris location B,11.42,76.7,Tamil Nadu,Nilgiris,2022-06-08,0.0,5.488476514816284,29.731507256627083,11.5,76.75
DEMO-NLG-002,Demo Nilgiris location B,11.42,76.7,Tamil Nadu,Nilgiris,2022-06-09,0.22689487040042877,3.4311931282281876,23.29146334528923,11.5,76.75
DEMO-NLG-002,Demo Nilgiris location B,11.42,76.7,Tamil Nadu,Nilgiris,2022-06-10,2.1039342880249023,2.330829158425331,7.984320133924484,11.5,76.75
DEMO-NLG-002,Demo Nilgiris location B,11.42,76.7,Tamil Nadu,Nilgiris,2022-06-11,20.372684478759766,22.703513637185097,28.35700461268425,11.5,76.75
DEMO-NLG-002,Demo Nilgiris location B,11.42,76.7,Tamil Nadu,Nilgiris,2022-06-12,3.8661117553710938,26.34273052215576,32.058101907372475,11.5,76.75
DEMO-NLG-002,Demo Nilgiris location B,11.42,76.7,Tamil Nadu,Nilgiris,2022-06-13,24.80379295349121,49.04258918762207,54.57771660387516,11.5,76.75
DEMO-NLG-002,Demo Nilgiris location B,11.42,76.7,Tamil Nadu,Nilgiris,2022-06-14,3.8267343044281006,32.496639013290405,55.2001526504755,11.5,76.75
DEMO-NLG-002,Demo Nilgiris location B,11.42,76.7,Tamil Nadu,Nilgiris,2022-06-15,3.147338628768921,31.777865886688232,58.34749127924442,11.5,76.75
DEMO-NLG-002,Demo Nilgiris location B,11.42,76.7,Tamil Nadu,Nilgiris,2022-06-16,1.1317757368087769,8.105848670005798,59.25237214565277,11.5,76.75
DEMO-NLG-002,Demo Nilgiris location B,11.42,76.7,Tamil Nadu,Nilgiris,2022-06-17,18.996074676513672,23.27518904209137,76.14451253414154,11.5,76.75
DEMO-NLG-002,Demo Nilgiris location B,11.42,76.7,Tamil Nadu,Nilgiris,2022-06-18,11.10200309753418,31.22985351085663,66.87383115291595,11.5,76.75
DEMO-NLG-002,Demo Nilgiris location B,11.42,76.7,Tamil Nadu,Nilgiris,2022-06-19,3.65633225440979,33.75441002845764,66.66405165195465,11.5,76.75
DEMO-NLG-002,Demo Nilgiris location B,11.42,76.7,Tamil Nadu,Nilgiris,2022-06-20,26.92087173461914,41.67920708656311,68.78113043308258,11.5,76.75
DEMO-NLG-002,Demo Nilgiris location B,11.42,76.7,Tamil Nadu,Nilgiris,2022-06-21,4.964720249176025,35.541924238204956,69.9191163778305,11.5,76.75
DEMO-NLG-002,Demo Nilgiris location B,11.42,76.7,Tamil Nadu,Nilgiris,2022-06-22,2.5774078369140625,34.46299982070923,69.34918558597565,11.5,76.75
DEMO-NLG-002,Demo Nilgiris location B,11.42,76.7,Tamil Nadu,Nilgiris,2022-06-23,14.175742149353027,21.717870235443115,82.3931519985199,11.5,76.75
DEMO-NLG-002,Demo Nilgiris location B,11.42,76.7,Tamil Nadu,Nilgiris,2022-06-24,1.2887039184570312,18.04185390472412,64.68578124046326,11.5,76.75
DEMO-NLG-002,Demo Nilgiris location B,11.42,76.7,Tamil Nadu,Nilgiris,2022-06-25,0.1443876475095749,15.608833715319633,53.72816579043865,11.5,76.75
DEMO-NLG-002,Demo Nilgiris location B,11.42,76.7,Tamil Nadu,Nilgiris,2022-06-26,2.917567253112793,4.350658819079399,52.989400789141655,11.5,76.75
DEMO-NLG-002,Demo Nilgiris location B,11.42,76.7,Tamil Nadu,Nilgiris,2022-06-27,0.0,3.061954900622368,26.068529054522514,11.5,76.75
DEMO-NLG-002,Demo Nilgiris location B,11.42,76.7,Tamil Nadu,Nilgiris,2022-06-28,0.0,2.917567253112793,21.10380880534649,11.5,76.75
DEMO-NLG-002,Demo Nilgiris location B,11.42,76.7,Tamil Nadu,Nilgiris,2022-06-29,1.3293129205703735,1.3293129205703735,19.8557138890028,11.5,76.75
DEMO-NLG-002,Demo Nilgiris location B,11.42,76.7,Tamil Nadu,Nilgiris,2022-06-30,0.5661211609840393,1.8954340815544128,6.246092900633812,11.5,76.75
DEMO-NLG-002,Demo Nilgiris location B,11.42,76.7,Tamil Nadu,Nilgiris,2022-07-01,3.007227659225464,4.902661740779877,7.964616641402245,11.5,76.75
DEMO-NLG-002,Demo Nilgiris location B,11.42,76.7,Tamil Nadu,Nilgiris,2022-07-02,0.2062680721282959,3.779616892337799,8.026497066020966,11.5,76.75
DEMO-NLG-002,Demo Nilgiris location B,11.42,76.7,Tamil Nadu,Nilgiris,2022-07-03,2.2581636905670166,5.471659421920776,7.367093503475189,11.5,76.75
DEMO-NLG-002,Demo Nilgiris location B,11.42,76.7,Tamil Nadu,Nilgiris,2022-07-04,2.6065874099731445,5.071019172668457,9.973680913448334,11.5,76.75
DEMO-NLG-002,Demo Nilgiris location B,11.42,76.7,Tamil Nadu,Nilgiris,2022-07-05,5.436042785644531,10.300793886184692,15.409723699092865,11.5,76.75
DEMO-NLG-002,Demo Nilgiris location B,11.42,76.7,Tamil Nadu,Nilgiris,2022-07-06,7.290223121643066,15.332853317260742,21.370633900165558,11.5,76.75
DEMO-NLG-002,Demo Nilgiris location B,11.42,76.7,Tamil Nadu,Nilgiris,2022-07-07,1.7766655683517456,14.502931475639343,22.581178307533264,11.5,76.75
DEMO-NLG-002,Demo Nilgiris location B,11.42,76.7,Tamil Nadu,Nilgiris,2022-07-08,4.237884044647217,13.304772734642029,23.811834692955017,11.5,76.75
DEMO-NLG-002,Demo Nilgiris location B,11.42,76.7,Tamil Nadu,Nilgiris,2022-07-09,2.462268114089966,8.476817727088928,26.067834734916687,11.5,76.75
DEMO-NLG-002,Demo Nilgiris location B,11.42,76.7,Tamil Nadu,Nilgiris,2022-07-10,6.042444705963135,12.742596864700317,29.852115750312805,11.5,76.75
DEMO-NLG-002,Demo Nilgiris location B,11.42,76.7,Tamil Nadu,Nilgiris,2022-07-11,3.484987497329712,11.989700317382812,30.730515837669373,11.5,76.75
DEMO-NLG-002,Demo Nilgiris location B,11.42,76.7,Tamil Nadu,Nilgiris,2022-07-12,3.808974027633667,13.336406230926514,29.10344707965851,11.5,76.75
DEMO-NLG-002,Demo Nilgiris location B,11.42,76.7,Tamil Nadu,Nilgiris,2022-07-13,2.188019037246704,9.481980562210083,24.001242995262146,11.5,76.75
DEMO-NLG-002,Demo Nilgiris location B,11.42,76.7,Tamil Nadu,Nilgiris,2022-07-14,7.160647869110107,13.157640933990479,29.385225296020508,11.5,76.75
DEMO-NLG-002,Demo Nilgiris location B,11.42,76.7,Tamil Nadu,Nilgiris,2022-07-15,4.125817775726318,13.47448468208313,29.27315902709961,11.5,76.75
DEMO-NLG-002,Demo Nilgiris location B,11.42,76.7,Tamil Nadu,Nilgiris,2022-07-16,2.428565740585327,13.715031385421753,29.23945665359497,11.5,76.75
DEMO-NLG-002,Demo Nilgiris location B,11.42,76.7,Tamil Nadu,Nilgiris,2022-07-17,0.4125361442565918,6.966919660568237,23.609548091888428,11.5,76.75
DEMO-NLG-002,Demo Nilgiris location B,11.42,76.7,Tamil Nadu,Nilgiris,2022-07-18,2.044275999069214,4.885377883911133,22.16883659362793,11.5,76.75
DEMO-NLG-002,Demo Nilgiris location B,11.42,76.7,Tamil Nadu,Nilgiris,2022-07-19,1.3178834915161133,3.774695634841919,19.677746057510376,11.5,76.75
DEMO-NLG-002,Demo Nilgiris location B,11.42,76.7,Tamil Nadu,Nilgiris,2022-07-20,9.168750762939453,12.53091025352478,26.658477783203125,11.5,76.75
DEMO-NLG-002,Demo Nilgiris location B,11.42,76.7,Tamil Nadu,Nilgiris,2022-07-21,17.56914520263672,28.055779457092285,37.066975116729736,11.5,76.75
DEMO-NLG-002,Demo Nilgiris location B,11.42,76.7,Tamil Nadu,Nilgiris,2022-07-22,2.9920566082000732,29.729952573776245,35.93321394920349,11.5,76.75
DEMO-NLG-002,Demo Nilgiris location B,11.42,76.7,Tamil Nadu,Nilgiris,2022-07-23,0.0,20.561201810836792,33.504648208618164,11.5,76.75
DEMO-NLG-002,Demo Nilgiris location B,11.42,76.7,Tamil Nadu,Nilgiris,2022-07-24,0.0,2.9920566082000732,33.09211206436157,11.5,76.75
DEMO-NLG-002,Demo Nilgiris location B,11.42,76.7,Tamil Nadu,Nilgiris,2022-07-25,2.5304007530212402,2.5304007530212402,33.5782368183136,11.5,76.75
DEMO-NLG-002,Demo Nilgiris location B,11.42,76.7,Tamil Nadu,Nilgiris,2022-07-26,0.0,2.5304007530212402,32.260353326797485,11.5,76.75
DEMO-NLG-002,Demo Nilgiris location B,11.42,76.7,Tamil Nadu,Nilgiris,2022-07-27,6.382248878479004,8.912649631500244,29.473851442337036,11.5,76.75
DEMO-NLG-002,Demo Nilgiris location B,11.42,76.7,Tamil Nadu,Nilgiris,2022-07-28,0.0,6.382248878479004,11.904706239700317,11.5,76.75
DEMO-NLG-002,Demo Nilgiris location B,11.42,76.7,Tamil Nadu,Nilgiris,2022-07-29,23.613258361816406,29.99550724029541,32.52590799331665,11.5,76.75
DEMO-NLG-002,Demo Nilgiris location B,11.42,76.7,Tamil Nadu,Nilgiris,2022-07-30,0.10313403606414795,23.716392397880554,32.6290420293808,11.5,76.75
DEMO-NLG-002,Demo Nilgiris location B,11.42,76.7,Tamil Nadu,Nilgiris,2022-07-31,12.983977317810059,36.70036971569061,45.61301934719086,11.5,76.75
DEMO-NLG-002,Demo Nilgiris location B,11.42,76.7,Tamil Nadu,Nilgiris,2022-08-01,13.634177207946777,26.721288561820984,56.716795802116394,11.5,76.75
DEMO-NLG-002,Demo Nilgiris location B,11.42,76.7,Tamil Nadu,Nilgiris,2022-08-02,12.372659683227539,38.990814208984375,69.08945548534393,11.5,76.75
DEMO-NLG-002,Demo Nilgiris location B,11.42,76.7,Tamil Nadu,Nilgiris,2022-08-03,0.7105088233947754,26.717345714569092,63.417715430259705,11.5,76.75
DEMO-NLG-002,Demo Nilgiris location B,11.42,76.7,Tamil Nadu,Nilgiris,2022-08-04,6.938667297363281,20.021835803985596,70.35638272762299,11.5,76.75
DEMO-NLG-002,Demo Nilgiris location B,11.42,76.7,Tamil Nadu,Nilgiris,2022-08-05,51.565120697021484,59.21429681777954,98.30824506282806,11.5,76.75
DEMO-NLG-002,Demo Nilgiris location B,11.42,76.7,Tamil Nadu,Nilgiris,2022-08-06,1.2169816493988037,59.72076964378357,99.42209267616272,11.5,76.75
DEMO-NLG-002,Demo Nilgiris location B,11.42,76.7,Tamil Nadu,Nilgiris,2022-08-07,1.7418490648269653,54.52395141124725,88.17996442317963,11.5,76.75
DEMO-NLG-002,Demo Nilgiris location B,11.42,76.7,Tamil Nadu,Nilgiris,2022-08-08,4.697248935699463,7.656079649925232,79.24303615093231,11.5,76.75
DEMO-NLG-002,Demo Nilgiris location B,11.42,76.7,Tamil Nadu,Nilgiris,2022-08-09,6.118070125579834,12.557168126106262,72.9884465932846,11.5,76.75
DEMO-NLG-002,Demo Nilgiris location B,11.42,76.7,Tamil Nadu,Nilgiris,2022-08-10,4.167538166046143,14.98285722732544,76.44547593593597,11.5,76.75
DEMO-NLG-002,Demo Nilgiris location B,11.42,76.7,Tamil Nadu,Nilgiris,2022-08-11,3.767542600631714,14.05315089225769,73.2743512392044,11.5,76.75
DEMO-NLG-002,Demo Nilgiris location B,11.42,76.7,Tamil Nadu,Nilgiris,2022-08-12,4.556515693664551,12.491596460342407,26.265746235847473,11.5,76.75
DEMO-NLG-002,Demo Nilgiris location B,11.42,76.7,Tamil Nadu,Nilgiris,2022-08-13,0.0,8.324058294296265,25.04876458644867,11.5,76.75
DEMO-NLG-002,Demo Nilgiris location B,11.42,76.7,Tamil Nadu,Nilgiris,2022-08-14,2.618661403656006,7.175177097320557,25.92557692527771,11.5,76.75
DEMO-NLG-002,Demo Nilgiris location B,11.42,76.7,Tamil Nadu,Nilgiris,2022-08-15,0.0,2.618661403656006,21.228327989578247,11.5,76.75
DEMO-NLG-002,Demo Nilgiris location B,11.42,76.7,Tamil Nadu,Nilgiris,2022-08-16,0.0,2.618661403656006,15.110257863998413,11.5,76.75
DEMO-NLG-002,Demo Nilgiris location B,11.42,76.7,Tamil Nadu,Nilgiris,2022-08-17,0.0,0.0,10.94271969795227,11.5,76.75
DEMO-NLG-002,Demo Nilgiris location B,11.42,76.7,Tamil Nadu,Nilgiris,2022-08-18,0.0,0.0,7.175177097320557,11.5,76.75
DEMO-NLG-002,Demo Nilgiris location B,11.42,76.7,Tamil Nadu,Nilgiris,2022-08-19,0.0,0.0,2.618661403656006,11.5,76.75
DEMO-NLG-002,Demo Nilgiris location B,11.42,76.7,Tamil Nadu,Nilgiris,2022-08-20,0.0,0.0,2.618661403656006,11.5,76.75
DEMO-NLG-002,Demo Nilgiris location B,11.42,76.7,Tamil Nadu,Nilgiris,2022-08-21,0.0,0.0,0.0,11.5,76.75
DEMO-NLG-002,Demo Nilgiris location B,11.42,76.7,Tamil Nadu,Nilgiris,2022-08-22,0.9722201228141785,0.9722201228141785,0.9722201228141785,11.5,76.75
DEMO-NLG-002,Demo Nilgiris location B,11.42,76.7,Tamil Nadu,Nilgiris,2022-08-23,6.130545139312744,7.102765262126923,7.102765262126923,11.5,76.75
DEMO-NLG-002,Demo Nilgiris location B,11.42,76.7,Tamil Nadu,Nilgiris,2022-08-24,0.48742371797561646,7.590188980102539,7.590188980102539,11.5,76.75
DEMO-NLG-002,Demo Nilgiris location B,11.42,76.7,Tamil Nadu,Nilgiris,2022-08-25,0.4125361442565918,7.030505001544952,8.00272512435913,11.5,76.75
DEMO-NLG-002,Demo Nilgiris location B,11.42,76.7,Tamil Nadu,Nilgiris,2022-08-26,5.468493938446045,6.368453800678253,13.471219062805176,11.5,76.75
DEMO-NLG-002,Demo Nilgiris location B,11.42,76.7,Tamil Nadu,Nilgiris,2022-08-27,24.988656997680664,30.8696870803833,38.45987606048584,11.5,76.75
DEMO-NLG-002,Demo Nilgiris location B,11.42,76.7,Tamil Nadu,Nilgiris,2022-08-28,7.945269584655762,38.40242052078247,46.4051456451416,11.5,76.75
DEMO-NLG-002,Demo Nilgiris location B,11.42,76.7,Tamil Nadu,Nilgiris,2022-08-29,18.020475387573242,50.95440196990967,63.453400909900665,11.5,76.75
DEMO-NLG-002,Demo Nilgiris location B,11.42,76.7,Tamil Nadu,Nilgiris,2022-08-30,5.311456203460693,31.277201175689697,62.634311974048615,11.5,76.75
DEMO-NLG-002,Demo Nilgiris location B,11.42,76.7,Tamil Nadu,Nilgiris,2022-08-31,46.85002517700195,70.18195676803589,108.99691343307495,11.5,76.75
DEMO-NLG-002,Demo Nilgiris location B,11.42,76.7,Tamil Nadu,Nilgiris,2022-09-01,36.03584289550781,88.19732427597046,144.62022018432617,11.5,76.75
DEMO-NLG-002,Demo Nilgiris location B,11.42,76.7,Tamil Nadu,Nilgiris,2022-09-02,9.087894439697266,91.97376251220703,148.2396206855774,11.5,76.75
DEMO-NLG-002,Demo Nilgiris location B,11.42,76.7,Tamil Nadu,Nilgiris,2022-09-03,1.569859504699707,46.693596839904785,124.82082319259644,11.5,76.75
DEMO-NLG-002,Demo Nilgiris location B,11.42,76.7,Tamil Nadu,Nilgiris,2022-09-04,0.3197154998779297,10.977469444274902,117.1952691078186,11.5,76.75
DEMO-NLG-002,Demo Nilgiris location B,11.42,76.7,Tamil Nadu,Nilgiris,2022-09-05,25.859298706054688,27.748873710632324,125.03409242630005,11.5,76.75
DEMO-NLG-002,Demo Nilgiris location B,11.42,76.7,Tamil Nadu,Nilgiris,2022-09-06,1.2299888134002686,27.409003019332886,120.95262503623962,11.5,76.75
DEMO-NLG-002,Demo Nilgiris location B,11.42,76.7,Tamil Nadu,Nilgiris,2022-09-07,7.149579048156738,34.238866567611694,81.25217890739441,11.5,76.75
DEMO-NLG-002,Demo Nilgiris location B,11.42,76.7,Tamil Nadu,Nilgiris,2022-09-08,3.061164617538452,11.440732479095459,48.27750062942505,11.5,76.75
DEMO-NLG-002,Demo Nilgiris location B,11.42,76.7,Tamil Nadu,Nilgiris,2022-09-09,0.0,10.21074366569519,39.18960618972778,11.5,76.75
DEMO-NLG-002,Demo Nilgiris location B,11.42,76.7,Tamil Nadu,Nilgiris,2022-09-10,0.8594221472740173,3.9205867648124695,38.47916883230209,11.5,76.75
DEMO-NLG-002,Demo Nilgiris location B,11.42,76.7,Tamil Nadu,Nilgiris,2022-09-11,3.1501266956329346,4.009548842906952,41.3095800280571,11.5,76.75
DEMO-NLG-002,Demo Nilgiris location B,11.42,76.7,Tamil Nadu,Nilgiris,2022-09-12,0.4667969048023224,4.476345747709274,15.917078226804733,11.5,76.75
DEMO-NLG-002,Demo Nilgiris location B,11.42,76.7,Tamil Nadu,Nilgiris,2022-09-13,0.10313403606414795,3.720057636499405,14.790223449468613,11.5,76.75
DEMO-NLG-002,Demo Nilgiris location B,11.42,76.7,Tamil Nadu,Nilgiris,2022-09-14,5.154815673828125,5.724746614694595,12.79546007514,11.5,76.75
DEMO-NLG-002,Demo Nilgiris location B,11.42,76.7,Tamil Nadu,Nilgiris,2022-09-15,9.559022903442383,14.816972613334656,19.29331836104393,11.5,76.75
DEMO-NLG-002,Demo Nilgiris location B,11.42,76.7,Tamil Nadu,Nilgiris,2022-09-16,0.0,14.713838577270508,19.29331836104393,11.5,76.75
DEMO-NLG-002,Demo Nilgiris location B,11.42,76.7,Tamil Nadu,Nilgiris,2022-09-17,0.0,9.559022903442383,18.433896213769913,11.5,76.75
DEMO-NLG-002,Demo Nilgiris location B,11.42,76.7,Tamil Nadu,Nilgiris,2022-09-18,0.599755048751831,0.599755048751831,15.88352456688881,11.5,76.75
DEMO-NLG-002,Demo Nilgiris location B,11.42,76.7,Tamil Nadu,Nilgiris,2022-09-19,4.883102893829346,5.482857942581177,20.299830555915833,11.5,76.75
DEMO-NLG-002,Demo Nilgiris location B,11.42,76.7,Tamil Nadu,Nilgiris,2022-09-20,0.0,5.482857942581177,20.196696519851685,11.5,76.75
DEMO-NLG-002,Demo Nilgiris location B,11.42,76.7,Tamil Nadu,Nilgiris,2022-09-21,0.0,4.883102893829346,15.04188084602356,11.5,76.75
DEMO-NLG-002,Demo Nilgiris location B,11.42,76.7,Tamil Nadu,Nilgiris,2022-09-22,0.0,0.0,5.482857942581177,11.5,76.75
DEMO-NLG-002,Demo Nilgiris location B,11.42,76.7,Tamil Nadu,Nilgiris,2022-09-23,0.0,0.0,5.482857942581177,11.5,76.75
DEMO-NLG-002,Demo Nilgiris location B,11.42,76.7,Tamil Nadu,Nilgiris,2022-09-24,0.0,0.0,5.482857942581177,11.5,76.75
DEMO-NLG-002,Demo Nilgiris location B,11.42,76.7,Tamil Nadu,Nilgiris,2022-09-25,0.0,0.0,4.883102893829346,11.5,76.75
DEMO-NLG-002,Demo Nilgiris location B,11.42,76.7,Tamil Nadu,Nilgiris,2022-09-26,16.965166091918945,16.965166091918945,16.965166091918945,11.5,76.75
DEMO-NLG-002,Demo Nilgiris location B,11.42,76.7,Tamil Nadu,Nilgiris,2022-09-27,0.0,16.965166091918945,16.965166091918945,11.5,76.75
DEMO-NLG-002,Demo Nilgiris location B,11.42,76.7,Tamil Nadu,Nilgiris,2022-09-28,0.0,16.965166091918945,16.965166091918945,11.5,76.75
DEMO-NLG-002,Demo Nilgiris location B,11.42,76.7,Tamil Nadu,Nilgiris,2022-09-29,0.0,0.0,16.965166091918945,11.5,76.75
DEMO-NLG-002,Demo Nilgiris location B,11.42,76.7,Tamil Nadu,Nilgiris,2022-09-30,0.0,0.0,16.965166091918945,11.5,76.75
DEMO-NLG-002,Demo Nilgiris location B,11.42,76.7,Tamil Nadu,Nilgiris,2022-10-01,0.0,0.0,16.965166091918945,11.5,76.75
DEMO-NLG-002,Demo Nilgiris location B,11.42,76.7,Tamil Nadu,Nilgiris,2022-10-02,0.30940210819244385,0.30940210819244385,17.27456820011139,11.5,76.75
DEMO-NLG-002,Demo Nilgiris location B,11.42,76.7,Tamil Nadu,Nilgiris,2022-10-03,12.512948036193848,12.822350144386292,12.822350144386292,11.5,76.75
DEMO-NLG-002,Demo Nilgiris location B,11.42,76.7,Tamil Nadu,Nilgiris,2022-10-04,0.0,12.822350144386292,12.822350144386292,11.5,76.75
DEMO-NLG-002,Demo Nilgiris location B,11.42,76.7,Tamil Nadu,Nilgiris,2022-10-05,2.8276233673095703,15.340571403503418,15.649973511695862,11.5,76.75
DEMO-NLG-002,Demo Nilgiris location B,11.42,76.7,Tamil Nadu,Nilgiris,2022-10-06,1.2887039184570312,4.116327285766602,16.938677430152893,11.5,76.75
DEMO-NLG-002,Demo Nilgiris location B,11.42,76.7,Tamil Nadu,Nilgiris,2022-10-07,0.0,4.116327285766602,16.938677430152893,11.5,76.75
DEMO-NLG-002,Demo Nilgiris location B,11.42,76.7,Tamil Nadu,Nilgiris,2022-10-08,0.0,1.2887039184570312,16.938677430152893,11.5,76.75
DEMO-NLG-002,Demo Nilgiris location B,11.42,76.7,Tamil Nadu,Nilgiris,2022-10-09,0.0,0.0,16.62927532196045,11.5,76.75
DEMO-NLG-002,Demo Nilgiris location B,11.42,76.7,Tamil Nadu,Nilgiris,2022-10-10,38.13328170776367,38.13328170776367,42.24960899353027,11.5,76.75
DEMO-NLG-002,Demo Nilgiris location B,11.42,76.7,Tamil Nadu,Nilgiris,2022-10-11,2.17565655708313,40.3089382648468,44.4252655506134,11.5,76.75
DEMO-NLG-002,Demo Nilgiris location B,11.42,76.7,Tamil Nadu,Nilgiris,2022-10-12,3.5235419273376465,43.83248019218445,45.12118411064148,11.5,76.75
DEMO-NLG-002,Demo Nilgiris location B,11.42,76.7,Tamil Nadu,Nilgiris,2022-10-13,2.284689426422119,7.9838879108428955,46.11716961860657,11.5,76.75
DEMO-NLG-002,Demo Nilgiris location B,11.42,76.7,Tamil Nadu,Nilgiris,2022-10-14,46.65142822265625,52.459659576416016,92.76859784126282,11.5,76.75
DEMO-NLG-002,Demo Nilgiris location B,11.42,76.7,Tamil Nadu,Nilgiris,2022-10-15,15.648213386535645,64.58433103561401,108.41681122779846,11.5,76.75
DEMO-NLG-002,Demo Nilgiris location B,11.42,76.7,Tamil Nadu,Nilgiris,2022-10-16,21.726791381835938,84.02643299102783,130.1436026096344,11.5,76.75
DEMO-NLG-002,Demo Nilgiris location B,11.42,76.7,Tamil Nadu,Nilgiris,2022-10-17,5.258416175842285,42.63342094421387,97.26873707771301,11.5,76.75
DEMO-NLG-002,Demo Nilgiris location B,11.42,76.7,Tamil Nadu,Nilgiris,2022-10-18,0.10313403606414795,27.08834159374237,95.19621455669403,11.5,76.75
DEMO-NLG-002,Demo Nilgiris location B,11.42,76.7,Tamil Nadu,Nilgiris,2022-10-19,2.8366475105285645,8.198197722434998,94.50932013988495,11.5,76.75
DEMO-NLG-002,Demo Nilgiris location B,11.42,76.7,Tamil Nadu,Nilgiris,2022-10-20,10.747486114501953,13.687267661094666,102.97211682796478,11.5,76.75
DEMO-NLG-002,Demo Nilgiris location B,11.42,76.7,Tamil Nadu,Nilgiris,2022-10-21,19.045095443725586,32.6292290687561,75.36578404903412,11.5,76.75
DEMO-NLG-002,Demo Nilgiris location B,11.42,76.7,Tamil Nadu,Nilgiris,2022-10-22,18.424217224121094,48.21679878234863,78.14178788661957,11.5,76.75
DEMO-NLG-002,Demo Nilgiris location B,11.42,76.7,Tamil Nadu,Nilgiris,2022-10-23,0.0,37.46931266784668,56.41499650478363,11.5,76.75
DEMO-NLG-002,Demo Nilgiris location B,11.42,76.7,Tamil Nadu,Nilgiris,2022-10-24,0.0,18.424217224121094,51.156580328941345,11.5,76.75
DEMO-NLG-002,Demo Nilgiris location B,11.42,76.7,Tamil Nadu,Nilgiris,2022-10-25,0.0,0.0,51.0534462928772,11.5,76.75
DEMO-NLG-002,Demo Nilgiris location B,11.42,76.7,Tamil Nadu,Nilgiris,2022-10-26,0.0,0.0,48.21679878234863,11.5,76.75
DEMO-NLG-002,Demo Nilgiris location B,11.42,76.7,Tamil Nadu,Nilgiris,2022-10-27,0.0,0.0,37.46931266784668,11.5,76.75
DEMO-NLG-002,Demo Nilgiris location B,11.42,76.7,Tamil Nadu,Nilgiris,2022-10-28,0.0,0.0,18.424217224121094,11.5,76.75
DEMO-NLG-002,Demo Nilgiris location B,11.42,76.7,Tamil Nadu,Nilgiris,2022-10-29,0.0,0.0,0.0,11.5,76.75
DEMO-NLG-002,Demo Nilgiris location B,11.42,76.7,Tamil Nadu,Nilgiris,2022-10-30,3.5404303073883057,3.5404303073883057,3.5404303073883057,11.5,76.75
DEMO-NLG-002,Demo Nilgiris location B,11.42,76.7,Tamil Nadu,Nilgiris,2022-10-31,2.7011687755584717,6.241599082946777,6.241599082946777,11.5,76.75
DEMO-NLG-002,Demo Nilgiris location B,11.42,76.7,Tamil Nadu,Nilgiris,2022-11-01,0.30940210819244385,6.551001191139221,6.551001191139221,11.5,76.75
DEMO-NLG-002,Demo Nilgiris location B,11.42,76.7,Tamil Nadu,Nilgiris,2022-11-02,0.0,3.0105708837509155,6.551001191139221,11.5,76.75
DEMO-NLG-002,Demo Nilgiris location B,11.42,76.7,Tamil Nadu,Nilgiris,2022-11-03,18.648897171020508,18.95829927921295,25.19989836215973,11.5,76.75
DEMO-NLG-002,Demo Nilgiris location B,11.42,76.7,Tamil Nadu,Nilgiris,2022-11-04,6.706110000610352,25.35500717163086,31.90600836277008,11.5,76.75
DEMO-NLG-002,Demo Nilgiris location B,11.42,76.7,Tamil Nadu,Nilgiris,2022-11-05,14.902968406677246,40.257975578308105,46.80897676944733,11.5,76.75
DEMO-NLG-002,Demo Nilgiris location B,11.42,76.7,Tamil Nadu,Nilgiris,2022-11-06,1.2887039184570312,22.89778232574463,44.55725038051605,11.5,76.75
DEMO-NLG-002,Demo Nilgiris location B,11.42,76.7,Tamil Nadu,Nilgiris,2022-11-07,5.422520637512207,21.614192962646484,47.27860224246979,11.5,76.75
DEMO-NLG-002,Demo Nilgiris location B,11.42,76.7,Tamil Nadu,Nilgiris,2022-11-08,0.0,6.711224555969238,46.969200134277344,11.5,76.75
DEMO-NLG-002,Demo Nilgiris location B,11.42,76.7,Tamil Nadu,Nilgiris,2022-11-09,0.0,5.422520637512207,46.969200134277344,11.5,76.75
DEMO-NLG-002,Demo Nilgiris location B,11.42,76.7,Tamil Nadu,Nilgiris,2022-11-10,0.0,0.0,28.320302963256836,11.5,76.75
DEMO-NLG-002,Demo Nilgiris location B,11.42,76.7,Tamil Nadu,Nilgiris,2022-11-11,2.2731406688690186,2.2731406688690186,23.887333631515503,11.5,76.75
DEMO-NLG-002,Demo Nilgiris location B,11.42,76.7,Tamil Nadu,Nilgiris,2022-11-12,52.28709030151367,54.56023097038269,61.27145552635193,11.5,76.75
DEMO-NLG-002,Demo Nilgiris location B,11.42,76.7,Tamil Nadu,Nilgiris,2022-11-13,23.17591667175293,77.73614764213562,83.15866827964783,11.5,76.75
DEMO-NLG-002,Demo Nilgiris location B,11.42,76.7,Tamil Nadu,Nilgiris,2022-11-14,8.58574390411377,84.04875087738037,86.32189154624939,11.5,76.75
DEMO-NLG-002,Demo Nilgiris location B,11.42,76.7,Tamil Nadu,Nilgiris,2022-11-15,4.1523308753967285,35.91399145126343,90.47422242164612,11.5,76.75
DEMO-NLG-002,Demo Nilgiris location B,11.42,76.7,Tamil Nadu,Nilgiris,2022-11-16,0.17381660640239716,12.911891385912895,90.64803902804852,11.5,76.75
DEMO-NLG-002,Demo Nilgiris location B,11.42,76.7,Tamil Nadu,Nilgiris,2022-11-17,0.0,4.326147481799126,90.64803902804852,11.5,76.75
DEMO-NLG-002,Demo Nilgiris location B,11.42,76.7,Tamil Nadu,Nilgiris,2022-11-18,0.0,0.17381660640239716,88.3748983591795,11.5,76.75
DEMO-NLG-002,Demo Nilgiris location B,11.42,76.7,Tamil Nadu,Nilgiris,2022-11-19,0.0,0.0,36.087808057665825,11.5,76.75
DEMO-NLG-002,Demo Nilgiris location B,11.42,76.7,Tamil Nadu,Nilgiris,2022-11-20,0.0,0.0,12.911891385912895,11.5,76.75
DEMO-NLG-002,Demo Nilgiris location B,11.42,76.7,Tamil Nadu,Nilgiris,2022-11-21,0.0,0.0,4.326147481799126,11.5,76.75
DEMO-NLG-002,Demo Nilgiris location B,11.42,76.7,Tamil Nadu,Nilgiris,2022-11-22,0.0,0.0,0.17381660640239716,11.5,76.75
DEMO-NLG-002,Demo Nilgiris location B,11.42,76.7,Tamil Nadu,Nilgiris,2022-11-23,0.0,0.0,0.0,11.5,76.75
DEMO-NLG-002,Demo Nilgiris location B,11.42,76.7,Tamil Nadu,Nilgiris,2022-11-24,0.0,0.0,0.0,11.5,76.75
DEMO-NLG-002,Demo Nilgiris location B,11.42,76.7,Tamil Nadu,Nilgiris,2022-11-25,1.4397298097610474,1.4397298097610474,1.4397298097610474,11.5,76.75
DEMO-NLG-002,Demo Nilgiris location B,11.42,76.7,Tamil Nadu,Nilgiris,2022-11-26,0.26512598991394043,1.7048557996749878,1.7048557996749878,11.5,76.75
DEMO-NLG-002,Demo Nilgiris location B,11.42,76.7,Tamil Nadu,Nilgiris,2022-11-27,3.31392765045166,5.018783450126648,5.018783450126648,11.5,76.75
DEMO-NLG-002,Demo Nilgiris location B,11.42,76.7,Tamil Nadu,Nilgiris,2022-11-28,8.860408782958984,12.439462423324585,13.879192233085632,11.5,76.75
DEMO-NLG-002,Demo Nilgiris location B,11.42,76.7,Tamil Nadu,Nilgiris,2022-11-29,10.323715209960938,22.498051643371582,24.20290744304657,11.5,76.75
DEMO-NLG-002,Demo Nilgiris location B,11.42,76.7,Tamil Nadu,Nilgiris,2022-11-30,7.223334312438965,26.407458305358887,31.426241755485535,11.5,76.75
DEMO-NLG-002,Demo Nilgiris location B,11.42,76.7,Tamil Nadu,Nilgiris,2022-12-01,0.0,17.547049522399902,31.426241755485535,11.5,76.75
DEMO-NLG-002,Demo Nilgiris location B,11.42,76.7,Tamil Nadu,Nilgiris,2022-12-02,1.2887039184570312,8.512038230895996,31.27521586418152,11.5,76.75
DEMO-NLG-002,Demo Nilgiris location B,11.42,76.7,Tamil Nadu,Nilgiris,2022-12-03,2.7048561573028564,3.9935600757598877,33.714946031570435,11.5,76.75
DEMO-NLG-002,Demo Nilgiris location B,11.42,76.7,Tamil Nadu,Nilgiris,2022-12-04,1.6113827228546143,5.604942798614502,32.01240110397339,11.5,76.75
DEMO-NLG-002,Demo Nilgiris location B,11.42,76.7,Tamil Nadu,Nilgiris,2022-12-05,5.3266143798828125,9.642853260040283,28.478606700897217,11.5,76.75
DEMO-NLG-002,Demo Nilgiris location B,11.42,76.7,Tamil Nadu,Nilgiris,2022-12-06,0.0,6.937997102737427,18.15489149093628,11.5,76.75
DEMO-NLG-002,Demo Nilgiris location B,11.42,76.7,Tamil Nadu,Nilgiris,2022-12-07,0.0,5.3266143798828125,10.931557178497314,11.5,76.75
DEMO-NLG-002,Demo Nilgiris location B,11.42,76.7,Tamil Nadu,Nilgiris,2022-12-08,0.0,0.0,10.931557178497314,11.5,76.75
DEMO-NLG-002,Demo Nilgiris location B,11.42,76.7,Tamil Nadu,Nilgiris,2022-12-09,0.12376084923744202,0.12376084923744202,9.766614109277725,11.5,76.75
DEMO-NLG-002,Demo Nilgiris location B,11.42,76.7,Tamil Nadu,Nilgiris,2022-12-10,17.672189712524414,17.795950561761856,24.733947664499283,11.5,76.75
DEMO-NLG-002,Demo Nilgiris location B,11.42,76.7,Tamil Nadu,Nilgiris,2022-12-11,37.80657958984375,55.602530151605606,60.92914453148842,11.5,76.75
DEMO-NLG-002,Demo Nilgiris location B,11.42,76.7,Tamil Nadu,Nilgiris,2022-12-12,21.692276000976562,77.17104530334473,77.29480615258217,11.5,76.75
DEMO-NLG-002,Demo Nilgiris location B,11.42,76.7,Tamil Nadu,Nilgiris,2022-12-13,2.765949010848999,62.26480460166931,80.06075516343117,11.5,76.75
DEMO-NLG-002,Demo Nilgiris location B,11.42,76.7,Tamil Nadu,Nilgiris,2022-12-14,90.77367401123047,115.23189902305603,170.83442917466164,11.5,76.75
DEMO-NLG-002,Demo Nilgiris location B,11.42,76.7,Tamil Nadu,Nilgiris,2022-12-15,0.13256299495697021,93.67218601703644,170.9669921696186,11.5,76.75
DEMO-NLG-002,Demo Nilgiris location B,11.42,76.7,Tamil Nadu,Nilgiris,2022-12-16,0.0,90.90623700618744,170.84323132038116,11.5,76.75
DEMO-NLG-002,Demo Nilgiris location B,11.42,76.7,Tamil Nadu,Nilgiris,2022-12-17,0.0,0.13256299495697021,153.17104160785675,11.5,76.75
DEMO-NLG-002,Demo Nilgiris location B,11.42,76.7,Tamil Nadu,Nilgiris,2022-12-18,0.0,0.0,115.364462018013,11.5,76.75
DEMO-NLG-002,Demo Nilgiris location B,11.42,76.7,Tamil Nadu,Nilgiris,2022-12-19,0.0,0.0,93.67218601703644,11.5,76.75
DEMO-NLG-002,Demo Nilgiris location B,11.42,76.7,Tamil Nadu,Nilgiris,2022-12-20,0.0,0.0,90.90623700618744,11.5,76.75
DEMO-NLG-002,Demo Nilgiris location B,11.42,76.7,Tamil Nadu,Nilgiris,2022-12-21,0.0,0.0,0.13256299495697021,11.5,76.75
DEMO-NLG-002,Demo Nilgiris location B,11.42,76.7,Tamil Nadu,Nilgiris,2022-12-22,0.0,0.0,0.0,11.5,76.75
DEMO-NLG-002,Demo Nilgiris location B,11.42,76.7,Tamil Nadu,Nilgiris,2022-12-23,0.0,0.0,0.0,11.5,76.75
DEMO-NLG-002,Demo Nilgiris location B,11.42,76.7,Tamil Nadu,Nilgiris,2022-12-24,0.0,0.0,0.0,11.5,76.75
DEMO-NLG-002,Demo Nilgiris location B,11.42,76.7,Tamil Nadu,Nilgiris,2022-12-25,0.0,0.0,0.0,11.5,76.75
DEMO-NLG-002,Demo Nilgiris location B,11.42,76.7,Tamil Nadu,Nilgiris,2022-12-26,20.591760635375977,20.591760635375977,20.591760635375977,11.5,76.75
DEMO-NLG-002,Demo Nilgiris location B,11.42,76.7,Tamil Nadu,Nilgiris,2022-12-27,5.6551947593688965,26.246955394744873,26.246955394744873,11.5,76.75
DEMO-NLG-002,Demo Nilgiris location B,11.42,76.7,Tamil Nadu,Nilgiris,2022-12-28,4.236879348754883,30.483834743499756,30.483834743499756,11.5,76.75
DEMO-NLG-002,Demo Nilgiris location B,11.42,76.7,Tamil Nadu,Nilgiris,2022-12-29,0.0,9.89207410812378,30.483834743499756,11.5,76.75
DEMO-NLG-002,Demo Nilgiris location B,11.42,76.7,Tamil Nadu,Nilgiris,2022-12-30,0.0,4.236879348754883,30.483834743499756,11.5,76.75
DEMO-NLG-002,Demo Nilgiris location B,11.42,76.7,Tamil Nadu,Nilgiris,2022-12-31,0.0,0.0,30.483834743499756,11.5,76.75
DEMO-NLG-002,Demo Nilgiris location B,11.42,76.7,Tamil Nadu,Nilgiris,2023-01-01,0.0,,,11.5,76.75
DEMO-NLG-002,Demo Nilgiris location B,11.42,76.7,Tamil Nadu,Nilgiris,2023-01-02,0.0,,,11.5,76.75
DEMO-NLG-002,Demo Nilgiris location B,11.42,76.7,Tamil Nadu,Nilgiris,2023-01-03,0.0,0.0,,11.5,76.75
DEMO-NLG-002,Demo Nilgiris location B,11.42,76.7,Tamil Nadu,Nilgiris,2023-01-04,0.0,0.0,,11.5,76.75
DEMO-NLG-002,Demo Nilgiris location B,11.42,76.7,Tamil Nadu,Nilgiris,2023-01-05,0.0,0.0,,11.5,76.75
DEMO-NLG-002,Demo Nilgiris location B,11.42,76.7,Tamil Nadu,Nilgiris,2023-01-06,0.0,0.0,,11.5,76.75
DEMO-NLG-002,Demo Nilgiris location B,11.42,76.7,Tamil Nadu,Nilgiris,2023-01-07,0.0,0.0,0.0,11.5,76.75
DEMO-NLG-002,Demo Nilgiris location B,11.42,76.7,Tamil Nadu,Nilgiris,2023-01-08,0.0,0.0,0.0,11.5,76.75
DEMO-NLG-002,Demo Nilgiris location B,11.42,76.7,Tamil Nadu,Nilgiris,2023-01-09,0.0,0.0,0.0,11.5,76.75
DEMO-NLG-002,Demo Nilgiris location B,11.42,76.7,Tamil Nadu,Nilgiris,2023-01-10,0.0,0.0,0.0,11.5,76.75
DEMO-NLG-002,Demo Nilgiris location B,11.42,76.7,Tamil Nadu,Nilgiris,2023-01-11,0.0,0.0,0.0,11.5,76.75
DEMO-NLG-002,Demo Nilgiris location B,11.42,76.7,Tamil Nadu,Nilgiris,2023-01-12,0.0,0.0,0.0,11.5,76.75
DEMO-NLG-002,Demo Nilgiris location B,11.42,76.7,Tamil Nadu,Nilgiris,2023-01-13,0.0,0.0,0.0,11.5,76.75
DEMO-NLG-002,Demo Nilgiris location B,11.42,76.7,Tamil Nadu,Nilgiris,2023-01-14,0.0,0.0,0.0,11.5,76.75
DEMO-NLG-002,Demo Nilgiris location B,11.42,76.7,Tamil Nadu,Nilgiris,2023-01-15,0.0,0.0,0.0,11.5,76.75
DEMO-NLG-002,Demo Nilgiris location B,11.42,76.7,Tamil Nadu,Nilgiris,2023-01-16,0.0,0.0,0.0,11.5,76.75
DEMO-NLG-002,Demo Nilgiris location B,11.42,76.7,Tamil Nadu,Nilgiris,2023-01-17,0.0,0.0,0.0,11.5,76.75
DEMO-NLG-002,Demo Nilgiris location B,11.42,76.7,Tamil Nadu,Nilgiris,2023-01-18,0.0,0.0,0.0,11.5,76.75
DEMO-NLG-002,Demo Nilgiris location B,11.42,76.7,Tamil Nadu,Nilgiris,2023-01-19,0.0,0.0,0.0,11.5,76.75
DEMO-NLG-002,Demo Nilgiris location B,11.42,76.7,Tamil Nadu,Nilgiris,2023-01-20,0.0,0.0,0.0,11.5,76.75
DEMO-NLG-002,Demo Nilgiris location B,11.42,76.7,Tamil Nadu,Nilgiris,2023-01-21,0.0,0.0,0.0,11.5,76.75
DEMO-NLG-002,Demo Nilgiris location B,11.42,76.7,Tamil Nadu,Nilgiris,2023-01-22,0.0,0.0,0.0,11.5,76.75
DEMO-NLG-002,Demo Nilgiris location B,11.42,76.7,Tamil Nadu,Nilgiris,2023-01-23,0.0,0.0,0.0,11.5,76.75
DEMO-NLG-002,Demo Nilgiris location B,11.42,76.7,Tamil Nadu,Nilgiris,2023-01-24,1.8316211700439453,1.8316211700439453,1.8316211700439453,11.5,76.75
DEMO-NLG-002,Demo Nilgiris location B,11.42,76.7,Tamil Nadu,Nilgiris,2023-01-25,14.227042198181152,16.058663368225098,16.058663368225098,11.5,76.75
DEMO-NLG-002,Demo Nilgiris location B,11.42,76.7,Tamil Nadu,Nilgiris,2023-01-26,0.0,16.058663368225098,16.058663368225098,11.5,76.75
DEMO-NLG-002,Demo Nilgiris location B,11.42,76.7,Tamil Nadu,Nilgiris,2023-01-27,0.0,14.227042198181152,16.058663368225098,11.5,76.75
DEMO-NLG-002,Demo Nilgiris location B,11.42,76.7,Tamil Nadu,Nilgiris,2023-01-28,0.0,0.0,16.058663368225098,11.5,76.75
DEMO-NLG-002,Demo Nilgiris location B,11.42,76.7,Tamil Nadu,Nilgiris,2023-01-29,0.0,0.0,16.058663368225098,11.5,76.75
DEMO-NLG-002,Demo Nilgiris location B,11.42,76.7,Tamil Nadu,Nilgiris,2023-01-30,0.0,0.0,16.058663368225098,11.5,76.75
DEMO-NLG-002,Demo Nilgiris location B,11.42,76.7,Tamil Nadu,Nilgiris,2023-01-31,0.0,0.0,14.227042198181152,11.5,76.75
DEMO-NLG-002,Demo Nilgiris location B,11.42,76.7,Tamil Nadu,Nilgiris,2023-02-01,0.0,0.0,0.0,11.5,76.75
DEMO-NLG-002,Demo Nilgiris location B,11.42,76.7,Tamil Nadu,Nilgiris,2023-02-02,0.0,0.0,0.0,11.5,76.75
DEMO-NLG-002,Demo Nilgiris location B,11.42,76.7,Tamil Nadu,Nilgiris,2023-02-03,0.0,0.0,0.0,11.5,76.75
DEMO-NLG-002,Demo Nilgiris location B,11.42,76.7,Tamil Nadu,Nilgiris,2023-02-04,5.849946022033691,5.849946022033691,5.849946022033691,11.5,76.75
DEMO-NLG-002,Demo Nilgiris location B,11.42,76.7,Tamil Nadu,Nilgiris,2023-02-05,0.0,5.849946022033691,5.849946022033691,11.5,76.75
DEMO-NLG-002,Demo Nilgiris location B,11.42,76.7,Tamil Nadu,Nilgiris,2023-02-06,0.0,5.849946022033691,5.849946022033691,11.5,76.75
DEMO-NLG-002,Demo Nilgiris location B,11.42,76.7,Tamil Nadu,Nilgiris,2023-02-07,0.0,0.0,5.849946022033691,11.5,76.75
DEMO-NLG-002,Demo Nilgiris location B,11.42,76.7,Tamil Nadu,Nilgiris,2023-02-08,0.0,0.0,5.849946022033691,11.5,76.75
DEMO-NLG-002,Demo Nilgiris location B,11.42,76.7,Tamil Nadu,Nilgiris,2023-02-09,0.0,0.0,5.849946022033691,11.5,76.75
DEMO-NLG-002,Demo Nilgiris location B,11.42,76.7,Tamil Nadu,Nilgiris,2023-02-10,0.0,0.0,5.849946022033691,11.5,76.75
DEMO-NLG-002,Demo Nilgiris location B,11.42,76.7,Tamil Nadu,Nilgiris,2023-02-11,0.0,0.0,0.0,11.5,76.75
DEMO-NLG-002,Demo Nilgiris location B,11.42,76.7,Tamil Nadu,Nilgiris,2023-02-12,0.0,0.0,0.0,11.5,76.75
DEMO-NLG-002,Demo Nilgiris location B,11.42,76.7,Tamil Nadu,Nilgiris,2023-02-13,0.0,0.0,0.0,11.5,76.75
DEMO-NLG-002,Demo Nilgiris location B,11.42,76.7,Tamil Nadu,Nilgiris,2023-02-14,0.0,0.0,0.0,11.5,76.75
DEMO-NLG-002,Demo Nilgiris location B,11.42,76.7,Tamil Nadu,Nilgiris,2023-02-15,0.0,0.0,0.0,11.5,76.75
DEMO-NLG-002,Demo Nilgiris location B,11.42,76.7,Tamil Nadu,Nilgiris,2023-02-16,0.0,0.0,0.0,11.5,76.75
DEMO-NLG-002,Demo Nilgiris location B,11.42,76.7,Tamil Nadu,Nilgiris,2023-02-17,0.0,0.0,0.0,11.5,76.75
DEMO-NLG-002,Demo Nilgiris location B,11.42,76.7,Tamil Nadu,Nilgiris,2023-02-18,0.0,0.0,0.0,11.5,76.75
DEMO-NLG-002,Demo Nilgiris location B,11.42,76.7,Tamil Nadu,Nilgiris,2023-02-19,0.0,0.0,0.0,11.5,76.75
DEMO-NLG-002,Demo Nilgiris location B,11.42,76.7,Tamil Nadu,Nilgiris,2023-02-20,0.0,0.0,0.0,11.5,76.75
DEMO-NLG-002,Demo Nilgiris location B,11.42,76.7,Tamil Nadu,Nilgiris,2023-02-21,0.0,0.0,0.0,11.5,76.75
DEMO-NLG-002,Demo Nilgiris location B,11.42,76.7,Tamil Nadu,Nilgiris,2023-02-22,0.0,0.0,0.0,11.5,76.75
DEMO-NLG-002,Demo Nilgiris location B,11.42,76.7,Tamil Nadu,Nilgiris,2023-02-23,0.0,0.0,0.0,11.5,76.75
DEMO-NLG-002,Demo Nilgiris location B,11.42,76.7,Tamil Nadu,Nilgiris,2023-02-24,0.0,0.0,0.0,11.5,76.75
DEMO-NLG-002,Demo Nilgiris location B,11.42,76.7,Tamil Nadu,Nilgiris,2023-02-25,0.0,0.0,0.0,11.5,76.75
DEMO-NLG-002,Demo Nilgiris location B,11.42,76.7,Tamil Nadu,Nilgiris,2023-02-26,0.0,0.0,0.0,11.5,76.75
DEMO-NLG-002,Demo Nilgiris location B,11.42,76.7,Tamil Nadu,Nilgiris,2023-02-27,0.0,0.0,0.0,11.5,76.75
DEMO-NLG-002,Demo Nilgiris location B,11.42,76.7,Tamil Nadu,Nilgiris,2023-02-28,0.0,0.0,0.0,11.5,76.75
DEMO-NLG-002,Demo Nilgiris location B,11.42,76.7,Tamil Nadu,Nilgiris,2023-03-01,0.0,0.0,0.0,11.5,76.75
DEMO-NLG-002,Demo Nilgiris location B,11.42,76.7,Tamil Nadu,Nilgiris,2023-03-02,0.0,0.0,0.0,11.5,76.75
DEMO-NLG-002,Demo Nilgiris location B,11.42,76.7,Tamil Nadu,Nilgiris,2023-03-03,0.0,0.0,0.0,11.5,76.75
DEMO-NLG-002,Demo Nilgiris location B,11.42,76.7,Tamil Nadu,Nilgiris,2023-03-04,0.0,0.0,0.0,11.5,76.75
DEMO-NLG-002,Demo Nilgiris location B,11.42,76.7,Tamil Nadu,Nilgiris,2023-03-05,0.0,0.0,0.0,11.5,76.75
DEMO-NLG-002,Demo Nilgiris location B,11.42,76.7,Tamil Nadu,Nilgiris,2023-03-06,0.0,0.0,0.0,11.5,76.75
DEMO-NLG-002,Demo Nilgiris location B,11.42,76.7,Tamil Nadu,Nilgiris,2023-03-07,0.0,0.0,0.0,11.5,76.75
DEMO-NLG-002,Demo Nilgiris location B,11.42,76.7,Tamil Nadu,Nilgiris,2023-03-08,0.0,0.0,0.0,11.5,76.75
DEMO-NLG-002,Demo Nilgiris location B,11.42,76.7,Tamil Nadu,Nilgiris,2023-03-09,0.0,0.0,0.0,11.5,76.75
DEMO-NLG-002,Demo Nilgiris location B,11.42,76.7,Tamil Nadu,Nilgiris,2023-03-10,0.0,0.0,0.0,11.5,76.75
DEMO-NLG-002,Demo Nilgiris location B,11.42,76.7,Tamil Nadu,Nilgiris,2023-03-11,0.0,0.0,0.0,11.5,76.75
DEMO-NLG-002,Demo Nilgiris location B,11.42,76.7,Tamil Nadu,Nilgiris,2023-03-12,0.0,0.0,0.0,11.5,76.75
DEMO-NLG-002,Demo Nilgiris location B,11.42,76.7,Tamil Nadu,Nilgiris,2023-03-13,0.0,0.0,0.0,11.5,76.75
DEMO-NLG-002,Demo Nilgiris location B,11.42,76.7,Tamil Nadu,Nilgiris,2023-03-14,0.0,0.0,0.0,11.5,76.75
DEMO-NLG-002,Demo Nilgiris location B,11.42,76.7,Tamil Nadu,Nilgiris,2023-03-15,0.0,0.0,0.0,11.5,76.75
DEMO-NLG-002,Demo Nilgiris location B,11.42,76.7,Tamil Nadu,Nilgiris,2023-03-16,0.0,0.0,0.0,11.5,76.75
DEMO-NLG-002,Demo Nilgiris location B,11.42,76.7,Tamil Nadu,Nilgiris,2023-03-17,0.0,0.0,0.0,11.5,76.75
DEMO-NLG-002,Demo Nilgiris location B,11.42,76.7,Tamil Nadu,Nilgiris,2023-03-18,4.477393627166748,4.477393627166748,4.477393627166748,11.5,76.75
DEMO-NLG-002,Demo Nilgiris location B,11.42,76.7,Tamil Nadu,Nilgiris,2023-03-19,0.0,4.477393627166748,4.477393627166748,11.5,76.75
DEMO-NLG-002,Demo Nilgiris location B,11.42,76.7,Tamil Nadu,Nilgiris,2023-03-20,0.0,4.477393627166748,4.477393627166748,11.5,76.75
DEMO-NLG-002,Demo Nilgiris location B,11.42,76.7,Tamil Nadu,Nilgiris,2023-03-21,0.0,0.0,4.477393627166748,11.5,76.75
DEMO-NLG-002,Demo Nilgiris location B,11.42,76.7,Tamil Nadu,Nilgiris,2023-03-22,0.0,0.0,4.477393627166748,11.5,76.75
DEMO-NLG-002,Demo Nilgiris location B,11.42,76.7,Tamil Nadu,Nilgiris,2023-03-23,0.0,0.0,4.477393627166748,11.5,76.75
DEMO-NLG-002,Demo Nilgiris location B,11.42,76.7,Tamil Nadu,Nilgiris,2023-03-24,0.0,0.0,4.477393627166748,11.5,76.75
DEMO-NLG-002,Demo Nilgiris location B,11.42,76.7,Tamil Nadu,Nilgiris,2023-03-25,0.3621785044670105,0.3621785044670105,0.3621785044670105,11.5,76.75
DEMO-NLG-002,Demo Nilgiris location B,11.42,76.7,Tamil Nadu,Nilgiris,2023-03-26,0.0,0.3621785044670105,0.3621785044670105,11.5,76.75
DEMO-NLG-002,Demo Nilgiris location B,11.42,76.7,Tamil Nadu,Nilgiris,2023-03-27,12.786381721496582,13.148560225963593,13.148560225963593,11.5,76.75
DEMO-NLG-002,Demo Nilgiris location B,11.42,76.7,Tamil Nadu,Nilgiris,2023-03-28,0.0,12.786381721496582,13.148560225963593,11.5,76.75
DEMO-NLG-002,Demo Nilgiris location B,11.42,76.7,Tamil Nadu,Nilgiris,2023-03-29,11.829147338867188,24.61552906036377,24.97770756483078,11.5,76.75
DEMO-NLG-002,Demo Nilgiris location B,11.42,76.7,Tamil Nadu,Nilgiris,2023-03-30,10.943133354187012,22.7722806930542,35.92084091901779,11.5,76.75
DEMO-NLG-002,Demo Nilgiris location B,11.42,76.7,Tamil Nadu,Nilgiris,2023-03-31,1.9388078451156616,24.71108853816986,37.85964876413345,11.5,76.75
DEMO-NLG-002,Demo Nilgiris location B,11.42,76.7,Tamil Nadu,Nilgiris,2023-04-01,0.0,12.881941199302673,37.49747025966644,11.5,76.75
DEMO-NLG-002,Demo Nilgiris location B,11.42,76.7,Tamil Nadu,Nilgiris,2023-04-02,1.438423752784729,3.3772315979003906,38.93589401245117,11.5,76.75
DEMO-NLG-002,Demo Nilgiris location B,11.42,76.7,Tamil Nadu,Nilgiris,2023-04-03,0.0,1.438423752784729,26.14951229095459,11.5,76.75
DEMO-NLG-002,Demo Nilgiris location B,11.42,76.7,Tamil Nadu,Nilgiris,2023-04-04,5.821969032287598,7.260392785072327,31.971481323242188,11.5,76.75
DEMO-NLG-002,Demo Nilgiris location B,11.42,76.7,Tamil Nadu,Nilgiris,2023-04-05,15.476222038269043,21.29819107055664,35.61855602264404,11.5,76.75
DEMO-NLG-002,Demo Nilgiris location B,11.42,76.7,Tamil Nadu,Nilgiris,2023-04-06,0.0,21.29819107055664,24.67542266845703,11.5,76.75
DEMO-NLG-002,Demo Nilgiris location B,11.42,76.7,Tamil Nadu,Nilgiris,2023-04-07,0.0,15.476222038269043,22.73661482334137,11.5,76.75
DEMO-NLG-002,Demo Nilgiris location B,11.42,76.7,Tamil Nadu,Nilgiris,2023-04-08,0.0,0.0,22.73661482334137,11.5,76.75
DEMO-NLG-002,Demo Nilgiris location B,11.42,76.7,Tamil Nadu,Nilgiris,2023-04-09,0.0,0.0,21.29819107055664,11.5,76.75
DEMO-NLG-002,Demo Nilgiris location B,11.42,76.7,Tamil Nadu,Nilgiris,2023-04-10,0.0,0.0,21.29819107055664,11.5,76.75
DEMO-NLG-002,Demo Nilgiris location B,11.42,76.7,Tamil Nadu,Nilgiris,2023-04-11,0.0,0.0,15.476222038269043,11.5,76.75
DEMO-NLG-002,Demo Nilgiris location B,11.42,76.7,Tamil Nadu,Nilgiris,2023-04-12,0.0,0.0,0.0,11.5,76.75
DEMO-NLG-002,Demo Nilgiris location B,11.42,76.7,Tamil Nadu,Nilgiris,2023-04-13,0.0,0.0,0.0,11.5,76.75
DEMO-NLG-002,Demo Nilgiris location B,11.42,76.7,Tamil Nadu,Nilgiris,2023-04-14,0.0,0.0,0.0,11.5,76.75
DEMO-NLG-002,Demo Nilgiris location B,11.42,76.7,Tamil Nadu,Nilgiris,2023-04-15,0.0,0.0,0.0,11.5,76.75
DEMO-NLG-002,Demo Nilgiris location B,11.42,76.7,Tamil Nadu,Nilgiris,2023-04-16,0.0,0.0,0.0,11.5,76.75
DEMO-NLG-002,Demo Nilgiris location B,11.42,76.7,Tamil Nadu,Nilgiris,2023-04-17,0.0,0.0,0.0,11.5,76.75
DEMO-NLG-002,Demo Nilgiris location B,11.42,76.7,Tamil Nadu,Nilgiris,2023-04-18,0.0,0.0,0.0,11.5,76.75
DEMO-NLG-002,Demo Nilgiris location B,11.42,76.7,Tamil Nadu,Nilgiris,2023-04-19,0.0,0.0,0.0,11.5,76.75
DEMO-NLG-002,Demo Nilgiris location B,11.42,76.7,Tamil Nadu,Nilgiris,2023-04-20,0.0,0.0,0.0,11.5,76.75
DEMO-NLG-002,Demo Nilgiris location B,11.42,76.7,Tamil Nadu,Nilgiris,2023-04-21,0.0,0.0,0.0,11.5,76.75
DEMO-NLG-002,Demo Nilgiris location B,11.42,76.7,Tamil Nadu,Nilgiris,2023-04-22,0.0,0.0,0.0,11.5,76.75
DEMO-NLG-002,Demo Nilgiris location B,11.42,76.7,Tamil Nadu,Nilgiris,2023-04-23,17.104944229125977,17.104944229125977,17.104944229125977,11.5,76.75
DEMO-NLG-002,Demo Nilgiris location B,11.42,76.7,Tamil Nadu,Nilgiris,2023-04-24,8.940342903137207,26.045287132263184,26.045287132263184,11.5,76.75
DEMO-NLG-002,Demo Nilgiris location B,11.42,76.7,Tamil Nadu,Nilgiris,2023-04-25,16.30377960205078,42.349066734313965,42.349066734313965,11.5,76.75
DEMO-NLG-002,Demo Nilgiris location B,11.42,76.7,Tamil Nadu,Nilgiris,2023-04-26,8.795719146728516,34.039841651916504,51.14478588104248,11.5,76.75
DEMO-NLG-002,Demo Nilgiris location B,11.42,76.7,Tamil Nadu,Nilgiris,2023-04-27,0.0,25.099498748779297,51.14478588104248,11.5,76.75
DEMO-NLG-002,Demo Nilgiris location B,11.42,76.7,Tamil Nadu,Nilgiris,2023-04-28,1.5522570610046387,10.347976207733154,52.69704294204712,11.5,76.75
DEMO-NLG-002,Demo Nilgiris location B,11.42,76.7,Tamil Nadu,Nilgiris,2023-04-29,1.8419935703277588,3.3942506313323975,54.53903651237488,11.5,76.75
DEMO-NLG-002,Demo Nilgiris location B,11.42,76.7,Tamil Nadu,Nilgiris,2023-04-30,5.703579902648926,9.097830533981323,43.13767218589783,11.5,76.75
DEMO-NLG-002,Demo Nilgiris location B,11.42,76.7,Tamil Nadu,Nilgiris,2023-05-01,17.088275909423828,24.633849382400513,51.28560519218445,11.5,76.75
DEMO-NLG-002,Demo Nilgiris location B,11.42,76.7,Tamil Nadu,Nilgiris,2023-05-02,59.125614166259766,81.91746997833252,94.10743975639343,11.5,76.75
DEMO-NLG-002,Demo Nilgiris location B,11.42,76.7,Tamil Nadu,Nilgiris,2023-05-03,8.959443092346191,85.17333316802979,94.27116370201111,11.5,76.75
DEMO-NLG-002,Demo Nilgiris location B,11.42,76.7,Tamil Nadu,Nilgiris,2023-05-04,0.40644514560699463,68.49150240421295,94.6776088476181,11.5,76.75
DEMO-NLG-002,Demo Nilgiris location B,11.42,76.7,Tamil Nadu,Nilgiris,2023-05-05,5.00266695022583,14.368555188179016,98.1280187368393,11.5,76.75
DEMO-NLG-002,Demo Nilgiris location B,11.42,76.7,Tamil Nadu,Nilgiris,2023-05-06,2.0186376571655273,7.427749752998352,98.30466282367706,11.5,76.75
DEMO-NLG-002,Demo Nilgiris location B,11.42,76.7,Tamil Nadu,Nilgiris,2023-05-07,10.577095031738281,17.59839963912964,103.17817795276642,11.5,76.75
DEMO-NLG-002,Demo Nilgiris location B,11.42,76.7,Tamil Nadu,Nilgiris,2023-05-08,0.0,12.595732688903809,86.08990204334259,11.5,76.75
DEMO-NLG-002,Demo Nilgiris location B,11.42,76.7,Tamil Nadu,Nilgiris,2023-05-09,0.7427749037742615,11.319869935512543,27.707062780857086,11.5,76.75
DEMO-NLG-002,Demo Nilgiris location B,11.42,76.7,Tamil Nadu,Nilgiris,2023-05-10,33.85756301879883,34.60033792257309,52.60518270730972,11.5,76.75
DEMO-NLG-002,Demo Nilgiris location B,11.42,76.7,Tamil Nadu,Nilgiris,2023-05-11,0.4828942120075226,35.08323213458061,52.68163177371025,11.5,76.75
DEMO-NLG-002,Demo Nilgiris location B,11.42,76.7,Tamil Nadu,Nilgiris,2023-05-12,3.501218557357788,37.84167578816414,51.18018338084221,11.5,76.75
DEMO-NLG-002,Demo Nilgiris location B,11.42,76.7,Tamil Nadu,Nilgiris,2023-05-13,0.0,3.9841127693653107,49.16154572367668,11.5,76.75
DEMO-NLG-002,Demo Nilgiris location B,11.42,76.7,Tamil Nadu,Nilgiris,2023-05-14,0.0,3.501218557357788,38.5844506919384,11.5,76.75
DEMO-NLG-002,Demo Nilgiris location B,11.42,76.7,Tamil Nadu,Nilgiris,2023-05-15,0.0,0.0,38.5844506919384,11.5,76.75
DEMO-NLG-002,Demo Nilgiris location B,11.42,76.7,Tamil Nadu,Nilgiris,2023-05-16,0.0,0.0,37.84167578816414,11.5,76.75
DEMO-NLG-002,Demo Nilgiris location B,11.42,76.7,Tamil Nadu,Nilgiris,2023-05-17,0.0,0.0,3.9841127693653107,11.5,76.75
DEMO-NLG-002,Demo Nilgiris location B,11.42,76.7,Tamil Nadu,Nilgiris,2023-05-18,9.862975120544434,9.862975120544434,13.364193677902222,11.5,76.75
DEMO-NLG-002,Demo Nilgiris location B,11.42,76.7,Tamil Nadu,Nilgiris,2023-05-19,2.0186376571655273,11.881612777709961,11.881612777709961,11.5,76.75
DEMO-NLG-002,Demo Nilgiris location B,11.42,76.7,Tamil Nadu,Nilgiris,2023-05-20,0.5553361773490906,12.436948955059052,12.436948955059052,11.5,76.75
DEMO-NLG-002,Demo Nilgiris location B,11.42,76.7,Tamil Nadu,Nilgiris,2023-05-21,5.383033752441406,7.957007586956024,17.819982707500458,11.5,76.75
DEMO-NLG-002,Demo Nilgiris location B,11.42,76.7,Tamil Nadu,Nilgiris,2023-05-22,6.675645351409912,12.614015281200409,24.49562805891037,11.5,76.75
DEMO-NLG-002,Demo Nilgiris location B,11.42,76.7,Tamil Nadu,Nilgiris,2023-05-23,12.111825942993164,24.170505046844482,36.607454001903534,11.5,76.75
DEMO-NLG-002,Demo Nilgiris location B,11.42,76.7,Tamil Nadu,Nilgiris,2023-05-24,0.0,18.787471294403076,36.607454001903534,11.5,76.75
DEMO-NLG-002,Demo Nilgiris location B,11.42,76.7,Tamil Nadu,Nilgiris,2023-05-25,0.0,12.111825942993164,26.7444788813591,11.5,76.75
DEMO-NLG-002,Demo Nilgiris location B,11.42,76.7,Tamil Nadu,Nilgiris,2023-05-26,8.458442687988281,8.458442687988281,33.184283912181854,11.5,76.75
DEMO-NLG-002,Demo Nilgiris location B,11.42,76.7,Tamil Nadu,Nilgiris,2023-05-27,12.874804496765137,21.333247184753418,45.5037522315979,11.5,76.75
DEMO-NLG-002,Demo Nilgiris location B,11.42,76.7,Tamil Nadu,Nilgiris,2023-05-28,0.0,21.333247184753418,40.120718479156494,11.5,76.75
DEMO-NLG-002,Demo Nilgiris location B,11.42,76.7,Tamil Nadu,Nilgiris,2023-05-29,1.7922275066375732,14.66703200340271,35.237300634384155,11.5,76.75
DEMO-NLG-002,Demo Nilgiris location B,11.42,76.7,Tamil Nadu,Nilgiris,2023-05-30,1.9253562688827515,3.7175837755203247,25.050830960273743,11.5,76.75
DEMO-NLG-002,Demo Nilgiris location B,11.42,76.7,Tamil Nadu,Nilgiris,2023-05-31,8.711207389831543,12.428791165351868,33.762038350105286,11.5,76.75
DEMO-NLG-002,Demo Nilgiris location B,11.42,76.7,Tamil Nadu,Nilgiris,2023-06-01,13.469870567321777,24.106434226036072,47.23190891742706,11.5,76.75
DEMO-NLG-002,Demo Nilgiris location B,11.42,76.7,Tamil Nadu,Nilgiris,2023-06-02,0.7967990636825562,22.977877020835876,39.57026529312134,11.5,76.75
DEMO-NLG-002,Demo Nilgiris location B,11.42,76.7,Tamil Nadu,Nilgiris,2023-06-03,0.04426661133766174,14.310936242341995,26.739727407693863,11.5,76.75
DEMO-NLG-002,Demo Nilgiris location B,11.42,76.7,Tamil Nadu,Nilgiris,2023-06-04,0.8888064026832581,1.729872077703476,27.62853381037712,11.5,76.75
DEMO-NLG-002,Demo Nilgiris location B,11.42,76.7,Tamil Nadu,Nilgiris,2023-06-05,0.0,0.9330730140209198,25.836306303739548,11.5,76.75
DEMO-NLG-002,Demo Nilgiris location B,11.42,76.7,Tamil Nadu,Nilgiris,2023-06-06,0.38631534576416016,1.2751217484474182,24.297265380620956,11.5,76.75
DEMO-NLG-002,Demo Nilgiris location B,11.42,76.7,Tamil Nadu,Nilgiris,2023-06-07,0.14486825466156006,0.5311836004257202,15.730926245450974,11.5,76.75
DEMO-NLG-002,Demo Nilgiris location B,11.42,76.7,Tamil Nadu,Nilgiris,2023-06-08,0.6760518550872803,1.2072354555130005,2.9371075332164764,11.5,76.75
DEMO-NLG-002,Demo Nilgiris location B,11.42,76.7,Tamil Nadu,Nilgiris,2023-06-09,0.7726306915283203,1.5935508012771606,2.9129391610622406,11.5,76.75
DEMO-NLG-002,Demo Nilgiris location B,11.42,76.7,Tamil Nadu,Nilgiris,2023-06-10,0.0,1.4486825466156006,2.868672549724579,11.5,76.75
DEMO-NLG-002,Demo Nilgiris location B,11.42,76.7,Tamil Nadu,Nilgiris,2023-06-11,0.14486825466156006,0.9174989461898804,2.124734401702881,11.5,76.75
DEMO-NLG-002,Demo Nilgiris location B,11.42,76.7,Tamil Nadu,Nilgiris,2023-06-12,2.341010332107544,2.485878586769104,4.465744733810425,11.5,76.75
DEMO-NLG-002,Demo Nilgiris location B,11.42,76.7,Tamil Nadu,Nilgiris,2023-06-13,4.577189922332764,7.063068509101868,8.656619310379028,11.5,76.75
DEMO-NLG-002,Demo Nilgiris location B,11.42,76.7,Tamil Nadu,Nilgiris,2023-06-14,1.6341197490692139,8.552320003509521,10.145870804786682,11.5,76.75
DEMO-NLG-002,Demo Nilgiris location B,11.42,76.7,Tamil Nadu,Nilgiris,2023-06-15,0.0,6.2113096714019775,9.469818949699402,11.5,76.75
DEMO-NLG-002,Demo Nilgiris location B,11.42,76.7,Tamil Nadu,Nilgiris,2023-06-16,0.0,1.6341197490692139,8.697188258171082,11.5,76.75
DEMO-NLG-002,Demo Nilgiris location B,11.42,76.7,Tamil Nadu,Nilgiris,2023-06-17,0.0,0.0,8.697188258171082,11.5,76.75
DEMO-NLG-002,Demo Nilgiris location B,11.42,76.7,Tamil Nadu,Nilgiris,2023-06-18,0.0,0.0,8.552320003509521,11.5,76.75
DEMO-NLG-002,Demo Nilgiris location B,11.42,76.7,Tamil Nadu,Nilgiris,2023-06-19,0.0,0.0,6.2113096714019775,11.5,76.75
DEMO-NLG-002,Demo Nilgiris location B,11.42,76.7,Tamil Nadu,Nilgiris,2023-06-20,0.23456479609012604,0.23456479609012604,1.86868454515934,11.5,76.75
DEMO-NLG-002,Demo Nilgiris location B,11.42,76.7,Tamil Nadu,Nilgiris,2023-06-21,33.489784240722656,33.72434903681278,33.72434903681278,11.5,76.75
DEMO-NLG-002,Demo Nilgiris location B,11.42,76.7,Tamil Nadu,Nilgiris,2023-06-22,8.240958213806152,41.965307250618935,41.965307250618935,11.5,76.75
DEMO-NLG-002,Demo Nilgiris location B,11.42,76.7,Tamil Nadu,Nilgiris,2023-06-23,6.295154094696045,48.02589654922485,48.26046134531498,11.5,76.75
DEMO-NLG-002,Demo Nilgiris location B,11.42,76.7,Tamil Nadu,Nilgiris,2023-06-24,0.0,14.536112308502197,48.26046134531498,11.5,76.75
DEMO-NLG-002,Demo Nilgiris location B,11.42,76.7,Tamil Nadu,Nilgiris,2023-06-25,0.0,6.295154094696045,48.26046134531498,11.5,76.75
DEMO-NLG-002,Demo Nilgiris location B,11.42,76.7,Tamil Nadu,Nilgiris,2023-06-26,6.294610023498535,6.294610023498535,54.555071368813515,11.5,76.75
DEMO-NLG-002,Demo Nilgiris location B,11.42,76.7,Tamil Nadu,Nilgiris,2023-06-27,0.0,6.294610023498535,54.32050657272339,11.5,76.75
DEMO-NLG-002,Demo Nilgiris location B,11.42,76.7,Tamil Nadu,Nilgiris,2023-06-28,0.48693275451660156,6.781542778015137,21.317655086517334,11.5,76.75
DEMO-NLG-002,Demo Nilgiris location B,11.42,76.7,Tamil Nadu,Nilgiris,2023-06-29,3.4529290199279785,3.93986177444458,16.52962589263916,11.5,76.75
DEMO-NLG-002,Demo Nilgiris location B,11.42,76.7,Tamil Nadu,Nilgiris,2023-06-30,4.346921920776367,8.286783695220947,14.581393718719482,11.5,76.75
DEMO-NLG-002,Demo Nilgiris location B,11.42,76.7,Tamil Nadu,Nilgiris,2023-07-01,0.95171058177948,8.751561522483826,15.533104300498962,11.5,76.75
DEMO-NLG-002,Demo Nilgiris location B,11.42,76.7,Tamil Nadu,Nilgiris,2023-07-02,1.486603856086731,6.785236358642578,17.019708156585693,11.5,76.75
DEMO-NLG-002,Demo Nilgiris location B,11.42,76.7,Tamil Nadu,Nilgiris,2023-07-03,10.093188285827637,12.531502723693848,20.818286418914795,11.5,76.75
DEMO-NLG-002,Demo Nilgiris location B,11.42,76.7,Tamil Nadu,Nilgiris,2023-07-04,2.8685832023620605,14.448375344276428,23.686869621276855,11.5,76.75
DEMO-NLG-002,Demo Nilgiris location B,11.42,76.7,Tamil Nadu,Nilgiris,2023-07-05,13.135018348693848,26.096789836883545,36.3349552154541,11.5,76.75
DEMO-NLG-002,Demo Nilgiris location B,11.42,76.7,Tamil Nadu,Nilgiris,2023-07-06,43.3116569519043,59.315258502960205,76.19368314743042,11.5,76.75
DEMO-NLG-002,Demo Nilgiris location B,11.42,76.7,Tamil Nadu,Nilgiris,2023-07-07,14.129410743713379,70.57608604431152,85.97617197036743,11.5,76.75
DEMO-NLG-002,Demo Nilgiris location B,11.42,76.7,Tamil Nadu,Nilgiris,2023-07-08,6.696923732757568,64.13799142837524,91.72138512134552,11.5,76.75
DEMO-NLG-002,Demo Nilgiris location B,11.42,76.7,Tamil Nadu,Nilgiris,2023-07-09,7.7678728103637695,28.594207286834717,98.00265407562256,11.5,76.75
DEMO-NLG-002,Demo Nilgiris location B,11.42,76.7,Tamil Nadu,Nilgiris,2023-07-10,4.182143688201904,18.646940231323242,92.09160947799683,11.5,76.75
DEMO-NLG-002,Demo Nilgiris location B,11.42,76.7,Tamil Nadu,Nilgiris,2023-07-11,0.0,11.950016498565674,89.22302627563477,11.5,76.75
DEMO-NLG-002,Demo Nilgiris location B,11.42,76.7,Tamil Nadu,Nilgiris,2023-07-12,7.861591815948486,12.04373550415039,83.9495997428894,11.5,76.75
DEMO-NLG-002,Demo Nilgiris location B,11.42,76.7,Tamil Nadu,Nilgiris,2023-07-13,1.3457584381103516,9.207350254058838,41.98370122909546,11.5,76.75
DEMO-NLG-002,Demo Nilgiris location B,11.42,76.7,Tamil Nadu,Nilgiris,2023-07-14,3.3643958568573,12.571746110916138,31.21868634223938,11.5,76.75
DEMO-NLG-002,Demo Nilgiris location B,11.42,76.7,Tamil Nadu,Nilgiris,2023-07-15,6.055912971496582,10.766067266464233,30.577675580978394,11.5,76.75
DEMO-NLG-002,Demo Nilgiris location B,11.42,76.7,Tamil Nadu,Nilgiris,2023-07-16,0.3794330358505249,9.799741864204407,23.18923580646515,11.5,76.75
DEMO-NLG-002,Demo Nilgiris location B,11.42,76.7,Tamil Nadu,Nilgiris,2023-07-17,2.691516876220703,9.12686288356781,21.698608994483948,11.5,76.75
DEMO-NLG-002,Demo Nilgiris location B,11.42,76.7,Tamil Nadu,Nilgiris,2023-07-18,2.780050039291382,5.85099995136261,24.47865903377533,11.5,76.75
DEMO-NLG-002,Demo Nilgiris location B,11.42,76.7,Tamil Nadu,Nilgiris,2023-07-19,3.4086625576019287,8.880229473114014,20.025729775428772,11.5,76.75
DEMO-NLG-002,Demo Nilgiris location B,11.42,76.7,Tamil Nadu,Nilgiris,2023-07-20,9.198142051696777,15.386854648590088,27.878113389015198,11.5,76.75
DEMO-NLG-002,Demo Nilgiris location B,11.42,76.7,Tamil Nadu,Nilgiris,2023-07-21,2.691516876220703,15.29832148551941,27.2052344083786,11.5,76.75
DEMO-NLG-002,Demo Nilgiris location B,11.42,76.7,Tamil Nadu,Nilgiris,2023-07-22,6.861591339111328,18.75125026702881,28.010912775993347,11.5,76.75
DEMO-NLG-002,Demo Nilgiris location B,11.42,76.7,Tamil Nadu,Nilgiris,2023-07-23,21.36746597290039,30.920574188232422,48.99894571304321,11.5,76.75
DEMO-NLG-002,Demo Nilgiris location B,11.42,76.7,Tamil Nadu,Nilgiris,2023-07-24,11.223771095275879,39.4528284072876,57.53119993209839,11.5,76.75
DEMO-NLG-002,Demo Nilgiris location B,11.42,76.7,Tamil Nadu,Nilgiris,2023-07-25,29.198444366455078,61.78968143463135,83.94959425926208,11.5,76.75
DEMO-NLG-002,Demo Nilgiris location B,11.42,76.7,Tamil Nadu,Nilgiris,2023-07-26,48.68081283569336,89.10302829742432,129.22174453735352,11.5,76.75
DEMO-NLG-002,Demo Nilgiris location B,11.42,76.7,Tamil Nadu,Nilgiris,2023-07-27,44.152801513671875,122.03205871582031,164.1764039993286,11.5,76.75
DEMO-NLG-002,Demo Nilgiris location B,11.42,76.7,Tamil Nadu,Nilgiris,2023-07-28,20.50947380065918,113.34308815002441,181.9943609237671,11.5,76.75
DEMO-NLG-002,Demo Nilgiris location B,11.42,76.7,Tamil Nadu,Nilgiris,2023-07-29,7.445937633514404,72.10821294784546,182.57870721817017,11.5,76.75
DEMO-NLG-002,Demo Nilgiris location B,11.42,76.7,Tamil Nadu,Nilgiris,2023-07-30,0.6728792190551758,28.62829065322876,161.88412046432495,11.5,76.75
DEMO-NLG-002,Demo Nilgiris location B,11.42,76.7,Tamil Nadu,Nilgiris,2023-07-31,1.3457584381103516,9.464575290679932,152.00610780715942,11.5,76.75
DEMO-NLG-002,Demo Nilgiris location B,11.42,76.7,Tamil Nadu,Nilgiris,2023-08-01,5.383033752441406,7.401671409606934,128.19069719314575,11.5,76.75
DEMO-NLG-002,Demo Nilgiris location B,11.42,76.7,Tamil Nadu,Nilgiris,2023-08-02,0.0,6.728792190551758,79.50988435745239,11.5,76.75
DEMO-NLG-002,Demo Nilgiris location B,11.42,76.7,Tamil Nadu,Nilgiris,2023-08-03,0.0,5.383033752441406,35.35708284378052,11.5,76.75
DEMO-NLG-002,Demo Nilgiris location B,11.42,76.7,Tamil Nadu,Nilgiris,2023-08-04,0.0,0.0,14.847609043121338,11.5,76.75
DEMO-NLG-002,Demo Nilgiris location B,11.42,76.7,Tamil Nadu,Nilgiris,2023-08-05,2.0186376571655273,2.0186376571655273,9.420309066772461,11.5,76.75
DEMO-NLG-002,Demo Nilgiris location B,11.42,76.7,Tamil Nadu,Nilgiris,2023-08-06,0.6728792190551758,2.691516876220703,9.420309066772461,11.5,76.75
DEMO-NLG-002,Demo Nilgiris location B,11.42,76.7,Tamil Nadu,Nilgiris,2023-08-07,3.831197738647461,6.522714614868164,11.90574836730957,11.5,76.75
DEMO-NLG-002,Demo Nilgiris location B,11.42,76.7,Tamil Nadu,Nilgiris,2023-08-08,0.0,4.504076957702637,6.522714614868164,11.5,76.75
DEMO-NLG-002,Demo Nilgiris location B,11.42,76.7,Tamil Nadu,Nilgiris,2023-08-09,0.14486825466156006,3.976065993309021,6.667582869529724,11.5,76.75
DEMO-NLG-002,Demo Nilgiris location B,11.42,76.7,Tamil Nadu,Nilgiris,2023-08-10,0.2696225047111511,0.4144907593727112,6.937205374240875,11.5,76.75
DEMO-NLG-002,Demo Nilgiris location B,11.42,76.7,Tamil Nadu,Nilgiris,2023-08-11,9.66652774810791,10.081018507480621,16.603733122348785,11.5,76.75
DEMO-NLG-002,Demo Nilgiris location B,11.42,76.7,Tamil Nadu,Nilgiris,2023-08-12,45.86330795288086,55.79945820569992,60.44840341806412,11.5,76.75
DEMO-NLG-002,Demo Nilgiris location B,11.42,76.7,Tamil Nadu,Nilgiris,2023-08-13,0.7605780363082886,56.29041373729706,60.53610223531723,11.5,76.75
DEMO-NLG-002,Demo Nilgiris location B,11.42,76.7,Tamil Nadu,Nilgiris,2023-08-14,0.0,46.62388598918915,56.70490449666977,11.5,76.75
DEMO-NLG-002,Demo Nilgiris location B,11.42,76.7,Tamil Nadu,Nilgiris,2023-08-15,0.0,0.7605780363082886,56.70490449666977,11.5,76.75
DEMO-NLG-002,Demo Nilgiris location B,11.42,76.7,Tamil Nadu,Nilgiris,2023-08-16,0.0,0.0,56.56003624200821,11.5,76.75
DEMO-NLG-002,Demo Nilgiris location B,11.42,76.7,Tamil Nadu,Nilgiris,2023-08-17,0.0,0.0,56.29041373729706,11.5,76.75
DEMO-NLG-002,Demo Nilgiris location B,11.42,76.7,Tamil Nadu,Nilgiris,2023-08-18,0.0,0.0,46.62388598918915,11.5,76.75
DEMO-NLG-002,Demo Nilgiris location B,11.42,76.7,Tamil Nadu,Nilgiris,2023-08-19,0.1368226408958435,0.1368226408958435,0.8974006772041321,11.5,76.75
DEMO-NLG-002,Demo Nilgiris location B,11.42,76.7,Tamil Nadu,Nilgiris,2023-08-20,0.7036943435668945,0.840516984462738,0.840516984462738,11.5,76.75
DEMO-NLG-002,Demo Nilgiris location B,11.42,76.7,Tamil Nadu,Nilgiris,2023-08-21,0.6728792190551758,1.5133962035179138,1.5133962035179138,11.5,76.75
DEMO-NLG-002,Demo Nilgiris location B,11.42,76.7,Tamil Nadu,Nilgiris,2023-08-22,0.0,1.3765735626220703,1.5133962035179138,11.5,76.75
DEMO-NLG-002,Demo Nilgiris location B,11.42,76.7,Tamil Nadu,Nilgiris,2023-08-23,4.601819038391113,5.274698257446289,6.115215241909027,11.5,76.75
DEMO-NLG-002,Demo Nilgiris location B,11.42,76.7,Tamil Nadu,Nilgiris,2023-08-24,0.0,4.601819038391113,6.115215241909027,11.5,76.75
DEMO-NLG-002,Demo Nilgiris location B,11.42,76.7,Tamil Nadu,Nilgiris,2023-08-25,0.0,4.601819038391113,6.115215241909027,11.5,76.75
DEMO-NLG-002,Demo Nilgiris location B,11.42,76.7,Tamil Nadu,Nilgiris,2023-08-26,0.0,0.0,5.978392601013184,11.5,76.75
DEMO-NLG-002,Demo Nilgiris location B,11.42,76.7,Tamil Nadu,Nilgiris,2023-08-27,0.0,0.0,5.274698257446289,11.5,76.75
DEMO-NLG-002,Demo Nilgiris location B,11.42,76.7,Tamil Nadu,Nilgiris,2023-08-28,0.0,0.0,4.601819038391113,11.5,76.75
DEMO-NLG-002,Demo Nilgiris location B,11.42,76.7,Tamil Nadu,Nilgiris,2023-08-29,0.13279983401298523,0.13279983401298523,4.7346188724040985,11.5,76.75
DEMO-NLG-002,Demo Nilgiris location B,11.42,76.7,Tamil Nadu,Nilgiris,2023-08-30,2.524015426635742,2.6568152606487274,2.6568152606487274,11.5,76.75
DEMO-NLG-002,Demo Nilgiris location B,11.42,76.7,Tamil Nadu,Nilgiris,2023-08-31,1.9342364072799683,4.591051667928696,4.591051667928696,11.5,76.75
DEMO-NLG-002,Demo Nilgiris location B,11.42,76.7,Tamil Nadu,Nilgiris,2023-09-01,4.6901326179504395,9.14838445186615,9.281184285879135,11.5,76.75
DEMO-NLG-002,Demo Nilgiris location B,11.42,76.7,Tamil Nadu,Nilgiris,2023-09-02,6.777081489562988,13.401450514793396,16.058265775442123,11.5,76.75
DEMO-NLG-002,Demo Nilgiris location B,11.42,76.7,Tamil Nadu,Nilgiris,2023-09-03,7.389765739440918,18.856979846954346,23.44803151488304,11.5,76.75
DEMO-NLG-002,Demo Nilgiris location B,11.42,76.7,Tamil Nadu,Nilgiris,2023-09-04,3.46097469329834,17.627821922302246,26.90900620818138,11.5,76.75
DEMO-NLG-002,Demo Nilgiris location B,11.42,76.7,Tamil Nadu,Nilgiris,2023-09-05,0.0,10.850740432739258,26.776206374168396,11.5,76.75
DEMO-NLG-002,Demo Nilgiris location B,11.42,76.7,Tamil Nadu,Nilgiris,2023-09-06,0.8097018003463745,4.270676493644714,25.06189274787903,11.5,76.75
DEMO-NLG-002,Demo Nilgiris location B,11.42,76.7,Tamil Nadu,Nilgiris,2023-09-07,9.715230941772461,10.524932742118835,32.84288728237152,11.5,76.75
DEMO-NLG-002,Demo Nilgiris location B,11.42,76.7,Tamil Nadu,Nilgiris,2023-09-08,8.27988338470459,18.804816126823425,36.43263804912567,11.5,76.75
DEMO-NLG-002,Demo Nilgiris location B,11.42,76.7,Tamil Nadu,Nilgiris,2023-09-09,4.80271053314209,22.79782485961914,34.45826709270477,11.5,76.75
DEMO-NLG-002,Demo Nilgiris location B,11.42,76.7,Tamil Nadu,Nilgiris,2023-09-10,0.04828941822052002,13.1308833360672,27.116790771484375,11.5,76.75
DEMO-NLG-002,Demo Nilgiris location B,11.42,76.7,Tamil Nadu,Nilgiris,2023-09-11,4.7101545333862305,9.56115448474884,28.365970611572266,11.5,76.75
DEMO-NLG-002,Demo Nilgiris location B,11.42,76.7,Tamil Nadu,Nilgiris,2023-09-12,12.204381942749023,16.962825894355774,40.57035255432129,11.5,76.75
DEMO-NLG-002,Demo Nilgiris location B,11.42,76.7,Tamil Nadu,Nilgiris,2023-09-13,0.09255602955818176,17.007092505693436,39.853206783533096,11.5,76.75
DEMO-NLG-002,Demo Nilgiris location B,11.42,76.7,Tamil Nadu,Nilgiris,2023-09-14,2.722332000732422,15.019269973039627,32.86030784249306,11.5,76.75
DEMO-NLG-002,Demo Nilgiris location B,11.42,76.7,Tamil Nadu,Nilgiris,2023-09-15,1.3457584381103516,4.160646468400955,25.92618289589882,11.5,76.75
DEMO-NLG-002,Demo Nilgiris location B,11.42,76.7,Tamil Nadu,Nilgiris,2023-09-16,0.9022579193115234,4.970348358154297,22.025730282068253,11.5,76.75
DEMO-NLG-002,Demo Nilgiris location B,11.42,76.7,Tamil Nadu,Nilgiris,2023-09-17,0.0,2.248016357421875,21.977440863847733,11.5,76.75
DEMO-NLG-002,Demo Nilgiris location B,11.42,76.7,Tamil Nadu,Nilgiris,2023-09-18,7.598423957824707,8.50068187713623,24.86571028828621,11.5,76.75
DEMO-NLG-002,Demo Nilgiris location B,11.42,76.7,Tamil Nadu,Nilgiris,2023-09-19,6.85325288772583,14.451676845550537,19.514581233263016,11.5,76.75
DEMO-NLG-002,Demo Nilgiris location B,11.42,76.7,Tamil Nadu,Nilgiris,2023-09-20,0.7653990983963013,15.217075943946838,20.187424302101135,11.5,76.75
DEMO-NLG-002,Demo Nilgiris location B,11.42,76.7,Tamil Nadu,Nilgiris,2023-09-21,0.0,7.618651986122131,17.465092301368713,11.5,76.75
DEMO-NLG-002,Demo Nilgiris location B,11.42,76.7,Tamil Nadu,Nilgiris,2023-09-22,7.97226095199585,8.73766005039215,24.09159481525421,11.5,76.75
DEMO-NLG-002,Demo Nilgiris location B,11.42,76.7,Tamil Nadu,Nilgiris,2023-09-23,10.90735149383545,18.8796124458313,34.09668838977814,11.5,76.75
DEMO-NLG-002,Demo Nilgiris location B,11.42,76.7,Tamil Nadu,Nilgiris,2023-09-24,0.0,18.8796124458313,34.09668838977814,11.5,76.75
DEMO-NLG-002,Demo Nilgiris location B,11.42,76.7,Tamil Nadu,Nilgiris,2023-09-25,0.0,10.90735149383545,26.49826443195343,11.5,76.75
DEMO-NLG-002,Demo Nilgiris location B,11.42,76.7,Tamil Nadu,Nilgiris,2023-09-26,0.19315767288208008,0.19315767288208008,19.83816921710968,11.5,76.75
DEMO-NLG-002,Demo Nilgiris location B,11.42,76.7,Tamil Nadu,Nilgiris,2023-09-27,0.19315767288208008,0.38631534576416016,19.26592779159546,11.5,76.75
DEMO-NLG-002,Demo Nilgiris location B,11.42,76.7,Tamil Nadu,Nilgiris,2023-09-28,3.3643958568573,3.75071120262146,22.63032364845276,11.5,76.75
DEMO-NLG-002,Demo Nilgiris location B,11.42,76.7,Tamil Nadu,Nilgiris,2023-09-29,0.717458963394165,4.275012493133545,15.375521659851074,11.5,76.75
DEMO-NLG-002,Demo Nilgiris location B,11.42,76.7,Tamil Nadu,Nilgiris,2023-09-30,0.0,4.081854820251465,4.468170166015625,11.5,76.75
DEMO-NLG-002,Demo Nilgiris location B,11.42,76.7,Tamil Nadu,Nilgiris,2023-10-01,3.4529290199279785,4.1703879833221436,7.9210991859436035,11.5,76.75
DEMO-NLG-002,Demo Nilgiris location B,11.42,76.7,Tamil Nadu,Nilgiris,2023-10-02,0.0,3.4529290199279785,7.9210991859436035,11.5,76.75
DEMO-NLG-002,Demo Nilgiris location B,11.42,76.7,Tamil Nadu,Nilgiris,2023-10-03,0.0,3.4529290199279785,7.727941513061523,11.5,76.75
DEMO-NLG-002,Demo Nilgiris location B,11.42,76.7,Tamil Nadu,Nilgiris,2023-10-04,0.0,0.0,7.534783840179443,11.5,76.75
DEMO-NLG-002,Demo Nilgiris location B,11.42,76.7,Tamil Nadu,Nilgiris,2023-10-05,0.0,0.0,4.1703879833221436,11.5,76.75
DEMO-NLG-002,Demo Nilgiris location B,11.42,76.7,Tamil Nadu,Nilgiris,2023-10-06,0.0,0.0,3.4529290199279785,11.5,76.75
DEMO-NLG-002,Demo Nilgiris location B,11.42,76.7,Tamil Nadu,Nilgiris,2023-10-07,0.0,0.0,3.4529290199279785,11.5,76.75
DEMO-NLG-002,Demo Nilgiris location B,11.42,76.7,Tamil Nadu,Nilgiris,2023-10-08,0.0,0.0,0.0,11.5,76.75
DEMO-NLG-002,Demo Nilgiris location B,11.42,76.7,Tamil Nadu,Nilgiris,2023-10-09,7.127050399780273,7.127050399780273,7.127050399780273,11.5,76.75
DEMO-NLG-002,Demo Nilgiris location B,11.42,76.7,Tamil Nadu,Nilgiris,2023-10-10,30.06727409362793,37.1943244934082,37.1943244934082,11.5,76.75
DEMO-NLG-002,Demo Nilgiris location B,11.42,76.7,Tamil Nadu,Nilgiris,2023-10-11,12.65401840209961,49.84834289550781,49.84834289550781,11.5,76.75
DEMO-NLG-002,Demo Nilgiris location B,11.42,76.7,Tamil Nadu,Nilgiris,2023-10-12,10.632452964782715,53.353745460510254,60.48079586029053,11.5,76.75
DEMO-NLG-002,Demo Nilgiris location B,11.42,76.7,Tamil Nadu,Nilgiris,2023-10-13,27.58804702758789,50.874518394470215,88.06884288787842,11.5,76.75
DEMO-NLG-002,Demo Nilgiris location B,11.42,76.7,Tamil Nadu,Nilgiris,2023-10-14,0.0,38.220499992370605,88.06884288787842,11.5,76.75
DEMO-NLG-002,Demo Nilgiris location B,11.42,76.7,Tamil Nadu,Nilgiris,2023-10-15,60.06835174560547,87.65639877319336,148.1371946334839,11.5,76.75
DEMO-NLG-002,Demo Nilgiris location B,11.42,76.7,Tamil Nadu,Nilgiris,2023-10-16,1.2127106189727783,61.28106236457825,142.2228548526764,11.5,76.75
DEMO-NLG-002,Demo Nilgiris location B,11.42,76.7,Tamil Nadu,Nilgiris,2023-10-17,27.168216705322266,88.44927906990051,139.32379746437073,11.5,76.75
DEMO-NLG-002,Demo Nilgiris location B,11.42,76.7,Tamil Nadu,Nilgiris,2023-10-18,4.5486578941345215,32.929585218429565,131.21843695640564,11.5,76.75
DEMO-NLG-002,Demo Nilgiris location B,11.42,76.7,Tamil Nadu,Nilgiris,2023-10-19,0.0,31.716874599456787,120.58598399162292,11.5,76.75
DEMO-NLG-002,Demo Nilgiris location B,11.42,76.7,Tamil Nadu,Nilgiris,2023-10-20,0.09657883644104004,4.6452367305755615,93.09451580047607,11.5,76.75
DEMO-NLG-002,Demo Nilgiris location B,11.42,76.7,Tamil Nadu,Nilgiris,2023-10-21,0.0,0.09657883644104004,93.09451580047607,11.5,76.75
DEMO-NLG-002,Demo Nilgiris location B,11.42,76.7,Tamil Nadu,Nilgiris,2023-10-22,0.04828941822052002,0.14486825466156006,33.074453473091125,11.5,76.75
DEMO-NLG-002,Demo Nilgiris location B,11.42,76.7,Tamil Nadu,Nilgiris,2023-10-23,0.0,0.04828941822052002,31.861742854118347,11.5,76.75
DEMO-NLG-002,Demo Nilgiris location B,11.42,76.7,Tamil Nadu,Nilgiris,2023-10-24,0.0,0.04828941822052002,4.6935261487960815,11.5,76.75
DEMO-NLG-002,Demo Nilgiris location B,11.42,76.7,Tamil Nadu,Nilgiris,2023-10-25,0.0,0.0,0.14486825466156006,11.5,76.75
DEMO-NLG-002,Demo Nilgiris location B,11.42,76.7,Tamil Nadu,Nilgiris,2023-10-26,0.0,0.0,0.14486825466156006,11.5,76.75
DEMO-NLG-002,Demo Nilgiris location B,11.42,76.7,Tamil Nadu,Nilgiris,2023-10-27,0.0,0.0,0.04828941822052002,11.5,76.75
DEMO-NLG-002,Demo Nilgiris location B,11.42,76.7,Tamil Nadu,Nilgiris,2023-10-28,0.08692094683647156,0.08692094683647156,0.13521036505699158,11.5,76.75
DEMO-NLG-002,Demo Nilgiris location B,11.42,76.7,Tamil Nadu,Nilgiris,2023-10-29,0.33802592754364014,0.4249468743801117,0.4249468743801117,11.5,76.75
DEMO-NLG-002,Demo Nilgiris location B,11.42,76.7,Tamil Nadu,Nilgiris,2023-10-30,3.3208513259887695,3.7457982003688812,3.7457982003688812,11.5,76.75
DEMO-NLG-002,Demo Nilgiris location B,11.42,76.7,Tamil Nadu,Nilgiris,2023-10-31,9.384820938110352,13.043698191642761,13.130619138479233,11.5,76.75
DEMO-NLG-002,Demo Nilgiris location B,11.42,76.7,Tamil Nadu,Nilgiris,2023-11-01,3.243565797805786,15.949238061904907,16.37418493628502,11.5,76.75
DEMO-NLG-002,Demo Nilgiris location B,11.42,76.7,Tamil Nadu,Nilgiris,2023-11-02,1.5729038715362549,14.201290607452393,17.947088807821274,11.5,76.75
DEMO-NLG-002,Demo Nilgiris location B,11.42,76.7,Tamil Nadu,Nilgiris,2023-11-03,2.6767916679382324,7.493261337280273,20.623880475759506,11.5,76.75
DEMO-NLG-002,Demo Nilgiris location B,11.42,76.7,Tamil Nadu,Nilgiris,2023-11-04,5.507030010223389,9.756725549697876,26.043989539146423,11.5,76.75
DEMO-NLG-002,Demo Nilgiris location B,11.42,76.7,Tamil Nadu,Nilgiris,2023-11-05,26.313352584838867,34.49717426300049,52.01931619644165,11.5,76.75
DEMO-NLG-002,Demo Nilgiris location B,11.42,76.7,Tamil Nadu,Nilgiris,2023-11-06,4.402541637420654,36.22292423248291,53.101006507873535,11.5,76.75
DEMO-NLG-002,Demo Nilgiris location B,11.42,76.7,Tamil Nadu,Nilgiris,2023-11-07,24.426549911499023,55.142444133758545,68.1427354812622,11.5,76.75
DEMO-NLG-002,Demo Nilgiris location B,11.42,76.7,Tamil Nadu,Nilgiris,2023-11-08,0.7312802672386169,29.560371816158295,65.63044995069504,11.5,76.75
DEMO-NLG-002,Demo Nilgiris location B,11.42,76.7,Tamil Nadu,Nilgiris,2023-11-09,28.274694442749023,53.432524621486664,92.3322405219078,11.5,76.75
DEMO-NLG-002,Demo Nilgiris location B,11.42,76.7,Tamil Nadu,Nilgiris,2023-11-10,7.977433681488037,36.98340839147568,97.63288253545761,11.5,76.75
DEMO-NLG-002,Demo Nilgiris location B,11.42,76.7,Tamil Nadu,Nilgiris,2023-11-11,0.28285422921180725,36.53498235344887,92.40870675444603,11.5,76.75
DEMO-NLG-002,Demo Nilgiris location B,11.42,76.7,Tamil Nadu,Nilgiris,2023-11-12,0.0,8.260287910699844,66.09535416960716,11.5,76.75
DEMO-NLG-002,Demo Nilgiris location B,11.42,76.7,Tamil Nadu,Nilgiris,2023-11-13,0.0,0.28285422921180725,61.69281253218651,11.5,76.75
DEMO-NLG-002,Demo Nilgiris location B,11.42,76.7,Tamil Nadu,Nilgiris,2023-11-14,0.0,0.0,37.266262620687485,11.5,76.75
DEMO-NLG-002,Demo Nilgiris location B,11.42,76.7,Tamil Nadu,Nilgiris,2023-11-15,0.0,0.0,36.53498235344887,11.5,76.75
DEMO-NLG-002,Demo Nilgiris location B,11.42,76.7,Tamil Nadu,Nilgiris,2023-11-16,0.04828941822052002,0.04828941822052002,8.308577328920364,11.5,76.75
DEMO-NLG-002,Demo Nilgiris location B,11.42,76.7,Tamil Nadu,Nilgiris,2023-11-17,0.0,0.04828941822052002,0.33114364743232727,11.5,76.75
DEMO-NLG-002,Demo Nilgiris location B,11.42,76.7,Tamil Nadu,Nilgiris,2023-11-18,0.0,0.04828941822052002,0.04828941822052002,11.5,76.75
DEMO-NLG-002,Demo Nilgiris location B,11.42,76.7,Tamil Nadu,Nilgiris,2023-11-19,0.09657883644104004,0.09657883644104004,0.14486825466156006,11.5,76.75
DEMO-NLG-002,Demo Nilgiris location B,11.42,76.7,Tamil Nadu,Nilgiris,2023-11-20,0.0,0.09657883644104004,0.14486825466156006,11.5,76.75
DEMO-NLG-002,Demo Nilgiris location B,11.42,76.7,Tamil Nadu,Nilgiris,2023-11-21,0.0,0.09657883644104004,0.14486825466156006,11.5,76.75
DEMO-NLG-002,Demo Nilgiris location B,11.42,76.7,Tamil Nadu,Nilgiris,2023-11-22,25.596189498901367,25.596189498901367,25.741057753562927,11.5,76.75
DEMO-NLG-002,Demo Nilgiris location B,11.42,76.7,Tamil Nadu,Nilgiris,2023-11-23,35.85371398925781,61.44990348815918,61.54648232460022,11.5,76.75
DEMO-NLG-002,Demo Nilgiris location B,11.42,76.7,Tamil Nadu,Nilgiris,2023-11-24,38.887184143066406,100.33708763122559,100.43366646766663,11.5,76.75
DEMO-NLG-002,Demo Nilgiris location B,11.42,76.7,Tamil Nadu,Nilgiris,2023-11-25,0.3311436176300049,75.07204174995422,100.76481008529663,11.5,76.75
DEMO-NLG-002,Demo Nilgiris location B,11.42,76.7,Tamil Nadu,Nilgiris,2023-11-26,5.2523512840271,44.47067904472351,105.92058253288269,11.5,76.75
DEMO-NLG-002,Demo Nilgiris location B,11.42,76.7,Tamil Nadu,Nilgiris,2023-11-27,1.0181163549423218,6.601611256599426,106.93869888782501,11.5,76.75
DEMO-NLG-002,Demo Nilgiris location B,11.42,76.7,Tamil Nadu,Nilgiris,2023-11-28,0.0,6.270467638969421,106.93869888782501,11.5,76.75
DEMO-NLG-002,Demo Nilgiris location B,11.42,76.7,Tamil Nadu,Nilgiris,2023-11-29,0.09657883644104004,1.1146951913833618,81.43908822536469,11.5,76.75
DEMO-NLG-002,Demo Nilgiris location B,11.42,76.7,Tamil Nadu,Nilgiris,2023-11-30,1.7937041521072388,1.8902829885482788,47.37907838821411,11.5,76.75
DEMO-NLG-002,Demo Nilgiris location B,11.42,76.7,Tamil Nadu,Nilgiris,2023-12-01,0.0,1.8902829885482788,8.491894245147705,11.5,76.75
DEMO-NLG-002,Demo Nilgiris location B,11.42,76.7,Tamil Nadu,Nilgiris,2023-12-02,0.0,1.7937041521072388,8.1607506275177,11.5,76.75
DEMO-NLG-002,Demo Nilgiris location B,11.42,76.7,Tamil Nadu,Nilgiris,2023-12-03,0.6728792190551758,0.6728792190551758,3.5812785625457764,11.5,76.75
DEMO-NLG-002,Demo Nilgiris location B,11.42,76.7,Tamil Nadu,Nilgiris,2023-12-04,1.1420087814331055,1.8148880004882812,3.70517098903656,11.5,76.75
DEMO-NLG-002,Demo Nilgiris location B,11.42,76.7,Tamil Nadu,Nilgiris,2023-12-05,0.0,1.8148880004882812,3.70517098903656,11.5,76.75
DEMO-NLG-002,Demo Nilgiris location B,11.42,76.7,Tamil Nadu,Nilgiris,2023-12-06,0.0,1.1420087814331055,3.60859215259552,11.5,76.75
DEMO-NLG-002,Demo Nilgiris location B,11.42,76.7,Tamil Nadu,Nilgiris,2023-12-07,0.0,0.0,1.8148880004882812,11.5,76.75
DEMO-NLG-002,Demo Nilgiris location B,11.42,76.7,Tamil Nadu,Nilgiris,2023-12-08,3.165404796600342,3.165404796600342,4.980292797088623,11.5,76.75
DEMO-NLG-002,Demo Nilgiris location B,11.42,76.7,Tamil Nadu,Nilgiris,2023-12-09,6.848874092102051,10.014278888702393,11.829166889190674,11.5,76.75
DEMO-NLG-002,Demo Nilgiris location B,11.42,76.7,Tamil Nadu,Nilgiris,2023-12-10,17.345500946044922,27.359779834747314,28.50178861618042,11.5,76.75
DEMO-NLG-002,Demo Nilgiris location B,11.42,76.7,Tamil Nadu,Nilgiris,2023-12-11,2.91591215133667,27.110287189483643,30.275691986083984,11.5,76.75
DEMO-NLG-002,Demo Nilgiris location B,11.42,76.7,Tamil Nadu,Nilgiris,2023-12-12,0.04828941822052002,20.309702515602112,30.323981404304504,11.5,76.75
DEMO-NLG-002,Demo Nilgiris location B,11.42,76.7,Tamil Nadu,Nilgiris,2023-12-13,0.0,2.96420156955719,30.323981404304504,11.5,76.75
DEMO-NLG-002,Demo Nilgiris location B,11.42,76.7,Tamil Nadu,Nilgiris,2023-12-14,0.0,0.04828941822052002,30.323981404304504,11.5,76.75
DEMO-NLG-002,Demo Nilgiris location B,11.42,76.7,Tamil Nadu,Nilgiris,2023-12-15,0.0,0.0,27.158576607704163,11.5,76.75
DEMO-NLG-002,Demo Nilgiris location B,11.42,76.7,Tamil Nadu,Nilgiris,2023-12-16,0.28285422921180725,0.28285422921180725,20.59255674481392,11.5,76.75
DEMO-NLG-002,Demo Nilgiris location B,11.42,76.7,Tamil Nadu,Nilgiris,2023-12-17,1.511382818222046,1.7942370474338531,4.758438616991043,11.5,76.75
DEMO-NLG-002,Demo Nilgiris location B,11.42,76.7,Tamil Nadu,Nilgiris,2023-12-18,3.621209144592285,5.415446192026138,5.463735610246658,11.5,76.75
DEMO-NLG-002,Demo Nilgiris location B,11.42,76.7,Tamil Nadu,Nilgiris,2023-12-19,2.1035704612731934,7.236162424087524,7.519016653299332,11.5,76.75
DEMO-NLG-002,Demo Nilgiris location B,11.42,76.7,Tamil Nadu,Nilgiris,2023-12-20,0.0,5.7247796058654785,7.519016653299332,11.5,76.75
DEMO-NLG-002,Demo Nilgiris location B,11.42,76.7,Tamil Nadu,Nilgiris,2023-12-21,0.18108925223350525,2.2846597135066986,7.700105905532837,11.5,76.75
DEMO-NLG-002,Demo Nilgiris location B,11.42,76.7,Tamil Nadu,Nilgiris,2023-12-22,0.18511205911636353,0.3662013113498688,7.8852179646492,11.5,76.75
DEMO-NLG-002,Demo Nilgiris location B,11.42,76.7,Tamil Nadu,Nilgiris,2023-12-23,0.0,0.3662013113498688,7.602363735437393,11.5,76.75
DEMO-NLG-002,Demo Nilgiris location B,11.42,76.7,Tamil Nadu,Nilgiris,2023-12-24,0.0,0.18511205911636353,6.090980917215347,11.5,76.75
DEMO-NLG-002,Demo Nilgiris location B,11.42,76.7,Tamil Nadu,Nilgiris,2023-12-25,0.3794330358505249,0.3794330358505249,2.849204808473587,11.5,76.75
DEMO-NLG-002,Demo Nilgiris location B,11.42,76.7,Tamil Nadu,Nilgiris,2023-12-26,1.3056238889694214,1.6850569248199463,2.051258236169815,11.5,76.75
DEMO-NLG-002,Demo Nilgiris location B,11.42,76.7,Tamil Nadu,Nilgiris,2023-12-27,0.0,1.6850569248199463,2.051258236169815,11.5,76.75
DEMO-NLG-002,Demo Nilgiris location B,11.42,76.7,Tamil Nadu,Nilgiris,2023-12-28,0.04828941822052002,1.3539133071899414,1.9184584021568298,11.5,76.75
DEMO-NLG-002,Demo Nilgiris location B,11.42,76.7,Tamil Nadu,Nilgiris,2023-12-29,0.09657883644104004,0.14486825466156006,1.8299251794815063,11.5,76.75
DEMO-NLG-002,Demo Nilgiris location B,11.42,76.7,Tamil Nadu,Nilgiris,2023-12-30,1.784495234489441,1.929363489151001,3.6144204139709473,11.5,76.75
DEMO-NLG-002,Demo Nilgiris location B,11.42,76.7,Tamil Nadu,Nilgiris,2023-12-31,0.0,1.881074070930481,3.6144204139709473,11.5,76.75
DEMO-NLG-002,Demo Nilgiris location B,11.42,76.7,Tamil Nadu,Nilgiris,2024-01-01,0.0,,,11.5,76.75
DEMO-NLG-002,Demo Nilgiris location B,11.42,76.7,Tamil Nadu,Nilgiris,2024-01-02,0.0,,,11.5,76.75
DEMO-NLG-002,Demo Nilgiris location B,11.42,76.7,Tamil Nadu,Nilgiris,2024-01-03,0.0,0.0,,11.5,76.75
DEMO-NLG-002,Demo Nilgiris location B,11.42,76.7,Tamil Nadu,Nilgiris,2024-01-04,6.9609198570251465,6.9609198570251465,,11.5,76.75
DEMO-NLG-002,Demo Nilgiris location B,11.42,76.7,Tamil Nadu,Nilgiris,2024-01-05,9.0743408203125,16.035260677337646,,11.5,76.75
DEMO-NLG-002,Demo Nilgiris location B,11.42,76.7,Tamil Nadu,Nilgiris,2024-01-06,2.2682394981384277,18.303500175476074,,11.5,76.75
DEMO-NLG-002,Demo Nilgiris location B,11.42,76.7,Tamil Nadu,Nilgiris,2024-01-07,1.611984372138977,12.954564690589905,19.91548454761505,11.5,76.75
DEMO-NLG-002,Demo Nilgiris location B,11.42,76.7,Tamil Nadu,Nilgiris,2024-01-08,0.7508204579353333,4.631044328212738,20.666305005550385,11.5,76.75
DEMO-NLG-002,Demo Nilgiris location B,11.42,76.7,Tamil Nadu,Nilgiris,2024-01-09,7.835325717926025,10.198130548000336,28.50163072347641,11.5,76.75
DEMO-NLG-002,Demo Nilgiris location B,11.42,76.7,Tamil Nadu,Nilgiris,2024-01-10,15.92004680633545,24.506192982196808,44.42167752981186,11.5,76.75
DEMO-NLG-002,Demo Nilgiris location B,11.42,76.7,Tamil Nadu,Nilgiris,2024-01-11,0.0,23.755372524261475,37.46075767278671,11.5,76.75
DEMO-NLG-002,Demo Nilgiris location B,11.42,76.7,Tamil Nadu,Nilgiris,2024-01-12,0.0,15.92004680633545,28.386416852474213,11.5,76.75
DEMO-NLG-002,Demo Nilgiris location B,11.42,76.7,Tamil Nadu,Nilgiris,2024-01-13,0.0,0.0,26.118177354335785,11.5,76.75
DEMO-NLG-002,Demo Nilgiris location B,11.42,76.7,Tamil Nadu,Nilgiris,2024-01-14,0.0,0.0,24.506192982196808,11.5,76.75
DEMO-NLG-002,Demo Nilgiris location B,11.42,76.7,Tamil Nadu,Nilgiris,2024-01-15,0.0,0.0,23.755372524261475,11.5,76.75
DEMO-NLG-002,Demo Nilgiris location B,11.42,76.7,Tamil Nadu,Nilgiris,2024-01-16,0.0,0.0,15.92004680633545,11.5,76.75
DEMO-NLG-002,Demo Nilgiris location B,11.42,76.7,Tamil Nadu,Nilgiris,2024-01-17,0.0,0.0,0.0,11.5,76.75
DEMO-NLG-002,Demo Nilgiris location B,11.42,76.7,Tamil Nadu,Nilgiris,2024-01-18,0.0,0.0,0.0,11.5,76.75
DEMO-NLG-002,Demo Nilgiris location B,11.42,76.7,Tamil Nadu,Nilgiris,2024-01-19,0.0,0.0,0.0,11.5,76.75
DEMO-NLG-002,Demo Nilgiris location B,11.42,76.7,Tamil Nadu,Nilgiris,2024-01-20,0.0,0.0,0.0,11.5,76.75
DEMO-NLG-002,Demo Nilgiris location B,11.42,76.7,Tamil Nadu,Nilgiris,2024-01-21,0.0,0.0,0.0,11.5,76.75
DEMO-NLG-002,Demo Nilgiris location B,11.42,76.7,Tamil Nadu,Nilgiris,2024-01-22,0.0,0.0,0.0,11.5,76.75
DEMO-NLG-002,Demo Nilgiris location B,11.42,76.7,Tamil Nadu,Nilgiris,2024-01-23,0.0,0.0,0.0,11.5,76.75
DEMO-NLG-002,Demo Nilgiris location B,11.42,76.7,Tamil Nadu,Nilgiris,2024-01-24,0.0,0.0,0.0,11.5,76.75
DEMO-NLG-002,Demo Nilgiris location B,11.42,76.7,Tamil Nadu,Nilgiris,2024-01-25,0.0,0.0,0.0,11.5,76.75
DEMO-NLG-002,Demo Nilgiris location B,11.42,76.7,Tamil Nadu,Nilgiris,2024-01-26,0.0,0.0,0.0,11.5,76.75
DEMO-NLG-002,Demo Nilgiris location B,11.42,76.7,Tamil Nadu,Nilgiris,2024-01-27,0.0,0.0,0.0,11.5,76.75
DEMO-NLG-002,Demo Nilgiris location B,11.42,76.7,Tamil Nadu,Nilgiris,2024-01-28,0.0,0.0,0.0,11.5,76.75
DEMO-NLG-002,Demo Nilgiris location B,11.42,76.7,Tamil Nadu,Nilgiris,2024-01-29,0.0,0.0,0.0,11.5,76.75
DEMO-NLG-002,Demo Nilgiris location B,11.42,76.7,Tamil Nadu,Nilgiris,2024-01-30,0.0,0.0,0.0,11.5,76.75
DEMO-NLG-002,Demo Nilgiris location B,11.42,76.7,Tamil Nadu,Nilgiris,2024-01-31,0.0,0.0,0.0,11.5,76.75
DEMO-NLG-002,Demo Nilgiris location B,11.42,76.7,Tamil Nadu,Nilgiris,2024-02-01,0.0,0.0,0.0,11.5,76.75
DEMO-NLG-002,Demo Nilgiris location B,11.42,76.7,Tamil Nadu,Nilgiris,2024-02-02,0.0,0.0,0.0,11.5,76.75
DEMO-NLG-002,Demo Nilgiris location B,11.42,76.7,Tamil Nadu,Nilgiris,2024-02-03,0.0,0.0,0.0,11.5,76.75
DEMO-NLG-002,Demo Nilgiris location B,11.42,76.7,Tamil Nadu,Nilgiris,2024-02-04,0.0,0.0,0.0,11.5,76.75
DEMO-NLG-002,Demo Nilgiris location B,11.42,76.7,Tamil Nadu,Nilgiris,2024-02-05,0.0,0.0,0.0,11.5,76.75
DEMO-NLG-002,Demo Nilgiris location B,11.42,76.7,Tamil Nadu,Nilgiris,2024-02-06,0.0,0.0,0.0,11.5,76.75
DEMO-NLG-002,Demo Nilgiris location B,11.42,76.7,Tamil Nadu,Nilgiris,2024-02-07,0.0,0.0,0.0,11.5,76.75
DEMO-NLG-002,Demo Nilgiris location B,11.42,76.7,Tamil Nadu,Nilgiris,2024-02-08,0.0,0.0,0.0,11.5,76.75
DEMO-NLG-002,Demo Nilgiris location B,11.42,76.7,Tamil Nadu,Nilgiris,2024-02-09,0.0,0.0,0.0,11.5,76.75
DEMO-NLG-002,Demo Nilgiris location B,11.42,76.7,Tamil Nadu,Nilgiris,2024-02-10,0.0,0.0,0.0,11.5,76.75
DEMO-NLG-002,Demo Nilgiris location B,11.42,76.7,Tamil Nadu,Nilgiris,2024-02-11,0.0,0.0,0.0,11.5,76.75
DEMO-NLG-002,Demo Nilgiris location B,11.42,76.7,Tamil Nadu,Nilgiris,2024-02-12,0.0,0.0,0.0,11.5,76.75
DEMO-NLG-002,Demo Nilgiris location B,11.42,76.7,Tamil Nadu,Nilgiris,2024-02-13,0.0,0.0,0.0,11.5,76.75
DEMO-NLG-002,Demo Nilgiris location B,11.42,76.7,Tamil Nadu,Nilgiris,2024-02-14,0.0,0.0,0.0,11.5,76.75
DEMO-NLG-002,Demo Nilgiris location B,11.42,76.7,Tamil Nadu,Nilgiris,2024-02-15,0.0,0.0,0.0,11.5,76.75
DEMO-NLG-002,Demo Nilgiris location B,11.42,76.7,Tamil Nadu,Nilgiris,2024-02-16,0.0,0.0,0.0,11.5,76.75
DEMO-NLG-002,Demo Nilgiris location B,11.42,76.7,Tamil Nadu,Nilgiris,2024-02-17,0.0,0.0,0.0,11.5,76.75
DEMO-NLG-002,Demo Nilgiris location B,11.42,76.7,Tamil Nadu,Nilgiris,2024-02-18,0.0,0.0,0.0,11.5,76.75
DEMO-NLG-002,Demo Nilgiris location B,11.42,76.7,Tamil Nadu,Nilgiris,2024-02-19,0.0,0.0,0.0,11.5,76.75
DEMO-NLG-002,Demo Nilgiris location B,11.42,76.7,Tamil Nadu,Nilgiris,2024-02-20,0.0,0.0,0.0,11.5,76.75
DEMO-NLG-002,Demo Nilgiris location B,11.42,76.7,Tamil Nadu,Nilgiris,2024-02-21,0.0,0.0,0.0,11.5,76.75
DEMO-NLG-002,Demo Nilgiris location B,11.42,76.7,Tamil Nadu,Nilgiris,2024-02-22,0.0,0.0,0.0,11.5,76.75
DEMO-NLG-002,Demo Nilgiris location B,11.42,76.7,Tamil Nadu,Nilgiris,2024-02-23,0.0,0.0,0.0,11.5,76.75
DEMO-NLG-002,Demo Nilgiris location B,11.42,76.7,Tamil Nadu,Nilgiris,2024-02-24,0.0,0.0,0.0,11.5,76.75
DEMO-NLG-002,Demo Nilgiris location B,11.42,76.7,Tamil Nadu,Nilgiris,2024-02-25,0.0,0.0,0.0,11.5,76.75
DEMO-NLG-002,Demo Nilgiris location B,11.42,76.7,Tamil Nadu,Nilgiris,2024-02-26,0.0,0.0,0.0,11.5,76.75
DEMO-NLG-002,Demo Nilgiris location B,11.42,76.7,Tamil Nadu,Nilgiris,2024-02-27,0.0,0.0,0.0,11.5,76.75
DEMO-NLG-002,Demo Nilgiris location B,11.42,76.7,Tamil Nadu,Nilgiris,2024-02-28,0.0,0.0,0.0,11.5,76.75
DEMO-NLG-002,Demo Nilgiris location B,11.42,76.7,Tamil Nadu,Nilgiris,2024-02-29,0.0,0.0,0.0,11.5,76.75
DEMO-NLG-002,Demo Nilgiris location B,11.42,76.7,Tamil Nadu,Nilgiris,2024-03-01,0.0,0.0,0.0,11.5,76.75
DEMO-NLG-002,Demo Nilgiris location B,11.42,76.7,Tamil Nadu,Nilgiris,2024-03-02,0.0,0.0,0.0,11.5,76.75
DEMO-NLG-002,Demo Nilgiris location B,11.42,76.7,Tamil Nadu,Nilgiris,2024-03-03,0.0,0.0,0.0,11.5,76.75
DEMO-NLG-002,Demo Nilgiris location B,11.42,76.7,Tamil Nadu,Nilgiris,2024-03-04,0.0,0.0,0.0,11.5,76.75
DEMO-NLG-002,Demo Nilgiris location B,11.42,76.7,Tamil Nadu,Nilgiris,2024-03-05,0.0,0.0,0.0,11.5,76.75
DEMO-NLG-002,Demo Nilgiris location B,11.42,76.7,Tamil Nadu,Nilgiris,2024-03-06,0.0,0.0,0.0,11.5,76.75
DEMO-NLG-002,Demo Nilgiris location B,11.42,76.7,Tamil Nadu,Nilgiris,2024-03-07,0.0,0.0,0.0,11.5,76.75
DEMO-NLG-002,Demo Nilgiris location B,11.42,76.7,Tamil Nadu,Nilgiris,2024-03-08,0.0,0.0,0.0,11.5,76.75
DEMO-NLG-002,Demo Nilgiris location B,11.42,76.7,Tamil Nadu,Nilgiris,2024-03-09,0.0,0.0,0.0,11.5,76.75
DEMO-NLG-002,Demo Nilgiris location B,11.42,76.7,Tamil Nadu,Nilgiris,2024-03-10,0.0,0.0,0.0,11.5,76.75
DEMO-NLG-002,Demo Nilgiris location B,11.42,76.7,Tamil Nadu,Nilgiris,2024-03-11,0.0,0.0,0.0,11.5,76.75
DEMO-NLG-002,Demo Nilgiris location B,11.42,76.7,Tamil Nadu,Nilgiris,2024-03-12,0.0,0.0,0.0,11.5,76.75
DEMO-NLG-002,Demo Nilgiris location B,11.42,76.7,Tamil Nadu,Nilgiris,2024-03-13,0.0,0.0,0.0,11.5,76.75
DEMO-NLG-002,Demo Nilgiris location B,11.42,76.7,Tamil Nadu,Nilgiris,2024-03-14,0.0,0.0,0.0,11.5,76.75
DEMO-NLG-002,Demo Nilgiris location B,11.42,76.7,Tamil Nadu,Nilgiris,2024-03-15,0.0,0.0,0.0,11.5,76.75
DEMO-NLG-002,Demo Nilgiris location B,11.42,76.7,Tamil Nadu,Nilgiris,2024-03-16,0.0,0.0,0.0,11.5,76.75
DEMO-NLG-002,Demo Nilgiris location B,11.42,76.7,Tamil Nadu,Nilgiris,2024-03-17,0.0,0.0,0.0,11.5,76.75
DEMO-NLG-002,Demo Nilgiris location B,11.42,76.7,Tamil Nadu,Nilgiris,2024-03-18,0.0,0.0,0.0,11.5,76.75
DEMO-NLG-002,Demo Nilgiris location B,11.42,76.7,Tamil Nadu,Nilgiris,2024-03-19,0.0,0.0,0.0,11.5,76.75
DEMO-NLG-002,Demo Nilgiris location B,11.42,76.7,Tamil Nadu,Nilgiris,2024-03-20,0.0,0.0,0.0,11.5,76.75
DEMO-NLG-002,Demo Nilgiris location B,11.42,76.7,Tamil Nadu,Nilgiris,2024-03-21,0.0,0.0,0.0,11.5,76.75
DEMO-NLG-002,Demo Nilgiris location B,11.42,76.7,Tamil Nadu,Nilgiris,2024-03-22,0.0,0.0,0.0,11.5,76.75
DEMO-NLG-002,Demo Nilgiris location B,11.42,76.7,Tamil Nadu,Nilgiris,2024-03-23,0.3259575068950653,0.3259575068950653,0.3259575068950653,11.5,76.75
DEMO-NLG-002,Demo Nilgiris location B,11.42,76.7,Tamil Nadu,Nilgiris,2024-03-24,0.0,0.3259575068950653,0.3259575068950653,11.5,76.75
DEMO-NLG-002,Demo Nilgiris location B,11.42,76.7,Tamil Nadu,Nilgiris,2024-03-25,0.0,0.3259575068950653,0.3259575068950653,11.5,76.75
DEMO-NLG-002,Demo Nilgiris location B,11.42,76.7,Tamil Nadu,Nilgiris,2024-03-26,0.0,0.0,0.3259575068950653,11.5,76.75
DEMO-NLG-002,Demo Nilgiris location B,11.42,76.7,Tamil Nadu,Nilgiris,2024-03-27,0.0,0.0,0.3259575068950653,11.5,76.75
DEMO-NLG-002,Demo Nilgiris location B,11.42,76.7,Tamil Nadu,Nilgiris,2024-03-28,0.0,0.0,0.3259575068950653,11.5,76.75
DEMO-NLG-002,Demo Nilgiris location B,11.42,76.7,Tamil Nadu,Nilgiris,2024-03-29,0.0,0.0,0.3259575068950653,11.5,76.75
DEMO-NLG-002,Demo Nilgiris location B,11.42,76.7,Tamil Nadu,Nilgiris,2024-03-30,0.0,0.0,0.0,11.5,76.75
DEMO-NLG-002,Demo Nilgiris location B,11.42,76.7,Tamil Nadu,Nilgiris,2024-03-31,0.0,0.0,0.0,11.5,76.75
DEMO-NLG-002,Demo Nilgiris location B,11.42,76.7,Tamil Nadu,Nilgiris,2024-04-01,0.0,0.0,0.0,11.5,76.75
DEMO-NLG-002,Demo Nilgiris location B,11.42,76.7,Tamil Nadu,Nilgiris,2024-04-02,0.0,0.0,0.0,11.5,76.75
DEMO-NLG-002,Demo Nilgiris location B,11.42,76.7,Tamil Nadu,Nilgiris,2024-04-03,0.0,0.0,0.0,11.5,76.75
DEMO-NLG-002,Demo Nilgiris location B,11.42,76.7,Tamil Nadu,Nilgiris,2024-04-04,0.0,0.0,0.0,11.5,76.75
DEMO-NLG-002,Demo Nilgiris location B,11.42,76.7,Tamil Nadu,Nilgiris,2024-04-05,0.0,0.0,0.0,11.5,76.75
DEMO-NLG-002,Demo Nilgiris location B,11.42,76.7,Tamil Nadu,Nilgiris,2024-04-06,0.0,0.0,0.0,11.5,76.75
DEMO-NLG-002,Demo Nilgiris location B,11.42,76.7,Tamil Nadu,Nilgiris,2024-04-07,0.0,0.0,0.0,11.5,76.75
DEMO-NLG-002,Demo Nilgiris location B,11.42,76.7,Tamil Nadu,Nilgiris,2024-04-08,0.0,0.0,0.0,11.5,76.75
DEMO-NLG-002,Demo Nilgiris location B,11.42,76.7,Tamil Nadu,Nilgiris,2024-04-09,0.0,0.0,0.0,11.5,76.75
DEMO-NLG-002,Demo Nilgiris location B,11.42,76.7,Tamil Nadu,Nilgiris,2024-04-10,0.0,0.0,0.0,11.5,76.75
DEMO-NLG-002,Demo Nilgiris location B,11.42,76.7,Tamil Nadu,Nilgiris,2024-04-11,0.0,0.0,0.0,11.5,76.75
DEMO-NLG-002,Demo Nilgiris location B,11.42,76.7,Tamil Nadu,Nilgiris,2024-04-12,13.7274751663208,13.7274751663208,13.7274751663208,11.5,76.75
DEMO-NLG-002,Demo Nilgiris location B,11.42,76.7,Tamil Nadu,Nilgiris,2024-04-13,5.897041320800781,19.624516487121582,19.624516487121582,11.5,76.75
DEMO-NLG-002,Demo Nilgiris location B,11.42,76.7,Tamil Nadu,Nilgiris,2024-04-14,1.2279956340789795,20.85251212120056,20.85251212120056,11.5,76.75
DEMO-NLG-002,Demo Nilgiris location B,11.42,76.7,Tamil Nadu,Nilgiris,2024-04-15,0.0,7.125036954879761,20.85251212120056,11.5,76.75
DEMO-NLG-002,Demo Nilgiris location B,11.42,76.7,Tamil Nadu,Nilgiris,2024-04-16,0.0,1.2279956340789795,20.85251212120056,11.5,76.75
DEMO-NLG-002,Demo Nilgiris location B,11.42,76.7,Tamil Nadu,Nilgiris,2024-04-17,0.0,0.0,20.85251212120056,11.5,76.75
DEMO-NLG-002,Demo Nilgiris location B,11.42,76.7,Tamil Nadu,Nilgiris,2024-04-18,0.0,0.0,20.85251212120056,11.5,76.75
DEMO-NLG-002,Demo Nilgiris location B,11.42,76.7,Tamil Nadu,Nilgiris,2024-04-19,0.0,0.0,7.125036954879761,11.5,76.75
DEMO-NLG-002,Demo Nilgiris location B,11.42,76.7,Tamil Nadu,Nilgiris,2024-04-20,0.0,0.0,1.2279956340789795,11.5,76.75
DEMO-NLG-002,Demo Nilgiris location B,11.42,76.7,Tamil Nadu,Nilgiris,2024-04-21,0.0,0.0,0.0,11.5,76.75
DEMO-NLG-002,Demo Nilgiris location B,11.42,76.7,Tamil Nadu,Nilgiris,2024-04-22,0.0,0.0,0.0,11.5,76.75
DEMO-NLG-002,Demo Nilgiris location B,11.42,76.7,Tamil Nadu,Nilgiris,2024-04-23,0.0,0.0,0.0,11.5,76.75
DEMO-NLG-002,Demo Nilgiris location B,11.42,76.7,Tamil Nadu,Nilgiris,2024-04-24,0.0,0.0,0.0,11.5,76.75
DEMO-NLG-002,Demo Nilgiris location B,11.42,76.7,Tamil Nadu,Nilgiris,2024-04-25,0.0,0.0,0.0,11.5,76.75
DEMO-NLG-002,Demo Nilgiris location B,11.42,76.7,Tamil Nadu,Nilgiris,2024-04-26,0.0,0.0,0.0,11.5,76.75
DEMO-NLG-002,Demo Nilgiris location B,11.42,76.7,Tamil Nadu,Nilgiris,2024-04-27,0.0,0.0,0.0,11.5,76.75
DEMO-NLG-002,Demo Nilgiris location B,11.42,76.7,Tamil Nadu,Nilgiris,2024-04-28,0.0,0.0,0.0,11.5,76.75
DEMO-NLG-002,Demo Nilgiris location B,11.42,76.7,Tamil Nadu,Nilgiris,2024-04-29,0.0,0.0,0.0,11.5,76.75
DEMO-NLG-002,Demo Nilgiris location B,11.42,76.7,Tamil Nadu,Nilgiris,2024-04-30,0.0,0.0,0.0,11.5,76.75
DEMO-NLG-002,Demo Nilgiris location B,11.42,76.7,Tamil Nadu,Nilgiris,2024-05-01,0.0,0.0,0.0,11.5,76.75
DEMO-NLG-002,Demo Nilgiris location B,11.42,76.7,Tamil Nadu,Nilgiris,2024-05-02,0.0,0.0,0.0,11.5,76.75
DEMO-NLG-002,Demo Nilgiris location B,11.42,76.7,Tamil Nadu,Nilgiris,2024-05-03,4.7101545333862305,4.7101545333862305,4.7101545333862305,11.5,76.75
DEMO-NLG-002,Demo Nilgiris location B,11.42,76.7,Tamil Nadu,Nilgiris,2024-05-04,16.821979522705078,21.53213405609131,21.53213405609131,11.5,76.75
DEMO-NLG-002,Demo Nilgiris location B,11.42,76.7,Tamil Nadu,Nilgiris,2024-05-05,4.2243547439575195,25.756488800048828,25.756488800048828,11.5,76.75
DEMO-NLG-002,Demo Nilgiris location B,11.42,76.7,Tamil Nadu,Nilgiris,2024-05-06,0.0,21.046334266662598,25.756488800048828,11.5,76.75
DEMO-NLG-002,Demo Nilgiris location B,11.42,76.7,Tamil Nadu,Nilgiris,2024-05-07,5.6970319747924805,9.92138671875,31.45352077484131,11.5,76.75
DEMO-NLG-002,Demo Nilgiris location B,11.42,76.7,Tamil Nadu,Nilgiris,2024-05-08,0.0,5.6970319747924805,31.45352077484131,11.5,76.75
DEMO-NLG-002,Demo Nilgiris location B,11.42,76.7,Tamil Nadu,Nilgiris,2024-05-09,23.521541595458984,29.218573570251465,54.97506237030029,11.5,76.75
DEMO-NLG-002,Demo Nilgiris location B,11.42,76.7,Tamil Nadu,Nilgiris,2024-05-10,11.498138427734375,35.01968002319336,61.76304626464844,11.5,76.75
DEMO-NLG-002,Demo Nilgiris location B,11.42,76.7,Tamil Nadu,Nilgiris,2024-05-11,3.6397361755371094,38.65941619873047,48.58080291748047,11.5,76.75
DEMO-NLG-002,Demo Nilgiris location B,11.42,76.7,Tamil Nadu,Nilgiris,2024-05-12,0.14486825466156006,15.282742857933044,44.50131642818451,11.5,76.75
DEMO-NLG-002,Demo Nilgiris location B,11.42,76.7,Tamil Nadu,Nilgiris,2024-05-13,12.756638526916504,16.541242957115173,57.25795495510101,11.5,76.75
DEMO-NLG-002,Demo Nilgiris location B,11.42,76.7,Tamil Nadu,Nilgiris,2024-05-14,19.725290298461914,32.62679708003998,71.28621327877045,11.5,76.75
DEMO-NLG-002,Demo Nilgiris location B,11.42,76.7,Tamil Nadu,Nilgiris,2024-05-15,0.40242230892181396,32.88435113430023,71.68863558769226,11.5,76.75
DEMO-NLG-002,Demo Nilgiris location B,11.42,76.7,Tamil Nadu,Nilgiris,2024-05-16,21.153968811035156,41.281681418418884,69.32106280326843,11.5,76.75
DEMO-NLG-002,Demo Nilgiris location B,11.42,76.7,Tamil Nadu,Nilgiris,2024-05-17,8.543680191040039,30.10007131099701,66.3666045665741,11.5,76.75
DEMO-NLG-002,Demo Nilgiris location B,11.42,76.7,Tamil Nadu,Nilgiris,2024-05-18,32.17637634277344,61.87402534484863,94.90324473381042,11.5,76.75
DEMO-NLG-002,Demo Nilgiris location B,11.42,76.7,Tamil Nadu,Nilgiris,2024-05-19,24.89584732055664,65.61590385437012,119.6542237997055,11.5,76.75
DEMO-NLG-002,Demo Nilgiris location B,11.42,76.7,Tamil Nadu,Nilgiris,2024-05-20,31.29872703552246,88.37095069885254,138.19631230831146,11.5,76.75
DEMO-NLG-002,Demo Nilgiris location B,11.42,76.7,Tamil Nadu,Nilgiris,2024-05-21,31.169967651367188,87.36454200744629,149.64098966121674,11.5,76.75
DEMO-NLG-002,Demo Nilgiris location B,11.42,76.7,Tamil Nadu,Nilgiris,2024-05-22,21.8961181640625,84.36481285095215,171.13468551635742,11.5,76.75
DEMO-NLG-002,Demo Nilgiris location B,11.42,76.7,Tamil Nadu,Nilgiris,2024-05-23,50.46644592285156,103.53253173828125,200.44716262817383,11.5,76.75
DEMO-NLG-002,Demo Nilgiris location B,11.42,76.7,Tamil Nadu,Nilgiris,2024-05-24,36.63263702392578,108.99520111083984,228.53611946105957,11.5,76.75
DEMO-NLG-002,Demo Nilgiris location B,11.42,76.7,Tamil Nadu,Nilgiris,2024-05-25,1.2385876178741455,88.33767056465149,197.59833073616028,11.5,76.75
DEMO-NLG-002,Demo Nilgiris location B,11.42,76.7,Tamil Nadu,Nilgiris,2024-05-26,0.0,37.87122464179993,172.70248341560364,11.5,76.75
DEMO-NLG-002,Demo Nilgiris location B,11.42,76.7,Tamil Nadu,Nilgiris,2024-05-27,0.0,1.2385876178741455,141.40375638008118,11.5,76.75
DEMO-NLG-002,Demo Nilgiris location B,11.42,76.7,Tamil Nadu,Nilgiris,2024-05-28,0.0,0.0,110.23378872871399,11.5,76.75
DEMO-NLG-002,Demo Nilgiris location B,11.42,76.7,Tamil Nadu,Nilgiris,2024-05-29,0.0,0.0,88.33767056465149,11.5,76.75
DEMO-NLG-002,Demo Nilgiris location B,11.42,76.7,Tamil Nadu,Nilgiris,2024-05-30,0.0,0.0,37.87122464179993,11.5,76.75
DEMO-NLG-002,Demo Nilgiris location B,11.42,76.7,Tamil Nadu,Nilgiris,2024-05-31,0.0,0.0,1.2385876178741455,11.5,76.75
DEMO-NLG-002,Demo Nilgiris location B,11.42,76.7,Tamil Nadu,Nilgiris,2024-06-01,0.23456479609012604,0.23456479609012604,0.23456479609012604,11.5,76.75
DEMO-NLG-002,Demo Nilgiris location B,11.42,76.7,Tamil Nadu,Nilgiris,2024-06-02,2.421388864517212,2.655953660607338,2.655953660607338,11.5,76.75
DEMO-NLG-002,Demo Nilgiris location B,11.42,76.7,Tamil Nadu,Nilgiris,2024-06-03,6.850889205932617,9.506842866539955,9.506842866539955,11.5,76.75
DEMO-NLG-002,Demo Nilgiris location B,11.42,76.7,Tamil Nadu,Nilgiris,2024-06-04,0.8445397615432739,10.116817831993103,10.351382628083229,11.5,76.75
DEMO-NLG-002,Demo Nilgiris location B,11.42,76.7,Tamil Nadu,Nilgiris,2024-06-05,1.3457584381103516,9.041187405586243,11.69714106619358,11.5,76.75
DEMO-NLG-002,Demo Nilgiris location B,11.42,76.7,Tamil Nadu,Nilgiris,2024-06-06,3.2010927200317383,5.391390919685364,14.898233786225319,11.5,76.75
DEMO-NLG-002,Demo Nilgiris location B,11.42,76.7,Tamil Nadu,Nilgiris,2024-06-07,11.384316444396973,15.931167602539062,26.28255023062229,11.5,76.75
DEMO-NLG-002,Demo Nilgiris location B,11.42,76.7,Tamil Nadu,Nilgiris,2024-06-08,2.691516876220703,17.276926040649414,28.73950231075287,11.5,76.75
DEMO-NLG-002,Demo Nilgiris location B,11.42,76.7,Tamil Nadu,Nilgiris,2024-06-09,9.099016189575195,23.17484951019287,35.41712963581085,11.5,76.75
DEMO-NLG-002,Demo Nilgiris location B,11.42,76.7,Tamil Nadu,Nilgiris,2024-06-10,9.420309066772461,21.21084213256836,37.986549496650696,11.5,76.75
DEMO-NLG-002,Demo Nilgiris location B,11.42,76.7,Tamil Nadu,Nilgiris,2024-06-11,14.851632118225098,33.370957374572754,51.99364185333252,11.5,76.75
DEMO-NLG-002,Demo Nilgiris location B,11.42,76.7,Tamil Nadu,Nilgiris,2024-06-12,0.0,24.27194118499756,50.64788341522217,11.5,76.75
DEMO-NLG-002,Demo Nilgiris location B,11.42,76.7,Tamil Nadu,Nilgiris,2024-06-13,1.3457584381103516,16.19739055633545,48.79254913330078,11.5,76.75
DEMO-NLG-002,Demo Nilgiris location B,11.42,76.7,Tamil Nadu,Nilgiris,2024-06-14,0.0,1.3457584381103516,37.40823268890381,11.5,76.75
DEMO-NLG-002,Demo Nilgiris location B,11.42,76.7,Tamil Nadu,Nilgiris,2024-06-15,0.0,1.3457584381103516,34.716715812683105,11.5,76.75
DEMO-NLG-002,Demo Nilgiris location B,11.42,76.7,Tamil Nadu,Nilgiris,2024-06-16,0.0,0.0,25.61769962310791,11.5,76.75
DEMO-NLG-002,Demo Nilgiris location B,11.42,76.7,Tamil Nadu,Nilgiris,2024-06-17,1.48320734500885,1.48320734500885,17.6805979013443,11.5,76.75
DEMO-NLG-002,Demo Nilgiris location B,11.42,76.7,Tamil Nadu,Nilgiris,2024-06-18,3.3593151569366455,4.842522501945496,6.188280940055847,11.5,76.75
DEMO-NLG-002,Demo Nilgiris location B,11.42,76.7,Tamil Nadu,Nilgiris,2024-06-19,5.210099220275879,10.052621722221375,11.398380160331726,11.5,76.75
DEMO-NLG-002,Demo Nilgiris location B,11.42,76.7,Tamil Nadu,Nilgiris,2024-06-20,3.3188555240631104,11.888269901275635,13.371477246284485,11.5,76.75
DEMO-NLG-002,Demo Nilgiris location B,11.42,76.7,Tamil Nadu,Nilgiris,2024-06-21,0.23456479609012604,8.763519540429115,13.606042042374611,11.5,76.75
DEMO-NLG-002,Demo Nilgiris location B,11.42,76.7,Tamil Nadu,Nilgiris,2024-06-22,0.0,3.5534203201532364,13.606042042374611,11.5,76.75
DEMO-NLG-002,Demo Nilgiris location B,11.42,76.7,Tamil Nadu,Nilgiris,2024-06-23,1.6643280982971191,1.8988928943872452,15.27037014067173,11.5,76.75
DEMO-NLG-002,Demo Nilgiris location B,11.42,76.7,Tamil Nadu,Nilgiris,2024-06-24,4.434181213378906,6.098509311676025,18.221344009041786,11.5,76.75
DEMO-NLG-002,Demo Nilgiris location B,11.42,76.7,Tamil Nadu,Nilgiris,2024-06-25,2.8243165016174316,8.922825813293457,17.686345353722572,11.5,76.75
DEMO-NLG-002,Demo Nilgiris location B,11.42,76.7,Tamil Nadu,Nilgiris,2024-06-26,29.95699691772461,37.21549463272095,42.4332430511713,11.5,76.75
DEMO-NLG-002,Demo Nilgiris location B,11.42,76.7,Tamil Nadu,Nilgiris,2024-06-27,10.040244102478027,42.82155752182007,49.15463162958622,11.5,76.75
DEMO-NLG-002,Demo Nilgiris location B,11.42,76.7,Tamil Nadu,Nilgiris,2024-06-28,2.780050039291382,42.77729105949402,51.700116872787476,11.5,76.75
DEMO-NLG-002,Demo Nilgiris location B,11.42,76.7,Tamil Nadu,Nilgiris,2024-06-29,2.691516876220703,15.511811017990112,54.39163374900818,11.5,76.75
DEMO-NLG-002,Demo Nilgiris location B,11.42,76.7,Tamil Nadu,Nilgiris,2024-06-30,5.062001705169678,10.533568620681763,57.78930735588074,11.5,76.75
DEMO-NLG-002,Demo Nilgiris location B,11.42,76.7,Tamil Nadu,Nilgiris,2024-07-01,7.746156215667725,15.499674797058105,61.101282358169556,11.5,76.75
DEMO-NLG-002,Demo Nilgiris location B,11.42,76.7,Tamil Nadu,Nilgiris,2024-07-02,5.9406962394714355,18.748854160308838,64.21766209602356,11.5,76.75
DEMO-NLG-002,Demo Nilgiris location B,11.42,76.7,Tamil Nadu,Nilgiris,2024-07-03,2.691516876220703,16.378369331359863,36.95218205451965,11.5,76.75
DEMO-NLG-002,Demo Nilgiris location B,11.42,76.7,Tamil Nadu,Nilgiris,2024-07-04,9.489983558654785,18.122196674346924,36.40192151069641,11.5,76.75
DEMO-NLG-002,Demo Nilgiris location B,11.42,76.7,Tamil Nadu,Nilgiris,2024-07-05,0.6728792190551758,12.854379653930664,34.294750690460205,11.5,76.75
DEMO-NLG-002,Demo Nilgiris location B,11.42,76.7,Tamil Nadu,Nilgiris,2024-07-06,4.222166538238525,14.385029315948486,35.82540035247803,11.5,76.75
DEMO-NLG-002,Demo Nilgiris location B,11.42,76.7,Tamil Nadu,Nilgiris,2024-07-07,0.0,4.895045757293701,30.76339864730835,11.5,76.75
DEMO-NLG-002,Demo Nilgiris location B,11.42,76.7,Tamil Nadu,Nilgiris,2024-07-08,2.7398061752319336,6.961972713470459,25.75704860687256,11.5,76.75
DEMO-NLG-002,Demo Nilgiris location B,11.42,76.7,Tamil Nadu,Nilgiris,2024-07-09,10.181721687316895,12.921527862548828,29.998074054718018,11.5,76.75
DEMO-NLG-002,Demo Nilgiris location B,11.42,76.7,Tamil Nadu,Nilgiris,2024-07-10,7.490204811096191,20.41173267364502,34.796761989593506,11.5,76.75
DEMO-NLG-002,Demo Nilgiris location B,11.42,76.7,Tamil Nadu,Nilgiris,2024-07-11,1.407388687133789,19.079315185546875,26.71416711807251,11.5,76.75
DEMO-NLG-002,Demo Nilgiris location B,11.42,76.7,Tamil Nadu,Nilgiris,2024-07-12,2.0186376571655273,10.916231155395508,28.05992555618286,11.5,76.75
DEMO-NLG-002,Demo Nilgiris location B,11.42,76.7,Tamil Nadu,Nilgiris,2024-07-13,21.4522705078125,24.878296852111816,45.290029525756836,11.5,76.75
DEMO-NLG-002,Demo Nilgiris location B,11.42,76.7,Tamil Nadu,Nilgiris,2024-07-14,7.635072708129883,31.10598087310791,52.92510223388672,11.5,76.75
DEMO-NLG-002,Demo Nilgiris location B,11.42,76.7,Tamil Nadu,Nilgiris,2024-07-15,39.24187088012695,68.32921409606934,89.42716693878174,11.5,76.75
DEMO-NLG-002,Demo Nilgiris location B,11.42,76.7,Tamil Nadu,Nilgiris,2024-07-16,43.27978515625,90.15672874450684,122.52523040771484,11.5,76.75
DEMO-NLG-002,Demo Nilgiris location B,11.42,76.7,Tamil Nadu,Nilgiris,2024-07-17,29.754013061523438,112.27566909790039,144.7890386581421,11.5,76.75
DEMO-NLG-002,Demo Nilgiris location B,11.42,76.7,Tamil Nadu,Nilgiris,2024-07-18,27.200992584228516,100.23479080200195,170.58264255523682,11.5,76.75
DEMO-NLG-002,Demo Nilgiris location B,11.42,76.7,Tamil Nadu,Nilgiris,2024-07-19,12.411209106445312,69.36621475219727,180.9752140045166,11.5,76.75
DEMO-NLG-002,Demo Nilgiris location B,11.42,76.7,Tamil Nadu,Nilgiris,2024-07-20,26.516263961791992,66.12846565246582,186.0392074584961,11.5,76.75
DEMO-NLG-002,Demo Nilgiris location B,11.42,76.7,Tamil Nadu,Nilgiris,2024-07-21,6.237002372741699,45.164475440979004,184.6411371231079,11.5,76.75
DEMO-NLG-002,Demo Nilgiris location B,11.42,76.7,Tamil Nadu,Nilgiris,2024-07-22,2.0186376571655273,34.77190399169922,147.41790390014648,11.5,76.75
DEMO-NLG-002,Demo Nilgiris location B,11.42,76.7,Tamil Nadu,Nilgiris,2024-07-23,8.348196029663086,16.603836059570312,112.48631477355957,11.5,76.75
DEMO-NLG-002,Demo Nilgiris location B,11.42,76.7,Tamil Nadu,Nilgiris,2024-07-24,38.366512298583984,48.7333459854126,121.09881401062012,11.5,76.75
DEMO-NLG-002,Demo Nilgiris location B,11.42,76.7,Tamil Nadu,Nilgiris,2024-07-25,39.08249282836914,85.79720115661621,132.98031425476074,11.5,76.75
DEMO-NLG-002,Demo Nilgiris location B,11.42,76.7,Tamil Nadu,Nilgiris,2024-07-26,30.623106002807617,108.07211112976074,151.19221115112305,11.5,76.75
DEMO-NLG-002,Demo Nilgiris location B,11.42,76.7,Tamil Nadu,Nilgiris,2024-07-27,25.277990341186523,94.98358917236328,149.95393753051758,11.5,76.75
DEMO-NLG-002,Demo Nilgiris location B,11.42,76.7,Tamil Nadu,Nilgiris,2024-07-28,6.838931560516357,62.7400279045105,150.55586671829224,11.5,76.75
DEMO-NLG-002,Demo Nilgiris location B,11.42,76.7,Tamil Nadu,Nilgiris,2024-07-29,2.691516876220703,34.808438777923584,151.2287459373474,11.5,76.75
DEMO-NLG-002,Demo Nilgiris location B,11.42,76.7,Tamil Nadu,Nilgiris,2024-07-30,42.29343795776367,51.82388639450073,185.173987865448,11.5,76.75
DEMO-NLG-002,Demo Nilgiris location B,11.42,76.7,Tamil Nadu,Nilgiris,2024-07-31,7.197921276092529,52.182876110076904,154.00539684295654,11.5,76.75
DEMO-NLG-002,Demo Nilgiris location B,11.42,76.7,Tamil Nadu,Nilgiris,2024-08-01,22.57405662536621,72.06541585922241,137.4969606399536,11.5,76.75
DEMO-NLG-002,Demo Nilgiris location B,11.42,76.7,Tamil Nadu,Nilgiris,2024-08-02,14.16943359375,43.94141149520874,121.043288230896,11.5,76.75
DEMO-NLG-002,Demo Nilgiris location B,11.42,76.7,Tamil Nadu,Nilgiris,2024-08-03,2.0186376571655273,38.76212787628174,97.783935546875,11.5,76.75
DEMO-NLG-002,Demo Nilgiris location B,11.42,76.7,Tamil Nadu,Nilgiris,2024-08-04,9.037166595458984,25.22523784637451,99.98217058181763,11.5,76.75
DEMO-NLG-002,Demo Nilgiris location B,11.42,76.7,Tamil Nadu,Nilgiris,2024-08-05,11.487236022949219,22.54304027557373,108.77788972854614,11.5,76.75
DEMO-NLG-002,Demo Nilgiris location B,11.42,76.7,Tamil Nadu,Nilgiris,2024-08-06,4.131240367889404,24.655642986297607,70.61569213867188,11.5,76.75
DEMO-NLG-002,Demo Nilgiris location B,11.42,76.7,Tamil Nadu,Nilgiris,2024-08-07,3.1673521995544434,18.785828590393066,66.58512306213379,11.5,76.75
DEMO-NLG-002,Demo Nilgiris location B,11.42,76.7,Tamil Nadu,Nilgiris,2024-08-08,3.0629043579101562,10.361496925354004,47.073970794677734,11.5,76.75
DEMO-NLG-002,Demo Nilgiris location B,11.42,76.7,Tamil Nadu,Nilgiris,2024-08-09,4.037275314331055,10.267531871795654,36.94181251525879,11.5,76.75
DEMO-NLG-002,Demo Nilgiris location B,11.42,76.7,Tamil Nadu,Nilgiris,2024-08-10,2.0186376571655273,9.118817329406738,36.94181251525879,11.5,76.75
DEMO-NLG-002,Demo Nilgiris location B,11.42,76.7,Tamil Nadu,Nilgiris,2024-08-11,7.082924842834473,13.138837814331055,34.98757076263428,11.5,76.75
DEMO-NLG-002,Demo Nilgiris location B,11.42,76.7,Tamil Nadu,Nilgiris,2024-08-12,8.911358833312988,18.01292133331299,32.41169357299805,11.5,76.75
DEMO-NLG-002,Demo Nilgiris location B,11.42,76.7,Tamil Nadu,Nilgiris,2024-08-13,0.4691295921802521,16.463413268327713,28.749582797288895,11.5,76.75
DEMO-NLG-002,Demo Nilgiris location B,11.42,76.7,Tamil Nadu,Nilgiris,2024-08-14,13.559673309326172,22.940161734819412,39.14190390706062,11.5,76.75
DEMO-NLG-002,Demo Nilgiris location B,11.42,76.7,Tamil Nadu,Nilgiris,2024-08-15,24.307323455810547,38.33612635731697,60.386323004961014,11.5,76.75
DEMO-NLG-002,Demo Nilgiris location B,11.42,76.7,Tamil Nadu,Nilgiris,2024-08-16,6.204802513122559,44.07179927825928,62.55385020375252,11.5,76.75
DEMO-NLG-002,Demo Nilgiris location B,11.42,76.7,Tamil Nadu,Nilgiris,2024-08-17,4.553530693054199,35.065656661987305,65.08874323964119,11.5,76.75
DEMO-NLG-002,Demo Nilgiris location B,11.42,76.7,Tamil Nadu,Nilgiris,2024-08-18,0.0,10.758333206176758,58.00581839680672,11.5,76.75
DEMO-NLG-002,Demo Nilgiris location B,11.42,76.7,Tamil Nadu,Nilgiris,2024-08-19,9.900452613830566,14.453983306884766,58.994912177324295,11.5,76.75
DEMO-NLG-002,Demo Nilgiris location B,11.42,76.7,Tamil Nadu,Nilgiris,2024-08-20,9.726573944091797,19.627026557922363,68.25235652923584,11.5,76.75
DEMO-NLG-002,Demo Nilgiris location B,11.42,76.7,Tamil Nadu,Nilgiris,2024-08-21,11.487236022949219,31.114262580871582,66.17991924285889,11.5,76.75
DEMO-NLG-002,Demo Nilgiris location B,11.42,76.7,Tamil Nadu,Nilgiris,2024-08-22,0.8177474737167358,22.03155744075775,42.690343260765076,11.5,76.75
DEMO-NLG-002,Demo Nilgiris location B,11.42,76.7,Tamil Nadu,Nilgiris,2024-08-23,0.0,12.304983496665955,36.48554074764252,11.5,76.75
DEMO-NLG-002,Demo Nilgiris location B,11.42,76.7,Tamil Nadu,Nilgiris,2024-08-24,0.0,0.8177474737167358,31.932010054588318,11.5,76.75
DEMO-NLG-002,Demo Nilgiris location B,11.42,76.7,Tamil Nadu,Nilgiris,2024-08-25,1.3457584381103516,1.3457584381103516,33.27776849269867,11.5,76.75
DEMO-NLG-002,Demo Nilgiris location B,11.42,76.7,Tamil Nadu,Nilgiris,2024-08-26,0.0,1.3457584381103516,23.377315878868103,11.5,76.75
DEMO-NLG-002,Demo Nilgiris location B,11.42,76.7,Tamil Nadu,Nilgiris,2024-08-27,0.0,1.3457584381103516,13.650741934776306,11.5,76.75
DEMO-NLG-002,Demo Nilgiris location B,11.42,76.7,Tamil Nadu,Nilgiris,2024-08-28,0.0,0.0,2.1635059118270874,11.5,76.75
DEMO-NLG-002,Demo Nilgiris location B,11.42,76.7,Tamil Nadu,Nilgiris,2024-08-29,3.3643958568573,3.3643958568573,4.710154294967651,11.5,76.75
DEMO-NLG-002,Demo Nilgiris location B,11.42,76.7,Tamil Nadu,Nilgiris,2024-08-30,11.4832124710083,14.8476083278656,16.193366765975952,11.5,76.75
DEMO-NLG-002,Demo Nilgiris location B,11.42,76.7,Tamil Nadu,Nilgiris,2024-08-31,0.6728792190551758,15.520487546920776,16.866245985031128,11.5,76.75
DEMO-NLG-002,Demo Nilgiris location B,11.42,76.7,Tamil Nadu,Nilgiris,2024-09-01,4.085564613342285,16.24165630340576,19.60605216026306,11.5,76.75
DEMO-NLG-002,Demo Nilgiris location B,11.42,76.7,Tamil Nadu,Nilgiris,2024-09-02,1.3457584381103516,6.1042022705078125,20.951810598373413,11.5,76.75
DEMO-NLG-002,Demo Nilgiris location B,11.42,76.7,Tamil Nadu,Nilgiris,2024-09-03,2.928941011428833,8.36026406288147,23.880751609802246,11.5,76.75
DEMO-NLG-002,Demo Nilgiris location B,11.42,76.7,Tamil Nadu,Nilgiris,2024-09-04,0.9143262505531311,5.189025700092316,24.795077860355377,11.5,76.75
DEMO-NLG-002,Demo Nilgiris location B,11.42,76.7,Tamil Nadu,Nilgiris,2024-09-05,0.0,3.843267261981964,21.430682003498077,11.5,76.75
DEMO-NLG-002,Demo Nilgiris location B,11.42,76.7,Tamil Nadu,Nilgiris,2024-09-06,1.3457584381103516,2.2600846886634827,11.293227970600128,11.5,76.75
DEMO-NLG-002,Demo Nilgiris location B,11.42,76.7,Tamil Nadu,Nilgiris,2024-09-07,4.754421234130859,6.100179672241211,15.374769985675812,11.5,76.75
DEMO-NLG-002,Demo Nilgiris location B,11.42,76.7,Tamil Nadu,Nilgiris,2024-09-08,0.0,6.100179672241211,11.289205372333527,11.5,76.75
DEMO-NLG-002,Demo Nilgiris location B,11.42,76.7,Tamil Nadu,Nilgiris,2024-09-09,0.0,4.754421234130859,9.943446934223175,11.5,76.75
DEMO-NLG-002,Demo Nilgiris location B,11.42,76.7,Tamil Nadu,Nilgiris,2024-09-10,0.6728792190551758,0.6728792190551758,7.687385141849518,11.5,76.75
DEMO-NLG-002,Demo Nilgiris location B,11.42,76.7,Tamil Nadu,Nilgiris,2024-09-11,0.0,0.6728792190551758,6.773058891296387,11.5,76.75
DEMO-NLG-002,Demo Nilgiris location B,11.42,76.7,Tamil Nadu,Nilgiris,2024-09-12,2.0186376571655273,2.691516876220703,8.791696548461914,11.5,76.75
DEMO-NLG-002,Demo Nilgiris location B,11.42,76.7,Tamil Nadu,Nilgiris,2024-09-13,0.0,2.0186376571655273,7.4459381103515625,11.5,76.75
DEMO-NLG-002,Demo Nilgiris location B,11.42,76.7,Tamil Nadu,Nilgiris,2024-09-14,0.6728792190551758,2.691516876220703,3.364396095275879,11.5,76.75
DEMO-NLG-002,Demo Nilgiris location B,11.42,76.7,Tamil Nadu,Nilgiris,2024-09-15,2.0186376571655273,2.691516876220703,5.383033752441406,11.5,76.75
DEMO-NLG-002,Demo Nilgiris location B,11.42,76.7,Tamil Nadu,Nilgiris,2024-09-16,2.0186376571655273,4.7101545333862305,7.401671409606934,11.5,76.75
DEMO-NLG-002,Demo Nilgiris location B,11.42,76.7,Tamil Nadu,Nilgiris,2024-09-17,5.383033752441406,9.420309066772461,12.111825942993164,11.5,76.75
DEMO-NLG-002,Demo Nilgiris location B,11.42,76.7,Tamil Nadu,Nilgiris,2024-09-18,0.0,7.401671409606934,12.111825942993164,11.5,76.75
DEMO-NLG-002,Demo Nilgiris location B,11.42,76.7,Tamil Nadu,Nilgiris,2024-09-19,0.0,5.383033752441406,10.093188285827637,11.5,76.75
DEMO-NLG-002,Demo Nilgiris location B,11.42,76.7,Tamil Nadu,Nilgiris,2024-09-20,0.0,0.0,10.093188285827637,11.5,76.75
DEMO-NLG-002,Demo Nilgiris location B,11.42,76.7,Tamil Nadu,Nilgiris,2024-09-21,0.0,0.0,9.420309066772461,11.5,76.75
DEMO-NLG-002,Demo Nilgiris location B,11.42,76.7,Tamil Nadu,Nilgiris,2024-09-22,0.0,0.0,7.401671409606934,11.5,76.75
DEMO-NLG-002,Demo Nilgiris location B,11.42,76.7,Tamil Nadu,Nilgiris,2024-09-23,0.0,0.0,5.383033752441406,11.5,76.75
DEMO-NLG-002,Demo Nilgiris location B,11.42,76.7,Tamil Nadu,Nilgiris,2024-09-24,0.4828942120075226,0.4828942120075226,0.4828942120075226,11.5,76.75
DEMO-NLG-002,Demo Nilgiris location B,11.42,76.7,Tamil Nadu,Nilgiris,2024-09-25,0.28285422921180725,0.7657484412193298,0.7657484412193298,11.5,76.75
DEMO-NLG-002,Demo Nilgiris location B,11.42,76.7,Tamil Nadu,Nilgiris,2024-09-26,0.0,0.7657484412193298,0.7657484412193298,11.5,76.75
DEMO-NLG-002,Demo Nilgiris location B,11.42,76.7,Tamil Nadu,Nilgiris,2024-09-27,0.33400312066078186,0.6168573498725891,1.0997515618801117,11.5,76.75
DEMO-NLG-002,Demo Nilgiris location B,11.42,76.7,Tamil Nadu,Nilgiris,2024-09-28,0.17706644535064697,0.5110695660114288,1.2768180072307587,11.5,76.75
DEMO-NLG-002,Demo Nilgiris location B,11.42,76.7,Tamil Nadu,Nilgiris,2024-09-29,15.362366676330566,15.873436242341995,16.639184683561325,11.5,76.75
DEMO-NLG-002,Demo Nilgiris location B,11.42,76.7,Tamil Nadu,Nilgiris,2024-09-30,23.57449722290039,39.113930344581604,40.213681906461716,11.5,76.75
DEMO-NLG-002,Demo Nilgiris location B,11.42,76.7,Tamil Nadu,Nilgiris,2024-10-01,0.38631534576416016,39.32317924499512,40.11710304021835,11.5,76.75
DEMO-NLG-002,Demo Nilgiris location B,11.42,76.7,Tamil Nadu,Nilgiris,2024-10-02,0.28285422921180725,24.243666797876358,40.11710304021835,11.5,76.75
DEMO-NLG-002,Demo Nilgiris location B,11.42,76.7,Tamil Nadu,Nilgiris,2024-10-03,0.19315767288208008,0.8623272478580475,40.31026071310043,11.5,76.75
DEMO-NLG-002,Demo Nilgiris location B,11.42,76.7,Tamil Nadu,Nilgiris,2024-10-04,0.2897365093231201,0.7657484114170074,40.26599410176277,11.5,76.75
DEMO-NLG-002,Demo Nilgiris location B,11.42,76.7,Tamil Nadu,Nilgiris,2024-10-05,1.9919817447662354,2.4748759269714355,42.08090940117836,11.5,76.75
DEMO-NLG-002,Demo Nilgiris location B,11.42,76.7,Tamil Nadu,Nilgiris,2024-10-06,26.701248168945312,28.982966423034668,53.419790893793106,11.5,76.75
DEMO-NLG-002,Demo Nilgiris location B,11.42,76.7,Tamil Nadu,Nilgiris,2024-10-07,7.014557838439941,35.70778775215149,36.85985150933266,11.5,76.75
DEMO-NLG-002,Demo Nilgiris location B,11.42,76.7,Tamil Nadu,Nilgiris,2024-10-08,4.2116851806640625,37.927491188049316,40.68522134423256,11.5,76.75
DEMO-NLG-002,Demo Nilgiris location B,11.42,76.7,Tamil Nadu,Nilgiris,2024-10-09,6.726668357849121,17.952911376953125,47.12903547286987,11.5,76.75
DEMO-NLG-002,Demo Nilgiris location B,11.42,76.7,Tamil Nadu,Nilgiris,2024-10-10,4.85502290725708,15.793376445770264,51.79090070724487,11.5,76.75
DEMO-NLG-002,Demo Nilgiris location B,11.42,76.7,Tamil Nadu,Nilgiris,2024-10-11,24.261348724365234,35.843039989471436,75.76251292228699,11.5,76.75
DEMO-NLG-002,Demo Nilgiris location B,11.42,76.7,Tamil Nadu,Nilgiris,2024-10-12,2.14084529876709,31.257216930389404,75.91137647628784,11.5,76.75
DEMO-NLG-002,Demo Nilgiris location B,11.42,76.7,Tamil Nadu,Nilgiris,2024-10-13,17.81806182861328,44.220255851745605,67.02819013595581,11.5,76.75
DEMO-NLG-002,Demo Nilgiris location B,11.42,76.7,Tamil Nadu,Nilgiris,2024-10-14,12.195595741271973,32.154502868652344,72.20922803878784,11.5,76.75
DEMO-NLG-002,Demo Nilgiris location B,11.42,76.7,Tamil Nadu,Nilgiris,2024-10-15,16.665889739990234,46.67954730987549,84.66343259811401,11.5,76.75
DEMO-NLG-002,Demo Nilgiris location B,11.42,76.7,Tamil Nadu,Nilgiris,2024-10-16,16.586259841918945,45.44774532318115,94.52302408218384,11.5,76.75
DEMO-NLG-002,Demo Nilgiris location B,11.42,76.7,Tamil Nadu,Nilgiris,2024-10-17,5.496361255645752,38.74851083755493,95.16436243057251,11.5,76.75
DEMO-NLG-002,Demo Nilgiris location B,11.42,76.7,Tamil Nadu,Nilgiris,2024-10-18,11.493674278259277,33.576295375823975,82.39668798446655,11.5,76.75
DEMO-NLG-002,Demo Nilgiris location B,11.42,76.7,Tamil Nadu,Nilgiris,2024-10-19,6.3336896896362305,23.32372522354126,86.5895323753357,11.5,76.75
DEMO-NLG-002,Demo Nilgiris location B,11.42,76.7,Tamil Nadu,Nilgiris,2024-10-20,11.13662052154541,28.963984489440918,79.90809106826782,11.5,76.75
DEMO-NLG-002,Demo Nilgiris location B,11.42,76.7,Tamil Nadu,Nilgiris,2024-10-21,20.20163345336914,37.67194366455078,87.91412878036499,11.5,76.75
DEMO-NLG-002,Demo Nilgiris location B,11.42,76.7,Tamil Nadu,Nilgiris,2024-10-22,23.878206253051758,55.21646022796631,95.12644529342651,11.5,76.75
DEMO-NLG-002,Demo Nilgiris location B,11.42,76.7,Tamil Nadu,Nilgiris,2024-10-23,20.24706268310547,64.32690238952637,98.78724813461304,11.5,76.75
DEMO-NLG-002,Demo Nilgiris location B,11.42,76.7,Tamil Nadu,Nilgiris,2024-10-24,0.0,44.12526893615723,93.29088687896729,11.5,76.75
DEMO-NLG-002,Demo Nilgiris location B,11.42,76.7,Tamil Nadu,Nilgiris,2024-10-25,6.438862323760986,26.685925006866455,88.236074924469,11.5,76.75
DEMO-NLG-002,Demo Nilgiris location B,11.42,76.7,Tamil Nadu,Nilgiris,2024-10-26,12.954038619995117,19.392900943756104,94.85642385482788,11.5,76.75
DEMO-NLG-002,Demo Nilgiris location B,11.42,76.7,Tamil Nadu,Nilgiris,2024-10-27,0.0,19.392900943756104,83.71980333328247,11.5,76.75
DEMO-NLG-002,Demo Nilgiris location B,11.42,76.7,Tamil Nadu,Nilgiris,2024-10-28,0.0,12.954038619995117,63.51816987991333,11.5,76.75
DEMO-NLG-002,Demo Nilgiris location B,11.42,76.7,Tamil Nadu,Nilgiris,2024-10-29,0.0,0.0,39.63996362686157,11.5,76.75
DEMO-NLG-002,Demo Nilgiris location B,11.42,76.7,Tamil Nadu,Nilgiris,2024-10-30,0.0,0.0,19.392900943756104,11.5,76.75
DEMO-NLG-002,Demo Nilgiris location B,11.42,76.7,Tamil Nadu,Nilgiris,2024-10-31,0.0,0.0,19.392900943756104,11.5,76.75
DEMO-NLG-002,Demo Nilgiris location B,11.42,76.7,Tamil Nadu,Nilgiris,2024-11-01,6.36077880859375,6.36077880859375,19.314817428588867,11.5,76.75
DEMO-NLG-002,Demo Nilgiris location B,11.42,76.7,Tamil Nadu,Nilgiris,2024-11-02,14.349248886108398,20.71002769470215,20.71002769470215,11.5,76.75
DEMO-NLG-002,Demo Nilgiris location B,11.42,76.7,Tamil Nadu,Nilgiris,2024-11-03,44.682559967041016,65.39258766174316,65.39258766174316,11.5,76.75
DEMO-NLG-002,Demo Nilgiris location B,11.42,76.7,Tamil Nadu,Nilgiris,2024-11-04,18.83730125427246,77.86911010742188,84.22988891601562,11.5,76.75
DEMO-NLG-002,Demo Nilgiris location B,11.42,76.7,Tamil Nadu,Nilgiris,2024-11-05,6.673517227172852,70.19337844848633,90.90340614318848,11.5,76.75
DEMO-NLG-002,Demo Nilgiris location B,11.42,76.7,Tamil Nadu,Nilgiris,2024-11-06,0.0,25.510818481445312,90.90340614318848,11.5,76.75
DEMO-NLG-002,Demo Nilgiris location B,11.42,76.7,Tamil Nadu,Nilgiris,2024-11-07,0.0,6.673517227172852,90.90340614318848,11.5,76.75
DEMO-NLG-002,Demo Nilgiris location B,11.42,76.7,Tamil Nadu,Nilgiris,2024-11-08,1.8700597286224365,1.8700597286224365,86.41268706321716,11.5,76.75
DEMO-NLG-002,Demo Nilgiris location B,11.42,76.7,Tamil Nadu,Nilgiris,2024-11-09,0.0,1.8700597286224365,72.06343817710876,11.5,76.75
DEMO-NLG-002,Demo Nilgiris location B,11.42,76.7,Tamil Nadu,Nilgiris,2024-11-10,0.0,1.8700597286224365,27.38087821006775,11.5,76.75
DEMO-NLG-002,Demo Nilgiris location B,11.42,76.7,Tamil Nadu,Nilgiris,2024-11-11,0.23456479609012604,0.23456479609012604,8.778141751885414,11.5,76.75
DEMO-NLG-002,Demo Nilgiris location B,11.42,76.7,Tamil Nadu,Nilgiris,2024-11-12,0.0,0.23456479609012604,2.1046245247125626,11.5,76.75
DEMO-NLG-002,Demo Nilgiris location B,11.42,76.7,Tamil Nadu,Nilgiris,2024-11-13,4.037275314331055,4.271840110421181,6.141899839043617,11.5,76.75
DEMO-NLG-002,Demo Nilgiris location B,11.42,76.7,Tamil Nadu,Nilgiris,2024-11-14,0.7645850777626038,4.8018603920936584,6.906484916806221,11.5,76.75
DEMO-NLG-002,Demo Nilgiris location B,11.42,76.7,Tamil Nadu,Nilgiris,2024-11-15,2.4090850353240967,7.210945427417755,7.445510223507881,11.5,76.75
DEMO-NLG-002,Demo Nilgiris location B,11.42,76.7,Tamil Nadu,Nilgiris,2024-11-16,7.531748294830322,10.705418407917023,14.977258518338203,11.5,76.75
DEMO-NLG-002,Demo Nilgiris location B,11.42,76.7,Tamil Nadu,Nilgiris,2024-11-17,9.221647262573242,19.16248059272766,24.198905780911446,11.5,76.75
DEMO-NLG-002,Demo Nilgiris location B,11.42,76.7,Tamil Nadu,Nilgiris,2024-11-18,3.344595193862915,20.09799075126648,27.308936178684235,11.5,76.75
DEMO-NLG-002,Demo Nilgiris location B,11.42,76.7,Tamil Nadu,Nilgiris,2024-11-19,0.2414471060037613,12.807689562439919,27.550383284687996,11.5,76.75
DEMO-NLG-002,Demo Nilgiris location B,11.42,76.7,Tamil Nadu,Nilgiris,2024-11-20,0.0,3.5860422998666763,23.51310797035694,11.5,76.75
DEMO-NLG-002,Demo Nilgiris location B,11.42,76.7,Tamil Nadu,Nilgiris,2024-11-21,0.0,0.2414471060037613,22.748522892594337,11.5,76.75
DEMO-NLG-002,Demo Nilgiris location B,11.42,76.7,Tamil Nadu,Nilgiris,2024-11-22,0.0,0.0,20.33943785727024,11.5,76.75
DEMO-NLG-002,Demo Nilgiris location B,11.42,76.7,Tamil Nadu,Nilgiris,2024-11-23,0.0,0.0,12.807689562439919,11.5,76.75
DEMO-NLG-002,Demo Nilgiris location B,11.42,76.7,Tamil Nadu,Nilgiris,2024-11-24,0.0,0.0,3.5860422998666763,11.5,76.75
DEMO-NLG-002,Demo Nilgiris location B,11.42,76.7,Tamil Nadu,Nilgiris,2024-11-25,0.0,0.0,0.2414471060037613,11.5,76.75
DEMO-NLG-002,Demo Nilgiris location B,11.42,76.7,Tamil Nadu,Nilgiris,2024-11-26,0.0,0.0,0.0,11.5,76.75
DEMO-NLG-002,Demo Nilgiris location B,11.42,76.7,Tamil Nadu,Nilgiris,2024-11-27,19.52969741821289,19.52969741821289,19.52969741821289,11.5,76.75
DEMO-NLG-002,Demo Nilgiris location B,11.42,76.7,Tamil Nadu,Nilgiris,2024-11-28,1.3457584381103516,20.875455856323242,20.875455856323242,11.5,76.75
DEMO-NLG-002,Demo Nilgiris location B,11.42,76.7,Tamil Nadu,Nilgiris,2024-11-29,0.0,20.875455856323242,20.875455856323242,11.5,76.75
DEMO-NLG-002,Demo Nilgiris location B,11.42,76.7,Tamil Nadu,Nilgiris,2024-11-30,0.0,1.3457584381103516,20.875455856323242,11.5,76.75
DEMO-NLG-002,Demo Nilgiris location B,11.42,76.7,Tamil Nadu,Nilgiris,2024-12-01,4.683471202850342,4.683471202850342,25.558927059173584,11.5,76.75
DEMO-NLG-002,Demo Nilgiris location B,11.42,76.7,Tamil Nadu,Nilgiris,2024-12-02,47.93254852294922,52.61601972579956,73.4914755821228,11.5,76.75
DEMO-NLG-002,Demo Nilgiris location B,11.42,76.7,Tamil Nadu,Nilgiris,2024-12-03,19.34300994873047,71.95902967453003,92.83448553085327,11.5,76.75
DEMO-NLG-002,Demo Nilgiris location B,11.42,76.7,Tamil Nadu,Nilgiris,2024-12-04,11.752955436706543,79.02851390838623,85.05774354934692,11.5,76.75
DEMO-NLG-002,Demo Nilgiris location B,11.42,76.7,Tamil Nadu,Nilgiris,2024-12-05,1.0348379611968994,32.13080334663391,84.74682307243347,11.5,76.75
DEMO-NLG-002,Demo Nilgiris location B,11.42,76.7,Tamil Nadu,Nilgiris,2024-12-06,0.0,12.787793397903442,84.74682307243347,11.5,76.75
DEMO-NLG-002,Demo Nilgiris location B,11.42,76.7,Tamil Nadu,Nilgiris,2024-12-07,0.0,1.0348379611968994,84.74682307243347,11.5,76.75
DEMO-NLG-002,Demo Nilgiris location B,11.42,76.7,Tamil Nadu,Nilgiris,2024-12-08,0.0,0.0,80.06335186958313,11.5,76.75
DEMO-NLG-002,Demo Nilgiris location B,11.42,76.7,Tamil Nadu,Nilgiris,2024-12-09,0.0,0.0,32.13080334663391,11.5,76.75
DEMO-NLG-002,Demo Nilgiris location B,11.42,76.7,Tamil Nadu,Nilgiris,2024-12-10,0.0,0.0,12.787793397903442,11.5,76.75
DEMO-NLG-002,Demo Nilgiris location B,11.42,76.7,Tamil Nadu,Nilgiris,2024-12-11,0.0,0.0,1.0348379611968994,11.5,76.75
DEMO-NLG-002,Demo Nilgiris location B,11.42,76.7,Tamil Nadu,Nilgiris,2024-12-12,0.0,0.0,0.0,11.5,76.75
DEMO-NLG-002,Demo Nilgiris location B,11.42,76.7,Tamil Nadu,Nilgiris,2024-12-13,16.737167358398438,16.737167358398438,16.737167358398438,11.5,76.75
DEMO-NLG-002,Demo Nilgiris location B,11.42,76.7,Tamil Nadu,Nilgiris,2024-12-14,16.106430053710938,32.843597412109375,32.843597412109375,11.5,76.75
DEMO-NLG-002,Demo Nilgiris location B,11.42,76.7,Tamil Nadu,Nilgiris,2024-12-15,0.28285422921180725,33.12645164132118,33.12645164132118,11.5,76.75
DEMO-NLG-002,Demo Nilgiris location B,11.42,76.7,Tamil Nadu,Nilgiris,2024-12-16,0.0,16.389284282922745,33.12645164132118,11.5,76.75
DEMO-NLG-002,Demo Nilgiris location B,11.42,76.7,Tamil Nadu,Nilgiris,2024-12-17,0.0,0.28285422921180725,33.12645164132118,11.5,76.75
DEMO-NLG-002,Demo Nilgiris location B,11.42,76.7,Tamil Nadu,Nilgiris,2024-12-18,0.0,0.0,33.12645164132118,11.5,76.75
DEMO-NLG-002,Demo Nilgiris location B,11.42,76.7,Tamil Nadu,Nilgiris,2024-12-19,0.0,0.0,33.12645164132118,11.5,76.75
DEMO-NLG-002,Demo Nilgiris location B,11.42,76.7,Tamil Nadu,Nilgiris,2024-12-20,0.0,0.0,16.389284282922745,11.5,76.75
DEMO-NLG-002,Demo Nilgiris location B,11.42,76.7,Tamil Nadu,Nilgiris,2024-12-21,0.0,0.0,0.28285422921180725,11.5,76.75
DEMO-NLG-002,Demo Nilgiris location B,11.42,76.7,Tamil Nadu,Nilgiris,2024-12-22,0.0,0.0,0.0,11.5,76.75
DEMO-NLG-002,Demo Nilgiris location B,11.42,76.7,Tamil Nadu,Nilgiris,2024-12-23,0.0,0.0,0.0,11.5,76.75
DEMO-NLG-002,Demo Nilgiris location B,11.42,76.7,Tamil Nadu,Nilgiris,2024-12-24,0.0,0.0,0.0,11.5,76.75
DEMO-NLG-002,Demo Nilgiris location B,11.42,76.7,Tamil Nadu,Nilgiris,2024-12-25,0.0,0.0,0.0,11.5,76.75
DEMO-NLG-002,Demo Nilgiris location B,11.42,76.7,Tamil Nadu,Nilgiris,2024-12-26,0.0,0.0,0.0,11.5,76.75
DEMO-NLG-002,Demo Nilgiris location B,11.42,76.7,Tamil Nadu,Nilgiris,2024-12-27,16.694042205810547,16.694042205810547,16.694042205810547,11.5,76.75
DEMO-NLG-002,Demo Nilgiris location B,11.42,76.7,Tamil Nadu,Nilgiris,2024-12-28,1.3245744705200195,18.018616676330566,18.018616676330566,11.5,76.75
DEMO-NLG-002,Demo Nilgiris location B,11.42,76.7,Tamil Nadu,Nilgiris,2024-12-29,0.0,18.018616676330566,18.018616676330566,11.5,76.75
DEMO-NLG-002,Demo Nilgiris location B,11.42,76.7,Tamil Nadu,Nilgiris,2024-12-30,0.0,1.3245744705200195,18.018616676330566,11.5,76.75
DEMO-NLG-002,Demo Nilgiris location B,11.42,76.7,Tamil Nadu,Nilgiris,2024-12-31,0.0,0.0,18.018616676330566,11.5,76.75
