settlement_id,settlement_name,latitude,longitude,region,district,elevation_m,slope_deg,date,rainfall_1d_mm,rainfall_3d_mm,rainfall_7d_mm,imd_grid_latitude,imd_grid_longitude,settlement_input_classification,terrain_source_classification,rainfall_source_classification
DEMO-NLG-001,Demo Nilgiris location A,11.41,76.69,Tamil Nadu,Nilgiris,2246.0,17.549813884833533,2024-01-01,0.0,,,11.5,76.75,DEMO,REAL_DERIVED_FROM_SRTM,REAL_DERIVED_FROM_IMD
DEMO-NLG-001,Demo Nilgiris location A,11.41,76.69,Tamil Nadu,Nilgiris,2246.0,17.549813884833533,2024-01-02,0.0,,,11.5,76.75,DEMO,REAL_DERIVED_FROM_SRTM,REAL_DERIVED_FROM_IMD
DEMO-NLG-001,Demo Nilgiris location A,11.41,76.69,Tamil Nadu,Nilgiris,2246.0,17.549813884833533,2024-01-03,0.0,0.0,,11.5,76.75,DEMO,REAL_DERIVED_FROM_SRTM,REAL_DERIVED_FROM_IMD
DEMO-NLG-001,Demo Nilgiris location A,11.41,76.69,Tamil Nadu,Nilgiris,2246.0,17.549813884833533,2024-01-04,6.9609198570251465,6.9609198570251465,,11.5,76.75,DEMO,REAL_DERIVED_FROM_SRTM,REAL_DERIVED_FROM_IMD
DEMO-NLG-001,Demo Nilgiris location A,11.41,76.69,Tamil Nadu,Nilgiris,2246.0,17.549813884833533,2024-01-05,9.0743408203125,16.035260677337646,,11.5,76.75,DEMO,REAL_DERIVED_FROM_SRTM,REAL_DERIVED_FROM_IMD
DEMO-NLG-001,Demo Nilgiris location A,11.41,76.69,Tamil Nadu,Nilgiris,2246.0,17.549813884833533,2024-01-06,2.268239498138428,18.303500175476078,,11.5,76.75,DEMO,REAL_DERIVED_FROM_SRTM,REAL_DERIVED_FROM_IMD
DEMO-NLG-001,Demo Nilgiris location A,11.41,76.69,Tamil Nadu,Nilgiris,2246.0,17.549813884833533,2024-01-07,1.611984372138977,12.954564690589905,19.91548454761505,11.5,76.75,DEMO,REAL_DERIVED_FROM_SRTM,REAL_DERIVED_FROM_IMD
DEMO-NLG-001,Demo Nilgiris location A,11.41,76.69,Tamil Nadu,Nilgiris,2246.0,17.549813884833533,2024-01-08,0.7508204579353333,4.631044328212738,20.666305005550385,11.5,76.75,DEMO,REAL_DERIVED_FROM_SRTM,REAL_DERIVED_FROM_IMD
DEMO-NLG-001,Demo Nilgiris location A,11.41,76.69,Tamil Nadu,Nilgiris,2246.0,17.549813884833533,2024-01-09,7.835325717926025,10.198130548000336,28.50163072347641,11.5,76.75,DEMO,REAL_DERIVED_FROM_SRTM,REAL_DERIVED_FROM_IMD
DEMO-NLG-001,Demo Nilgiris location A,11.41,76.69,Tamil Nadu,Nilgiris,2246.0,17.549813884833533,2024-01-10,15.92004680633545,24.506192982196808,44.42167752981186,11.5,76.75,DEMO,REAL_DERIVED_FROM_SRTM,REAL_DERIVED_FROM_IMD
DEMO-NLG-001,Demo Nilgiris location A,11.41,76.69,Tamil Nadu,Nilgiris,2246.0,17.549813884833533,2024-01-11,0.0,23.755372524261475,37.46075767278671,11.5,76.75,DEMO,REAL_DERIVED_FROM_SRTM,REAL_DERIVED_FROM_IMD
DEMO-NLG-001,Demo Nilgiris location A,11.41,76.69,Tamil Nadu,Nilgiris,2246.0,17.549813884833533,2024-01-12,0.0,15.92004680633545,28.386416852474213,11.5,76.75,DEMO,REAL_DERIVED_FROM_SRTM,REAL_DERIVED_FROM_IMD
DEMO-NLG-001,Demo Nilgiris location A,11.41,76.69,Tamil Nadu,Nilgiris,2246.0,17.549813884833533,2024-01-13,0.0,0.0,26.118177354335785,11.5,76.75,DEMO,REAL_DERIVED_FROM_SRTM,REAL_DERIVED_FROM_IMD
DEMO-NLG-001,Demo Nilgiris location A,11.41,76.69,Tamil Nadu,Nilgiris,2246.0,17.549813884833533,2024-01-14,0.0,0.0,24.506192982196808,11.5,76.75,DEMO,REAL_DERIVED_FROM_SRTM,REAL_DERIVED_FROM_IMD
DEMO-NLG-001,Demo Nilgiris location A,11.41,76.69,Tamil Nadu,Nilgiris,2246.0,17.549813884833533,2024-01-15,0.0,0.0,23.755372524261475,11.5,76.75,DEMO,REAL_DERIVED_FROM_SRTM,REAL_DERIVED_FROM_IMD
DEMO-NLG-001,Demo Nilgiris location A,11.41,76.69,Tamil Nadu,Nilgiris,2246.0,17.549813884833533,2024-01-16,0.0,0.0,15.92004680633545,11.5,76.75,DEMO,REAL_DERIVED_FROM_SRTM,REAL_DERIVED_FROM_IMD
DEMO-NLG-001,Demo Nilgiris location A,11.41,76.69,Tamil Nadu,Nilgiris,2246.0,17.549813884833533,2024-01-17,0.0,0.0,0.0,11.5,76.75,DEMO,REAL_DERIVED_FROM_SRTM,REAL_DERIVED_FROM_IMD
DEMO-NLG-001,Demo Nilgiris location A,11.41,76.69,Tamil Nadu,Nilgiris,2246.0,17.549813884833533,2024-01-18,0.0,0.0,0.0,11.5,76.75,DEMO,REAL_DERIVED_FROM_SRTM,REAL_DERIVED_FROM_IMD
DEMO-NLG-001,Demo Nilgiris location A,11.41,76.69,Tamil Nadu,Nilgiris,2246.0,17.549813884833533,2024-01-19,0.0,0.0,0.0,11.5,76.75,DEMO,REAL_DERIVED_FROM_SRTM,REAL_DERIVED_FROM_IMD
DEMO-NLG-001,Demo Nilgiris location A,11.41,76.69,Tamil Nadu,Nilgiris,2246.0,17.549813884833533,2024-01-20,0.0,0.0,0.0,11.5,76.75,DEMO,REAL_DERIVED_FROM_SRTM,REAL_DERIVED_FROM_IMD
DEMO-NLG-001,Demo Nilgiris location A,11.41,76.69,Tamil Nadu,Nilgiris,2246.0,17.549813884833533,2024-01-21,0.0,0.0,0.0,11.5,76.75,DEMO,REAL_DERIVED_FROM_SRTM,REAL_DERIVED_FROM_IMD
DEMO-NLG-001,Demo Nilgiris location A,11.41,76.69,Tamil Nadu,Nilgiris,2246.0,17.549813884833533,2024-01-22,0.0,0.0,0.0,11.5,76.75,DEMO,REAL_DERIVED_FROM_SRTM,REAL_DERIVED_FROM_IMD
DEMO-NLG-001,Demo Nilgiris location A,11.41,76.69,Tamil Nadu,Nilgiris,2246.0,17.549813884833533,2024-01-23,0.0,0.0,0.0,11.5,76.75,DEMO,REAL_DERIVED_FROM_SRTM,REAL_DERIVED_FROM_IMD
DEMO-NLG-001,Demo Nilgiris location A,11.41,76.69,Tamil Nadu,Nilgiris,2246.0,17.549813884833533,2024-01-24,0.0,0.0,0.0,11.5,76.75,DEMO,REAL_DERIVED_FROM_SRTM,REAL_DERIVED_FROM_IMD
DEMO-NLG-001,Demo Nilgiris location A,11.41,76.69,Tamil Nadu,Nilgiris,2246.0,17.549813884833533,2024-01-25,0.0,0.0,0.0,11.5,76.75,DEMO,REAL_DERIVED_FROM_SRTM,REAL_DERIVED_FROM_IMD
DEMO-NLG-001,Demo Nilgiris location A,11.41,76.69,Tamil Nadu,Nilgiris,2246.0,17.549813884833533,2024-01-26,0.0,0.0,0.0,11.5,76.75,DEMO,REAL_DERIVED_FROM_SRTM,REAL_DERIVED_FROM_IMD
DEMO-NLG-001,Demo Nilgiris location A,11.41,76.69,Tamil Nadu,Nilgiris,2246.0,17.549813884833533,2024-01-27,0.0,0.0,0.0,11.5,76.75,DEMO,REAL_DERIVED_FROM_SRTM,REAL_DERIVED_FROM_IMD
DEMO-NLG-001,Demo Nilgiris location A,11.41,76.69,Tamil Nadu,Nilgiris,2246.0,17.549813884833533,2024-01-28,0.0,0.0,0.0,11.5,76.75,DEMO,REAL_DERIVED_FROM_SRTM,REAL_DERIVED_FROM_IMD
DEMO-NLG-001,Demo Nilgiris location A,11.41,76.69,Tamil Nadu,Nilgiris,2246.0,17.549813884833533,2024-01-29,0.0,0.0,0.0,11.5,76.75,DEMO,REAL_DERIVED_FROM_SRTM,REAL_DERIVED_FROM_IMD
DEMO-NLG-001,Demo Nilgiris location A,11.41,76.69,Tamil Nadu,Nilgiris,2246.0,17.549813884833533,2024-01-30,0.0,0.0,0.0,11.5,76.75,DEMO,REAL_DERIVED_FROM_SRTM,REAL_DERIVED_FROM_IMD
DEMO-NLG-001,Demo Nilgiris location A,11.41,76.69,Tamil Nadu,Nilgiris,2246.0,17.549813884833533,2024-01-31,0.0,0.0,0.0,11.5,76.75,DEMO,REAL_DERIVED_FROM_SRTM,REAL_DERIVED_FROM_IMD
DEMO-NLG-001,Demo Nilgiris location A,11.41,76.69,Tamil Nadu,Nilgiris,2246.0,17.549813884833533,2024-02-01,0.0,0.0,0.0,11.5,76.75,DEMO,REAL_DERIVED_FROM_SRTM,REAL_DERIVED_FROM_IMD
DEMO-NLG-001,Demo Nilgiris location A,11.41,76.69,Tamil Nadu,Nilgiris,2246.0,17.549813884833533,2024-02-02,0.0,0.0,0.0,11.5,76.75,DEMO,REAL_DERIVED_FROM_SRTM,REAL_DERIVED_FROM_IMD
DEMO-NLG-001,Demo Nilgiris location A,11.41,76.69,Tamil Nadu,Nilgiris,2246.0,17.549813884833533,2024-02-03,0.0,0.0,0.0,11.5,76.75,DEMO,REAL_DERIVED_FROM_SRTM,REAL_DERIVED_FROM_IMD
DEMO-NLG-001,Demo Nilgiris location A,11.41,76.69,Tamil Nadu,Nilgiris,2246.0,17.549813884833533,2024-02-04,0.0,0.0,0.0,11.5,76.75,DEMO,REAL_DERIVED_FROM_SRTM,REAL_DERIVED_FROM_IMD
DEMO-NLG-001,Demo Nilgiris location A,11.41,76.69,Tamil Nadu,Nilgiris,2246.0,17.549813884833533,2024-02-05,0.0,0.0,0.0,11.5,76.75,DEMO,REAL_DERIVED_FROM_SRTM,REAL_DERIVED_FROM_IMD
DEMO-NLG-001,Demo Nilgiris location A,11.41,76.69,Tamil Nadu,Nilgiris,2246.0,17.549813884833533,2024-02-06,0.0,0.0,0.0,11.5,76.75,DEMO,REAL_DERIVED_FROM_SRTM,REAL_DERIVED_FROM_IMD
DEMO-NLG-001,Demo Nilgiris location A,11.41,76.69,Tamil Nadu,Nilgiris,2246.0,17.549813884833533,2024-02-07,0.0,0.0,0.0,11.5,76.75,DEMO,REAL_DERIVED_FROM_SRTM,REAL_DERIVED_FROM_IMD
DEMO-NLG-001,Demo Nilgiris location A,11.41,76.69,Tamil Nadu,Nilgiris,2246.0,17.549813884833533,2024-02-08,0.0,0.0,0.0,11.5,76.75,DEMO,REAL_DERIVED_FROM_SRTM,REAL_DERIVED_FROM_IMD
DEMO-NLG-001,Demo Nilgiris location A,11.41,76.69,Tamil Nadu,Nilgiris,2246.0,17.549813884833533,2024-02-09,0.0,0.0,0.0,11.5,76.75,DEMO,REAL_DERIVED_FROM_SRTM,REAL_DERIVED_FROM_IMD
DEMO-NLG-001,Demo Nilgiris location A,11.41,76.69,Tamil Nadu,Nilgiris,2246.0,17.549813884833533,2024-02-10,0.0,0.0,0.0,11.5,76.75,DEMO,REAL_DERIVED_FROM_SRTM,REAL_DERIVED_FROM_IMD
DEMO-NLG-001,Demo Nilgiris location A,11.41,76.69,Tamil Nadu,Nilgiris,2246.0,17.549813884833533,2024-02-11,0.0,0.0,0.0,11.5,76.75,DEMO,REAL_DERIVED_FROM_SRTM,REAL_DERIVED_FROM_IMD
DEMO-NLG-001,Demo Nilgiris location A,11.41,76.69,Tamil Nadu,Nilgiris,2246.0,17.549813884833533,2024-02-12,0.0,0.0,0.0,11.5,76.75,DEMO,REAL_DERIVED_FROM_SRTM,REAL_DERIVED_FROM_IMD
DEMO-NLG-001,Demo Nilgiris location A,11.41,76.69,Tamil Nadu,Nilgiris,2246.0,17.549813884833533,2024-02-13,0.0,0.0,0.0,11.5,76.75,DEMO,REAL_DERIVED_FROM_SRTM,REAL_DERIVED_FROM_IMD
DEMO-NLG-001,Demo Nilgiris location A,11.41,76.69,Tamil Nadu,Nilgiris,2246.0,17.549813884833533,2024-02-14,0.0,0.0,0.0,11.5,76.75,DEMO,REAL_DERIVED_FROM_SRTM,REAL_DERIVED_FROM_IMD
DEMO-NLG-001,Demo Nilgiris location A,11.41,76.69,Tamil Nadu,Nilgiris,2246.0,17.549813884833533,2024-02-15,0.0,0.0,0.0,11.5,76.75,DEMO,REAL_DERIVED_FROM_SRTM,REAL_DERIVED_FROM_IMD
DEMO-NLG-001,Demo Nilgiris location A,11.41,76.69,Tamil Nadu,Nilgiris,2246.0,17.549813884833533,2024-02-16,0.0,0.0,0.0,11.5,76.75,DEMO,REAL_DERIVED_FROM_SRTM,REAL_DERIVED_FROM_IMD
DEMO-NLG-001,Demo Nilgiris location A,11.41,76.69,Tamil Nadu,Nilgiris,2246.0,17.549813884833533,2024-02-17,0.0,0.0,0.0,11.5,76.75,DEMO,REAL_DERIVED_FROM_SRTM,REAL_DERIVED_FROM_IMD
DEMO-NLG-001,Demo Nilgiris location A,11.41,76.69,Tamil Nadu,Nilgiris,2246.0,17.549813884833533,2024-02-18,0.0,0.0,0.0,11.5,76.75,DEMO,REAL_DERIVED_FROM_SRTM,REAL_DERIVED_FROM_IMD
DEMO-NLG-001,Demo Nilgiris location A,11.41,76.69,Tamil Nadu,Nilgiris,2246.0,17.549813884833533,2024-02-19,0.0,0.0,0.0,11.5,76.75,DEMO,REAL_DERIVED_FROM_SRTM,REAL_DERIVED_FROM_IMD
DEMO-NLG-001,Demo Nilgiris location A,11.41,76.69,Tamil Nadu,Nilgiris,2246.0,17.549813884833533,2024-02-20,0.0,0.0,0.0,11.5,76.75,DEMO,REAL_DERIVED_FROM_SRTM,REAL_DERIVED_FROM_IMD
DEMO-NLG-001,Demo Nilgiris location A,11.41,76.69,Tamil Nadu,Nilgiris,2246.0,17.549813884833533,2024-02-21,0.0,0.0,0.0,11.5,76.75,DEMO,REAL_DERIVED_FROM_SRTM,REAL_DERIVED_FROM_IMD
DEMO-NLG-001,Demo Nilgiris location A,11.41,76.69,Tamil Nadu,Nilgiris,2246.0,17.549813884833533,2024-02-22,0.0,0.0,0.0,11.5,76.75,DEMO,REAL_DERIVED_FROM_SRTM,REAL_DERIVED_FROM_IMD
DEMO-NLG-001,Demo Nilgiris location A,11.41,76.69,Tamil Nadu,Nilgiris,2246.0,17.549813884833533,2024-02-23,0.0,0.0,0.0,11.5,76.75,DEMO,REAL_DERIVED_FROM_SRTM,REAL_DERIVED_FROM_IMD
DEMO-NLG-001,Demo Nilgiris location A,11.41,76.69,Tamil Nadu,Nilgiris,2246.0,17.549813884833533,2024-02-24,0.0,0.0,0.0,11.5,76.75,DEMO,REAL_DERIVED_FROM_SRTM,REAL_DERIVED_FROM_IMD
DEMO-NLG-001,Demo Nilgiris location A,11.41,76.69,Tamil Nadu,Nilgiris,2246.0,17.549813884833533,2024-02-25,0.0,0.0,0.0,11.5,76.75,DEMO,REAL_DERIVED_FROM_SRTM,REAL_DERIVED_FROM_IMD
DEMO-NLG-001,Demo Nilgiris location A,11.41,76.69,Tamil Nadu,Nilgiris,2246.0,17.549813884833533,2024-02-26,0.0,0.0,0.0,11.5,76.75,DEMO,REAL_DERIVED_FROM_SRTM,REAL_DERIVED_FROM_IMD
DEMO-NLG-001,Demo Nilgiris location A,11.41,76.69,Tamil Nadu,Nilgiris,2246.0,17.549813884833533,2024-02-27,0.0,0.0,0.0,11.5,76.75,DEMO,REAL_DERIVED_FROM_SRTM,REAL_DERIVED_FROM_IMD
DEMO-NLG-001,Demo Nilgiris location A,11.41,76.69,Tamil Nadu,Nilgiris,2246.0,17.549813884833533,2024-02-28,0.0,0.0,0.0,11.5,76.75,DEMO,REAL_DERIVED_FROM_SRTM,REAL_DERIVED_FROM_IMD
DEMO-NLG-001,Demo Nilgiris location A,11.41,76.69,Tamil Nadu,Nilgiris,2246.0,17.549813884833533,2024-02-29,0.0,0.0,0.0,11.5,76.75,DEMO,REAL_DERIVED_FROM_SRTM,REAL_DERIVED_FROM_IMD
DEMO-NLG-001,Demo Nilgiris location A,11.41,76.69,Tamil Nadu,Nilgiris,2246.0,17.549813884833533,2024-03-01,0.0,0.0,0.0,11.5,76.75,DEMO,REAL_DERIVED_FROM_SRTM,REAL_DERIVED_FROM_IMD
DEMO-NLG-001,Demo Nilgiris location A,11.41,76.69,Tamil Nadu,Nilgiris,2246.0,17.549813884833533,2024-03-02,0.0,0.0,0.0,11.5,76.75,DEMO,REAL_DERIVED_FROM_SRTM,REAL_DERIVED_FROM_IMD
DEMO-NLG-001,Demo Nilgiris location A,11.41,76.69,Tamil Nadu,Nilgiris,2246.0,17.549813884833533,2024-03-03,0.0,0.0,0.0,11.5,76.75,DEMO,REAL_DERIVED_FROM_SRTM,REAL_DERIVED_FROM_IMD
DEMO-NLG-001,Demo Nilgiris location A,11.41,76.69,Tamil Nadu,Nilgiris,2246.0,17.549813884833533,2024-03-04,0.0,0.0,0.0,11.5,76.75,DEMO,REAL_DERIVED_FROM_SRTM,REAL_DERIVED_FROM_IMD
DEMO-NLG-001,Demo Nilgiris location A,11.41,76.69,Tamil Nadu,Nilgiris,2246.0,17.549813884833533,2024-03-05,0.0,0.0,0.0,11.5,76.75,DEMO,REAL_DERIVED_FROM_SRTM,REAL_DERIVED_FROM_IMD
DEMO-NLG-001,Demo Nilgiris location A,11.41,76.69,Tamil Nadu,Nilgiris,2246.0,17.549813884833533,2024-03-06,0.0,0.0,0.0,11.5,76.75,DEMO,REAL_DERIVED_FROM_SRTM,REAL_DERIVED_FROM_IMD
DEMO-NLG-001,Demo Nilgiris location A,11.41,76.69,Tamil Nadu,Nilgiris,2246.0,17.549813884833533,2024-03-07,0.0,0.0,0.0,11.5,76.75,DEMO,REAL_DERIVED_FROM_SRTM,REAL_DERIVED_FROM_IMD
DEMO-NLG-001,Demo Nilgiris location A,11.41,76.69,Tamil Nadu,Nilgiris,2246.0,17.549813884833533,2024-03-08,0.0,0.0,0.0,11.5,76.75,DEMO,REAL_DERIVED_FROM_SRTM,REAL_DERIVED_FROM_IMD
DEMO-NLG-001,Demo Nilgiris location A,11.41,76.69,Tamil Nadu,Nilgiris,2246.0,17.549813884833533,2024-03-09,0.0,0.0,0.0,11.5,76.75,DEMO,REAL_DERIVED_FROM_SRTM,REAL_DERIVED_FROM_IMD
DEMO-NLG-001,Demo Nilgiris location A,11.41,76.69,Tamil Nadu,Nilgiris,2246.0,17.549813884833533,2024-03-10,0.0,0.0,0.0,11.5,76.75,DEMO,REAL_DERIVED_FROM_SRTM,REAL_DERIVED_FROM_IMD
DEMO-NLG-001,Demo Nilgiris location A,11.41,76.69,Tamil Nadu,Nilgiris,2246.0,17.549813884833533,2024-03-11,0.0,0.0,0.0,11.5,76.75,DEMO,REAL_DERIVED_FROM_SRTM,REAL_DERIVED_FROM_IMD
DEMO-NLG-001,Demo Nilgiris location A,11.41,76.69,Tamil Nadu,Nilgiris,2246.0,17.549813884833533,2024-03-12,0.0,0.0,0.0,11.5,76.75,DEMO,REAL_DERIVED_FROM_SRTM,REAL_DERIVED_FROM_IMD
DEMO-NLG-001,Demo Nilgiris location A,11.41,76.69,Tamil Nadu,Nilgiris,2246.0,17.549813884833533,2024-03-13,0.0,0.0,0.0,11.5,76.75,DEMO,REAL_DERIVED_FROM_SRTM,REAL_DERIVED_FROM_IMD
DEMO-NLG-001,Demo Nilgiris location A,11.41,76.69,Tamil Nadu,Nilgiris,2246.0,17.549813884833533,2024-03-14,0.0,0.0,0.0,11.5,76.75,DEMO,REAL_DERIVED_FROM_SRTM,REAL_DERIVED_FROM_IMD
DEMO-NLG-001,Demo Nilgiris location A,11.41,76.69,Tamil Nadu,Nilgiris,2246.0,17.549813884833533,2024-03-15,0.0,0.0,0.0,11.5,76.75,DEMO,REAL_DERIVED_FROM_SRTM,REAL_DERIVED_FROM_IMD
DEMO-NLG-001,Demo Nilgiris location A,11.41,76.69,Tamil Nadu,Nilgiris,2246.0,17.549813884833533,2024-03-16,0.0,0.0,0.0,11.5,76.75,DEMO,REAL_DERIVED_FROM_SRTM,REAL_DERIVED_FROM_IMD
DEMO-NLG-001,Demo Nilgiris location A,11.41,76.69,Tamil Nadu,Nilgiris,2246.0,17.549813884833533,2024-03-17,0.0,0.0,0.0,11.5,76.75,DEMO,REAL_DERIVED_FROM_SRTM,REAL_DERIVED_FROM_IMD
DEMO-NLG-001,Demo Nilgiris location A,11.41,76.69,Tamil Nadu,Nilgiris,2246.0,17.549813884833533,2024-03-18,0.0,0.0,0.0,11.5,76.75,DEMO,REAL_DERIVED_FROM_SRTM,REAL_DERIVED_FROM_IMD
DEMO-NLG-001,Demo Nilgiris location A,11.41,76.69,Tamil Nadu,Nilgiris,2246.0,17.549813884833533,2024-03-19,0.0,0.0,0.0,11.5,76.75,DEMO,REAL_DERIVED_FROM_SRTM,REAL_DERIVED_FROM_IMD
DEMO-NLG-001,Demo Nilgiris location A,11.41,76.69,Tamil Nadu,Nilgiris,2246.0,17.549813884833533,2024-03-20,0.0,0.0,0.0,11.5,76.75,DEMO,REAL_DERIVED_FROM_SRTM,REAL_DERIVED_FROM_IMD
DEMO-NLG-001,Demo Nilgiris location A,11.41,76.69,Tamil Nadu,Nilgiris,2246.0,17.549813884833533,2024-03-21,0.0,0.0,0.0,11.5,76.75,DEMO,REAL_DERIVED_FROM_SRTM,REAL_DERIVED_FROM_IMD
DEMO-NLG-001,Demo Nilgiris location A,11.41,76.69,Tamil Nadu,Nilgiris,2246.0,17.549813884833533,2024-03-22,0.0,0.0,0.0,11.5,76.75,DEMO,REAL_DERIVED_FROM_SRTM,REAL_DERIVED_FROM_IMD
DEMO-NLG-001,Demo Nilgiris location A,11.41,76.69,Tamil Nadu,Nilgiris,2246.0,17.549813884833533,2024-03-23,0.3259575068950653,0.3259575068950653,0.3259575068950653,11.5,76.75,DEMO,REAL_DERIVED_FROM_SRTM,REAL_DERIVED_FROM_IMD
DEMO-NLG-001,Demo Nilgiris location A,11.41,76.69,Tamil Nadu,Nilgiris,2246.0,17.549813884833533,2024-03-24,0.0,0.3259575068950653,0.3259575068950653,11.5,76.75,DEMO,REAL_DERIVED_FROM_SRTM,REAL_DERIVED_FROM_IMD
DEMO-NLG-001,Demo Nilgiris location A,11.41,76.69,Tamil Nadu,Nilgiris,2246.0,17.549813884833533,2024-03-25,0.0,0.3259575068950653,0.3259575068950653,11.5,76.75,DEMO,REAL_DERIVED_FROM_SRTM,REAL_DERIVED_FROM_IMD
DEMO-NLG-001,Demo Nilgiris location A,11.41,76.69,Tamil Nadu,Nilgiris,2246.0,17.549813884833533,2024-03-26,0.0,0.0,0.3259575068950653,11.5,76.75,DEMO,REAL_DERIVED_FROM_SRTM,REAL_DERIVED_FROM_IMD
DEMO-NLG-001,Demo Nilgiris location A,11.41,76.69,Tamil Nadu,Nilgiris,2246.0,17.549813884833533,2024-03-27,0.0,0.0,0.3259575068950653,11.5,76.75,DEMO,REAL_DERIVED_FROM_SRTM,REAL_DERIVED_FROM_IMD
DEMO-NLG-001,Demo Nilgiris location A,11.41,76.69,Tamil Nadu,Nilgiris,2246.0,17.549813884833533,2024-03-28,0.0,0.0,0.3259575068950653,11.5,76.75,DEMO,REAL_DERIVED_FROM_SRTM,REAL_DERIVED_FROM_IMD
DEMO-NLG-001,Demo Nilgiris location A,11.41,76.69,Tamil Nadu,Nilgiris,2246.0,17.549813884833533,2024-03-29,0.0,0.0,0.3259575068950653,11.5,76.75,DEMO,REAL_DERIVED_FROM_SRTM,REAL_DERIVED_FROM_IMD
DEMO-NLG-001,Demo Nilgiris location A,11.41,76.69,Tamil Nadu,Nilgiris,2246.0,17.549813884833533,2024-03-30,0.0,0.0,0.0,11.5,76.75,DEMO,REAL_DERIVED_FROM_SRTM,REAL_DERIVED_FROM_IMD
DEMO-NLG-001,Demo Nilgiris location A,11.41,76.69,Tamil Nadu,Nilgiris,2246.0,17.549813884833533,2024-03-31,0.0,0.0,0.0,11.5,76.75,DEMO,REAL_DERIVED_FROM_SRTM,REAL_DERIVED_FROM_IMD
DEMO-NLG-001,Demo Nilgiris location A,11.41,76.69,Tamil Nadu,Nilgiris,2246.0,17.549813884833533,2024-04-01,0.0,0.0,0.0,11.5,76.75,DEMO,REAL_DERIVED_FROM_SRTM,REAL_DERIVED_FROM_IMD
DEMO-NLG-001,Demo Nilgiris location A,11.41,76.69,Tamil Nadu,Nilgiris,2246.0,17.549813884833533,2024-04-02,0.0,0.0,0.0,11.5,76.75,DEMO,REAL_DERIVED_FROM_SRTM,REAL_DERIVED_FROM_IMD
DEMO-NLG-001,Demo Nilgiris location A,11.41,76.69,Tamil Nadu,Nilgiris,2246.0,17.549813884833533,2024-04-03,0.0,0.0,0.0,11.5,76.75,DEMO,REAL_DERIVED_FROM_SRTM,REAL_DERIVED_FROM_IMD
DEMO-NLG-001,Demo Nilgiris location A,11.41,76.69,Tamil Nadu,Nilgiris,2246.0,17.549813884833533,2024-04-04,0.0,0.0,0.0,11.5,76.75,DEMO,REAL_DERIVED_FROM_SRTM,REAL_DERIVED_FROM_IMD
DEMO-NLG-001,Demo Nilgiris location A,11.41,76.69,Tamil Nadu,Nilgiris,2246.0,17.549813884833533,2024-04-05,0.0,0.0,0.0,11.5,76.75,DEMO,REAL_DERIVED_FROM_SRTM,REAL_DERIVED_FROM_IMD
DEMO-NLG-001,Demo Nilgiris location A,11.41,76.69,Tamil Nadu,Nilgiris,2246.0,17.549813884833533,2024-04-06,0.0,0.0,0.0,11.5,76.75,DEMO,REAL_DERIVED_FROM_SRTM,REAL_DERIVED_FROM_IMD
DEMO-NLG-001,Demo Nilgiris location A,11.41,76.69,Tamil Nadu,Nilgiris,2246.0,17.549813884833533,2024-04-07,0.0,0.0,0.0,11.5,76.75,DEMO,REAL_DERIVED_FROM_SRTM,REAL_DERIVED_FROM_IMD
DEMO-NLG-001,Demo Nilgiris location A,11.41,76.69,Tamil Nadu,Nilgiris,2246.0,17.549813884833533,2024-04-08,0.0,0.0,0.0,11.5,76.75,DEMO,REAL_DERIVED_FROM_SRTM,REAL_DERIVED_FROM_IMD
DEMO-NLG-001,Demo Nilgiris location A,11.41,76.69,Tamil Nadu,Nilgiris,2246.0,17.549813884833533,2024-04-09,0.0,0.0,0.0,11.5,76.75,DEMO,REAL_DERIVED_FROM_SRTM,REAL_DERIVED_FROM_IMD
DEMO-NLG-001,Demo Nilgiris location A,11.41,76.69,Tamil Nadu,Nilgiris,2246.0,17.549813884833533,2024-04-10,0.0,0.0,0.0,11.5,76.75,DEMO,REAL_DERIVED_FROM_SRTM,REAL_DERIVED_FROM_IMD
DEMO-NLG-001,Demo Nilgiris location A,11.41,76.69,Tamil Nadu,Nilgiris,2246.0,17.549813884833533,2024-04-11,0.0,0.0,0.0,11.5,76.75,DEMO,REAL_DERIVED_FROM_SRTM,REAL_DERIVED_FROM_IMD
DEMO-NLG-001,Demo Nilgiris location A,11.41,76.69,Tamil Nadu,Nilgiris,2246.0,17.549813884833533,2024-04-12,13.7274751663208,13.7274751663208,13.7274751663208,11.5,76.75,DEMO,REAL_DERIVED_FROM_SRTM,REAL_DERIVED_FROM_IMD
DEMO-NLG-001,Demo Nilgiris location A,11.41,76.69,Tamil Nadu,Nilgiris,2246.0,17.549813884833533,2024-04-13,5.897041320800781,19.624516487121586,19.624516487121586,11.5,76.75,DEMO,REAL_DERIVED_FROM_SRTM,REAL_DERIVED_FROM_IMD
DEMO-NLG-001,Demo Nilgiris location A,11.41,76.69,Tamil Nadu,Nilgiris,2246.0,17.549813884833533,2024-04-14,1.2279956340789795,20.85251212120056,20.85251212120056,11.5,76.75,DEMO,REAL_DERIVED_FROM_SRTM,REAL_DERIVED_FROM_IMD
DEMO-NLG-001,Demo Nilgiris location A,11.41,76.69,Tamil Nadu,Nilgiris,2246.0,17.549813884833533,2024-04-15,0.0,7.125036954879761,20.85251212120056,11.5,76.75,DEMO,REAL_DERIVED_FROM_SRTM,REAL_DERIVED_FROM_IMD
DEMO-NLG-001,Demo Nilgiris location A,11.41,76.69,Tamil Nadu,Nilgiris,2246.0,17.549813884833533,2024-04-16,0.0,1.2279956340789795,20.85251212120056,11.5,76.75,DEMO,REAL_DERIVED_FROM_SRTM,REAL_DERIVED_FROM_IMD
DEMO-NLG-001,Demo Nilgiris location A,11.41,76.69,Tamil Nadu,Nilgiris,2246.0,17.549813884833533,2024-04-17,0.0,0.0,20.85251212120056,11.5,76.75,DEMO,REAL_DERIVED_FROM_SRTM,REAL_DERIVED_FROM_IMD
DEMO-NLG-001,Demo Nilgiris location A,11.41,76.69,Tamil Nadu,Nilgiris,2246.0,17.549813884833533,2024-04-18,0.0,0.0,20.85251212120056,11.5,76.75,DEMO,REAL_DERIVED_FROM_SRTM,REAL_DERIVED_FROM_IMD
DEMO-NLG-001,Demo Nilgiris location A,11.41,76.69,Tamil Nadu,Nilgiris,2246.0,17.549813884833533,2024-04-19,0.0,0.0,7.125036954879761,11.5,76.75,DEMO,REAL_DERIVED_FROM_SRTM,REAL_DERIVED_FROM_IMD
DEMO-NLG-001,Demo Nilgiris location A,11.41,76.69,Tamil Nadu,Nilgiris,2246.0,17.549813884833533,2024-04-20,0.0,0.0,1.2279956340789795,11.5,76.75,DEMO,REAL_DERIVED_FROM_SRTM,REAL_DERIVED_FROM_IMD
DEMO-NLG-001,Demo Nilgiris location A,11.41,76.69,Tamil Nadu,Nilgiris,2246.0,17.549813884833533,2024-04-21,0.0,0.0,0.0,11.5,76.75,DEMO,REAL_DERIVED_FROM_SRTM,REAL_DERIVED_FROM_IMD
DEMO-NLG-001,Demo Nilgiris location A,11.41,76.69,Tamil Nadu,Nilgiris,2246.0,17.549813884833533,2024-04-22,0.0,0.0,0.0,11.5,76.75,DEMO,REAL_DERIVED_FROM_SRTM,REAL_DERIVED_FROM_IMD
DEMO-NLG-001,Demo Nilgiris location A,11.41,76.69,Tamil Nadu,Nilgiris,2246.0,17.549813884833533,2024-04-23,0.0,0.0,0.0,11.5,76.75,DEMO,REAL_DERIVED_FROM_SRTM,REAL_DERIVED_FROM_IMD
DEMO-NLG-001,Demo Nilgiris location A,11.41,76.69,Tamil Nadu,Nilgiris,2246.0,17.549813884833533,2024-04-24,0.0,0.0,0.0,11.5,76.75,DEMO,REAL_DERIVED_FROM_SRTM,REAL_DERIVED_FROM_IMD
DEMO-NLG-001,Demo Nilgiris location A,11.41,76.69,Tamil Nadu,Nilgiris,2246.0,17.549813884833533,2024-04-25,0.0,0.0,0.0,11.5,76.75,DEMO,REAL_DERIVED_FROM_SRTM,REAL_DERIVED_FROM_IMD
DEMO-NLG-001,Demo Nilgiris location A,11.41,76.69,Tamil Nadu,Nilgiris,2246.0,17.549813884833533,2024-04-26,0.0,0.0,0.0,11.5,76.75,DEMO,REAL_DERIVED_FROM_SRTM,REAL_DERIVED_FROM_IMD
DEMO-NLG-001,Demo Nilgiris location A,11.41,76.69,Tamil Nadu,Nilgiris,2246.0,17.549813884833533,2024-04-27,0.0,0.0,0.0,11.5,76.75,DEMO,REAL_DERIVED_FROM_SRTM,REAL_DERIVED_FROM_IMD
DEMO-NLG-001,Demo Nilgiris location A,11.41,76.69,Tamil Nadu,Nilgiris,2246.0,17.549813884833533,2024-04-28,0.0,0.0,0.0,11.5,76.75,DEMO,REAL_DERIVED_FROM_SRTM,REAL_DERIVED_FROM_IMD
DEMO-NLG-001,Demo Nilgiris location A,11.41,76.69,Tamil Nadu,Nilgiris,2246.0,17.549813884833533,2024-04-29,0.0,0.0,0.0,11.5,76.75,DEMO,REAL_DERIVED_FROM_SRTM,REAL_DERIVED_FROM_IMD
DEMO-NLG-001,Demo Nilgiris location A,11.41,76.69,Tamil Nadu,Nilgiris,2246.0,17.549813884833533,2024-04-30,0.0,0.0,0.0,11.5,76.75,DEMO,REAL_DERIVED_FROM_SRTM,REAL_DERIVED_FROM_IMD
DEMO-NLG-001,Demo Nilgiris location A,11.41,76.69,Tamil Nadu,Nilgiris,2246.0,17.549813884833533,2024-05-01,0.0,0.0,0.0,11.5,76.75,DEMO,REAL_DERIVED_FROM_SRTM,REAL_DERIVED_FROM_IMD
DEMO-NLG-001,Demo Nilgiris location A,11.41,76.69,Tamil Nadu,Nilgiris,2246.0,17.549813884833533,2024-05-02,0.0,0.0,0.0,11.5,76.75,DEMO,REAL_DERIVED_FROM_SRTM,REAL_DERIVED_FROM_IMD
DEMO-NLG-001,Demo Nilgiris location A,11.41,76.69,Tamil Nadu,Nilgiris,2246.0,17.549813884833533,2024-05-03,4.710154533386231,4.710154533386231,4.710154533386231,11.5,76.75,DEMO,REAL_DERIVED_FROM_SRTM,REAL_DERIVED_FROM_IMD
DEMO-NLG-001,Demo Nilgiris location A,11.41,76.69,Tamil Nadu,Nilgiris,2246.0,17.549813884833533,2024-05-04,16.821979522705078,21.53213405609131,21.53213405609131,11.5,76.75,DEMO,REAL_DERIVED_FROM_SRTM,REAL_DERIVED_FROM_IMD
DEMO-NLG-001,Demo Nilgiris location A,11.41,76.69,Tamil Nadu,Nilgiris,2246.0,17.549813884833533,2024-05-05,4.22435474395752,25.756488800048828,25.756488800048828,11.5,76.75,DEMO,REAL_DERIVED_FROM_SRTM,REAL_DERIVED_FROM_IMD
DEMO-NLG-001,Demo Nilgiris location A,11.41,76.69,Tamil Nadu,Nilgiris,2246.0,17.549813884833533,2024-05-06,0.0,21.0463342666626,25.756488800048828,11.5,76.75,DEMO,REAL_DERIVED_FROM_SRTM,REAL_DERIVED_FROM_IMD
DEMO-NLG-001,Demo Nilgiris location A,11.41,76.69,Tamil Nadu,Nilgiris,2246.0,17.549813884833533,2024-05-07,5.6970319747924805,9.92138671875,31.45352077484131,11.5,76.75,DEMO,REAL_DERIVED_FROM_SRTM,REAL_DERIVED_FROM_IMD
DEMO-NLG-001,Demo Nilgiris location A,11.41,76.69,Tamil Nadu,Nilgiris,2246.0,17.549813884833533,2024-05-08,0.0,5.6970319747924805,31.45352077484131,11.5,76.75,DEMO,REAL_DERIVED_FROM_SRTM,REAL_DERIVED_FROM_IMD
DEMO-NLG-001,Demo Nilgiris location A,11.41,76.69,Tamil Nadu,Nilgiris,2246.0,17.549813884833533,2024-05-09,23.521541595458984,29.218573570251465,54.97506237030029,11.5,76.75,DEMO,REAL_DERIVED_FROM_SRTM,REAL_DERIVED_FROM_IMD
DEMO-NLG-001,Demo Nilgiris location A,11.41,76.69,Tamil Nadu,Nilgiris,2246.0,17.549813884833533,2024-05-10,11.498138427734377,35.01968002319336,61.76304626464844,11.5,76.75,DEMO,REAL_DERIVED_FROM_SRTM,REAL_DERIVED_FROM_IMD
DEMO-NLG-001,Demo Nilgiris location A,11.41,76.69,Tamil Nadu,Nilgiris,2246.0,17.549813884833533,2024-05-11,3.639736175537109,38.65941619873047,48.58080291748047,11.5,76.75,DEMO,REAL_DERIVED_FROM_SRTM,REAL_DERIVED_FROM_IMD
DEMO-NLG-001,Demo Nilgiris location A,11.41,76.69,Tamil Nadu,Nilgiris,2246.0,17.549813884833533,2024-05-12,0.14486825466156,15.282742857933044,44.50131642818451,11.5,76.75,DEMO,REAL_DERIVED_FROM_SRTM,REAL_DERIVED_FROM_IMD
DEMO-NLG-001,Demo Nilgiris location A,11.41,76.69,Tamil Nadu,Nilgiris,2246.0,17.549813884833533,2024-05-13,12.756638526916504,16.541242957115173,57.25795495510101,11.5,76.75,DEMO,REAL_DERIVED_FROM_SRTM,REAL_DERIVED_FROM_IMD
DEMO-NLG-001,Demo Nilgiris location A,11.41,76.69,Tamil Nadu,Nilgiris,2246.0,17.549813884833533,2024-05-14,19.725290298461918,32.62679708003998,71.28621327877045,11.5,76.75,DEMO,REAL_DERIVED_FROM_SRTM,REAL_DERIVED_FROM_IMD
DEMO-NLG-001,Demo Nilgiris location A,11.41,76.69,Tamil Nadu,Nilgiris,2246.0,17.549813884833533,2024-05-15,0.4024223089218139,32.88435113430023,71.68863558769226,11.5,76.75,DEMO,REAL_DERIVED_FROM_SRTM,REAL_DERIVED_FROM_IMD
DEMO-NLG-001,Demo Nilgiris location A,11.41,76.69,Tamil Nadu,Nilgiris,2246.0,17.549813884833533,2024-05-16,21.15396881103516,41.28168141841888,69.32106280326843,11.5,76.75,DEMO,REAL_DERIVED_FROM_SRTM,REAL_DERIVED_FROM_IMD
DEMO-NLG-001,Demo Nilgiris location A,11.41,76.69,Tamil Nadu,Nilgiris,2246.0,17.549813884833533,2024-05-17,8.543680191040039,30.10007131099701,66.3666045665741,11.5,76.75,DEMO,REAL_DERIVED_FROM_SRTM,REAL_DERIVED_FROM_IMD
DEMO-NLG-001,Demo Nilgiris location A,11.41,76.69,Tamil Nadu,Nilgiris,2246.0,17.549813884833533,2024-05-18,32.17637634277344,61.87402534484863,94.90324473381042,11.5,76.75,DEMO,REAL_DERIVED_FROM_SRTM,REAL_DERIVED_FROM_IMD
DEMO-NLG-001,Demo Nilgiris location A,11.41,76.69,Tamil Nadu,Nilgiris,2246.0,17.549813884833533,2024-05-19,24.89584732055664,65.61590385437012,119.6542237997055,11.5,76.75,DEMO,REAL_DERIVED_FROM_SRTM,REAL_DERIVED_FROM_IMD
DEMO-NLG-001,Demo Nilgiris location A,11.41,76.69,Tamil Nadu,Nilgiris,2246.0,17.549813884833533,2024-05-20,31.29872703552246,88.37095069885254,138.19631230831146,11.5,76.75,DEMO,REAL_DERIVED_FROM_SRTM,REAL_DERIVED_FROM_IMD
DEMO-NLG-001,Demo Nilgiris location A,11.41,76.69,Tamil Nadu,Nilgiris,2246.0,17.549813884833533,2024-05-21,31.169967651367188,87.36454200744629,149.64098966121674,11.5,76.75,DEMO,REAL_DERIVED_FROM_SRTM,REAL_DERIVED_FROM_IMD
DEMO-NLG-001,Demo Nilgiris location A,11.41,76.69,Tamil Nadu,Nilgiris,2246.0,17.549813884833533,2024-05-22,21.8961181640625,84.36481285095215,171.13468551635742,11.5,76.75,DEMO,REAL_DERIVED_FROM_SRTM,REAL_DERIVED_FROM_IMD
DEMO-NLG-001,Demo Nilgiris location A,11.41,76.69,Tamil Nadu,Nilgiris,2246.0,17.549813884833533,2024-05-23,50.46644592285156,103.53253173828124,200.44716262817383,11.5,76.75,DEMO,REAL_DERIVED_FROM_SRTM,REAL_DERIVED_FROM_IMD
DEMO-NLG-001,Demo Nilgiris location A,11.41,76.69,Tamil Nadu,Nilgiris,2246.0,17.549813884833533,2024-05-24,36.63263702392578,108.99520111083984,228.5361194610596,11.5,76.75,DEMO,REAL_DERIVED_FROM_SRTM,REAL_DERIVED_FROM_IMD
DEMO-NLG-001,Demo Nilgiris location A,11.41,76.69,Tamil Nadu,Nilgiris,2246.0,17.549813884833533,2024-05-25,1.2385876178741455,88.33767056465149,197.59833073616028,11.5,76.75,DEMO,REAL_DERIVED_FROM_SRTM,REAL_DERIVED_FROM_IMD
DEMO-NLG-001,Demo Nilgiris location A,11.41,76.69,Tamil Nadu,Nilgiris,2246.0,17.549813884833533,2024-05-26,0.0,37.87122464179993,172.70248341560364,11.5,76.75,DEMO,REAL_DERIVED_FROM_SRTM,REAL_DERIVED_FROM_IMD
DEMO-NLG-001,Demo Nilgiris location A,11.41,76.69,Tamil Nadu,Nilgiris,2246.0,17.549813884833533,2024-05-27,0.0,1.2385876178741455,141.40375638008118,11.5,76.75,DEMO,REAL_DERIVED_FROM_SRTM,REAL_DERIVED_FROM_IMD
DEMO-NLG-001,Demo Nilgiris location A,11.41,76.69,Tamil Nadu,Nilgiris,2246.0,17.549813884833533,2024-05-28,0.0,0.0,110.233788728714,11.5,76.75,DEMO,REAL_DERIVED_FROM_SRTM,REAL_DERIVED_FROM_IMD
DEMO-NLG-001,Demo Nilgiris location A,11.41,76.69,Tamil Nadu,Nilgiris,2246.0,17.549813884833533,2024-05-29,0.0,0.0,88.33767056465149,11.5,76.75,DEMO,REAL_DERIVED_FROM_SRTM,REAL_DERIVED_FROM_IMD
DEMO-NLG-001,Demo Nilgiris location A,11.41,76.69,Tamil Nadu,Nilgiris,2246.0,17.549813884833533,2024-05-30,0.0,0.0,37.87122464179993,11.5,76.75,DEMO,REAL_DERIVED_FROM_SRTM,REAL_DERIVED_FROM_IMD
DEMO-NLG-001,Demo Nilgiris location A,11.41,76.69,Tamil Nadu,Nilgiris,2246.0,17.549813884833533,2024-05-31,0.0,0.0,1.2385876178741455,11.5,76.75,DEMO,REAL_DERIVED_FROM_SRTM,REAL_DERIVED_FROM_IMD
DEMO-NLG-001,Demo Nilgiris location A,11.41,76.69,Tamil Nadu,Nilgiris,2246.0,17.549813884833533,2024-06-01,0.234564796090126,0.234564796090126,0.234564796090126,11.5,76.75,DEMO,REAL_DERIVED_FROM_SRTM,REAL_DERIVED_FROM_IMD
DEMO-NLG-001,Demo Nilgiris location A,11.41,76.69,Tamil Nadu,Nilgiris,2246.0,17.549813884833533,2024-06-02,2.421388864517212,2.655953660607338,2.655953660607338,11.5,76.75,DEMO,REAL_DERIVED_FROM_SRTM,REAL_DERIVED_FROM_IMD
DEMO-NLG-001,Demo Nilgiris location A,11.41,76.69,Tamil Nadu,Nilgiris,2246.0,17.549813884833533,2024-06-03,6.850889205932617,9.506842866539955,9.506842866539955,11.5,76.75,DEMO,REAL_DERIVED_FROM_SRTM,REAL_DERIVED_FROM_IMD
DEMO-NLG-001,Demo Nilgiris location A,11.41,76.69,Tamil Nadu,Nilgiris,2246.0,17.549813884833533,2024-06-04,0.8445397615432739,10.116817831993105,10.351382628083227,11.5,76.75,DEMO,REAL_DERIVED_FROM_SRTM,REAL_DERIVED_FROM_IMD
DEMO-NLG-001,Demo Nilgiris location A,11.41,76.69,Tamil Nadu,Nilgiris,2246.0,17.549813884833533,2024-06-05,1.3457584381103516,9.041187405586244,11.69714106619358,11.5,76.75,DEMO,REAL_DERIVED_FROM_SRTM,REAL_DERIVED_FROM_IMD
DEMO-NLG-001,Demo Nilgiris location A,11.41,76.69,Tamil Nadu,Nilgiris,2246.0,17.549813884833533,2024-06-06,3.2010927200317383,5.391390919685364,14.89823378622532,11.5,76.75,DEMO,REAL_DERIVED_FROM_SRTM,REAL_DERIVED_FROM_IMD
DEMO-NLG-001,Demo Nilgiris location A,11.41,76.69,Tamil Nadu,Nilgiris,2246.0,17.549813884833533,2024-06-07,11.384316444396973,15.931167602539062,26.28255023062229,11.5,76.75,DEMO,REAL_DERIVED_FROM_SRTM,REAL_DERIVED_FROM_IMD
DEMO-NLG-001,Demo Nilgiris location A,11.41,76.69,Tamil Nadu,Nilgiris,2246.0,17.549813884833533,2024-06-08,2.691516876220703,17.276926040649414,28.73950231075287,11.5,76.75,DEMO,REAL_DERIVED_FROM_SRTM,REAL_DERIVED_FROM_IMD
DEMO-NLG-001,Demo Nilgiris location A,11.41,76.69,Tamil Nadu,Nilgiris,2246.0,17.549813884833533,2024-06-09,9.099016189575195,23.17484951019287,35.41712963581085,11.5,76.75,DEMO,REAL_DERIVED_FROM_SRTM,REAL_DERIVED_FROM_IMD
DEMO-NLG-001,Demo Nilgiris location A,11.41,76.69,Tamil Nadu,Nilgiris,2246.0,17.549813884833533,2024-06-10,9.42030906677246,21.21084213256836,37.986549496650696,11.5,76.75,DEMO,REAL_DERIVED_FROM_SRTM,REAL_DERIVED_FROM_IMD
DEMO-NLG-001,Demo Nilgiris location A,11.41,76.69,Tamil Nadu,Nilgiris,2246.0,17.549813884833533,2024-06-11,14.851632118225098,33.370957374572754,51.99364185333252,11.5,76.75,DEMO,REAL_DERIVED_FROM_SRTM,REAL_DERIVED_FROM_IMD
DEMO-NLG-001,Demo Nilgiris location A,11.41,76.69,Tamil Nadu,Nilgiris,2246.0,17.549813884833533,2024-06-12,0.0,24.27194118499756,50.64788341522217,11.5,76.75,DEMO,REAL_DERIVED_FROM_SRTM,REAL_DERIVED_FROM_IMD
DEMO-NLG-001,Demo Nilgiris location A,11.41,76.69,Tamil Nadu,Nilgiris,2246.0,17.549813884833533,2024-06-13,1.3457584381103516,16.19739055633545,48.79254913330078,11.5,76.75,DEMO,REAL_DERIVED_FROM_SRTM,REAL_DERIVED_FROM_IMD
DEMO-NLG-001,Demo Nilgiris location A,11.41,76.69,Tamil Nadu,Nilgiris,2246.0,17.549813884833533,2024-06-14,0.0,1.3457584381103516,37.40823268890381,11.5,76.75,DEMO,REAL_DERIVED_FROM_SRTM,REAL_DERIVED_FROM_IMD
DEMO-NLG-001,Demo Nilgiris location A,11.41,76.69,Tamil Nadu,Nilgiris,2246.0,17.549813884833533,2024-06-15,0.0,1.3457584381103516,34.716715812683105,11.5,76.75,DEMO,REAL_DERIVED_FROM_SRTM,REAL_DERIVED_FROM_IMD
DEMO-NLG-001,Demo Nilgiris location A,11.41,76.69,Tamil Nadu,Nilgiris,2246.0,17.549813884833533,2024-06-16,0.0,0.0,25.61769962310791,11.5,76.75,DEMO,REAL_DERIVED_FROM_SRTM,REAL_DERIVED_FROM_IMD
DEMO-NLG-001,Demo Nilgiris location A,11.41,76.69,Tamil Nadu,Nilgiris,2246.0,17.549813884833533,2024-06-17,1.48320734500885,1.48320734500885,17.6805979013443,11.5,76.75,DEMO,REAL_DERIVED_FROM_SRTM,REAL_DERIVED_FROM_IMD
DEMO-NLG-001,Demo Nilgiris location A,11.41,76.69,Tamil Nadu,Nilgiris,2246.0,17.549813884833533,2024-06-18,3.359315156936645,4.842522501945496,6.188280940055847,11.5,76.75,DEMO,REAL_DERIVED_FROM_SRTM,REAL_DERIVED_FROM_IMD
DEMO-NLG-001,Demo Nilgiris location A,11.41,76.69,Tamil Nadu,Nilgiris,2246.0,17.549813884833533,2024-06-19,5.210099220275879,10.052621722221376,11.398380160331726,11.5,76.75,DEMO,REAL_DERIVED_FROM_SRTM,REAL_DERIVED_FROM_IMD
DEMO-NLG-001,Demo Nilgiris location A,11.41,76.69,Tamil Nadu,Nilgiris,2246.0,17.549813884833533,2024-06-20,3.3188555240631104,11.888269901275637,13.371477246284485,11.5,76.75,DEMO,REAL_DERIVED_FROM_SRTM,REAL_DERIVED_FROM_IMD
DEMO-NLG-001,Demo Nilgiris location A,11.41,76.69,Tamil Nadu,Nilgiris,2246.0,17.549813884833533,2024-06-21,0.234564796090126,8.763519540429115,13.606042042374613,11.5,76.75,DEMO,REAL_DERIVED_FROM_SRTM,REAL_DERIVED_FROM_IMD
DEMO-NLG-001,Demo Nilgiris location A,11.41,76.69,Tamil Nadu,Nilgiris,2246.0,17.549813884833533,2024-06-22,0.0,3.5534203201532364,13.606042042374613,11.5,76.75,DEMO,REAL_DERIVED_FROM_SRTM,REAL_DERIVED_FROM_IMD
DEMO-NLG-001,Demo Nilgiris location A,11.41,76.69,Tamil Nadu,Nilgiris,2246.0,17.549813884833533,2024-06-23,1.6643280982971191,1.8988928943872447,15.27037014067173,11.5,76.75,DEMO,REAL_DERIVED_FROM_SRTM,REAL_DERIVED_FROM_IMD
DEMO-NLG-001,Demo Nilgiris location A,11.41,76.69,Tamil Nadu,Nilgiris,2246.0,17.549813884833533,2024-06-24,4.434181213378906,6.098509311676025,18.221344009041783,11.5,76.75,DEMO,REAL_DERIVED_FROM_SRTM,REAL_DERIVED_FROM_IMD
DEMO-NLG-001,Demo Nilgiris location A,11.41,76.69,Tamil Nadu,Nilgiris,2246.0,17.549813884833533,2024-06-25,2.824316501617432,8.922825813293457,17.686345353722572,11.5,76.75,DEMO,REAL_DERIVED_FROM_SRTM,REAL_DERIVED_FROM_IMD
DEMO-NLG-001,Demo Nilgiris location A,11.41,76.69,Tamil Nadu,Nilgiris,2246.0,17.549813884833533,2024-06-26,29.95699691772461,37.21549463272095,42.4332430511713,11.5,76.75,DEMO,REAL_DERIVED_FROM_SRTM,REAL_DERIVED_FROM_IMD
DEMO-NLG-001,Demo Nilgiris location A,11.41,76.69,Tamil Nadu,Nilgiris,2246.0,17.549813884833533,2024-06-27,10.040244102478027,42.82155752182007,49.15463162958622,11.5,76.75,DEMO,REAL_DERIVED_FROM_SRTM,REAL_DERIVED_FROM_IMD
DEMO-NLG-001,Demo Nilgiris location A,11.41,76.69,Tamil Nadu,Nilgiris,2246.0,17.549813884833533,2024-06-28,2.780050039291382,42.77729105949402,51.70011687278748,11.5,76.75,DEMO,REAL_DERIVED_FROM_SRTM,REAL_DERIVED_FROM_IMD
DEMO-NLG-001,Demo Nilgiris location A,11.41,76.69,Tamil Nadu,Nilgiris,2246.0,17.549813884833533,2024-06-29,2.691516876220703,15.511811017990112,54.39163374900818,11.5,76.75,DEMO,REAL_DERIVED_FROM_SRTM,REAL_DERIVED_FROM_IMD
DEMO-NLG-001,Demo Nilgiris location A,11.41,76.69,Tamil Nadu,Nilgiris,2246.0,17.549813884833533,2024-06-30,5.062001705169678,10.533568620681764,57.78930735588074,11.5,76.75,DEMO,REAL_DERIVED_FROM_SRTM,REAL_DERIVED_FROM_IMD
DEMO-NLG-001,Demo Nilgiris location A,11.41,76.69,Tamil Nadu,Nilgiris,2246.0,17.549813884833533,2024-07-01,7.746156215667725,15.499674797058104,61.10128235816956,11.5,76.75,DEMO,REAL_DERIVED_FROM_SRTM,REAL_DERIVED_FROM_IMD
DEMO-NLG-001,Demo Nilgiris location A,11.41,76.69,Tamil Nadu,Nilgiris,2246.0,17.549813884833533,2024-07-02,5.940696239471436,18.74885416030884,64.21766209602356,11.5,76.75,DEMO,REAL_DERIVED_FROM_SRTM,REAL_DERIVED_FROM_IMD
DEMO-NLG-001,Demo Nilgiris location A,11.41,76.69,Tamil Nadu,Nilgiris,2246.0,17.549813884833533,2024-07-03,2.691516876220703,16.378369331359863,36.95218205451965,11.5,76.75,DEMO,REAL_DERIVED_FROM_SRTM,REAL_DERIVED_FROM_IMD
DEMO-NLG-001,Demo Nilgiris location A,11.41,76.69,Tamil Nadu,Nilgiris,2246.0,17.549813884833533,2024-07-04,9.489983558654783,18.122196674346924,36.40192151069641,11.5,76.75,DEMO,REAL_DERIVED_FROM_SRTM,REAL_DERIVED_FROM_IMD
DEMO-NLG-001,Demo Nilgiris location A,11.41,76.69,Tamil Nadu,Nilgiris,2246.0,17.549813884833533,2024-07-05,0.6728792190551758,12.854379653930664,34.294750690460205,11.5,76.75,DEMO,REAL_DERIVED_FROM_SRTM,REAL_DERIVED_FROM_IMD
DEMO-NLG-001,Demo Nilgiris location A,11.41,76.69,Tamil Nadu,Nilgiris,2246.0,17.549813884833533,2024-07-06,4.222166538238525,14.385029315948486,35.82540035247803,11.5,76.75,DEMO,REAL_DERIVED_FROM_SRTM,REAL_DERIVED_FROM_IMD
DEMO-NLG-001,Demo Nilgiris location A,11.41,76.69,Tamil Nadu,Nilgiris,2246.0,17.549813884833533,2024-07-07,0.0,4.895045757293701,30.76339864730835,11.5,76.75,DEMO,REAL_DERIVED_FROM_SRTM,REAL_DERIVED_FROM_IMD
DEMO-NLG-001,Demo Nilgiris location A,11.41,76.69,Tamil Nadu,Nilgiris,2246.0,17.549813884833533,2024-07-08,2.7398061752319336,6.961972713470459,25.75704860687256,11.5,76.75,DEMO,REAL_DERIVED_FROM_SRTM,REAL_DERIVED_FROM_IMD
DEMO-NLG-001,Demo Nilgiris location A,11.41,76.69,Tamil Nadu,Nilgiris,2246.0,17.549813884833533,2024-07-09,10.181721687316896,12.921527862548828,29.998074054718018,11.5,76.75,DEMO,REAL_DERIVED_FROM_SRTM,REAL_DERIVED_FROM_IMD
DEMO-NLG-001,Demo Nilgiris location A,11.41,76.69,Tamil Nadu,Nilgiris,2246.0,17.549813884833533,2024-07-10,7.490204811096191,20.41173267364502,34.796761989593506,11.5,76.75,DEMO,REAL_DERIVED_FROM_SRTM,REAL_DERIVED_FROM_IMD
DEMO-NLG-001,Demo Nilgiris location A,11.41,76.69,Tamil Nadu,Nilgiris,2246.0,17.549813884833533,2024-07-11,1.407388687133789,19.079315185546875,26.71416711807251,11.5,76.75,DEMO,REAL_DERIVED_FROM_SRTM,REAL_DERIVED_FROM_IMD
DEMO-NLG-001,Demo Nilgiris location A,11.41,76.69,Tamil Nadu,Nilgiris,2246.0,17.549813884833533,2024-07-12,2.018637657165528,10.916231155395508,28.05992555618286,11.5,76.75,DEMO,REAL_DERIVED_FROM_SRTM,REAL_DERIVED_FROM_IMD
DEMO-NLG-001,Demo Nilgiris location A,11.41,76.69,Tamil Nadu,Nilgiris,2246.0,17.549813884833533,2024-07-13,21.4522705078125,24.878296852111816,45.29002952575684,11.5,76.75,DEMO,REAL_DERIVED_FROM_SRTM,REAL_DERIVED_FROM_IMD
DEMO-NLG-001,Demo Nilgiris location A,11.41,76.69,Tamil Nadu,Nilgiris,2246.0,17.549813884833533,2024-07-14,7.635072708129883,31.10598087310791,52.92510223388672,11.5,76.75,DEMO,REAL_DERIVED_FROM_SRTM,REAL_DERIVED_FROM_IMD
DEMO-NLG-001,Demo Nilgiris location A,11.41,76.69,Tamil Nadu,Nilgiris,2246.0,17.549813884833533,2024-07-15,39.24187088012695,68.32921409606934,89.42716693878174,11.5,76.75,DEMO,REAL_DERIVED_FROM_SRTM,REAL_DERIVED_FROM_IMD
DEMO-NLG-001,Demo Nilgiris location A,11.41,76.69,Tamil Nadu,Nilgiris,2246.0,17.549813884833533,2024-07-16,43.27978515625,90.15672874450684,122.52523040771484,11.5,76.75,DEMO,REAL_DERIVED_FROM_SRTM,REAL_DERIVED_FROM_IMD
DEMO-NLG-001,Demo Nilgiris location A,11.41,76.69,Tamil Nadu,Nilgiris,2246.0,17.549813884833533,2024-07-17,29.75401306152344,112.2756690979004,144.7890386581421,11.5,76.75,DEMO,REAL_DERIVED_FROM_SRTM,REAL_DERIVED_FROM_IMD
DEMO-NLG-001,Demo Nilgiris location A,11.41,76.69,Tamil Nadu,Nilgiris,2246.0,17.549813884833533,2024-07-18,27.20099258422852,100.23479080200195,170.58264255523682,11.5,76.75,DEMO,REAL_DERIVED_FROM_SRTM,REAL_DERIVED_FROM_IMD
DEMO-NLG-001,Demo Nilgiris location A,11.41,76.69,Tamil Nadu,Nilgiris,2246.0,17.549813884833533,2024-07-19,12.411209106445312,69.36621475219727,180.9752140045166,11.5,76.75,DEMO,REAL_DERIVED_FROM_SRTM,REAL_DERIVED_FROM_IMD
DEMO-NLG-001,Demo Nilgiris location A,11.41,76.69,Tamil Nadu,Nilgiris,2246.0,17.549813884833533,2024-07-20,26.516263961791992,66.12846565246582,186.0392074584961,11.5,76.75,DEMO,REAL_DERIVED_FROM_SRTM,REAL_DERIVED_FROM_IMD
DEMO-NLG-001,Demo Nilgiris location A,11.41,76.69,Tamil Nadu,Nilgiris,2246.0,17.549813884833533,2024-07-21,6.237002372741699,45.16447544097901,184.6411371231079,11.5,76.75,DEMO,REAL_DERIVED_FROM_SRTM,REAL_DERIVED_FROM_IMD
DEMO-NLG-001,Demo Nilgiris location A,11.41,76.69,Tamil Nadu,Nilgiris,2246.0,17.549813884833533,2024-07-22,2.018637657165528,34.77190399169922,147.41790390014648,11.5,76.75,DEMO,REAL_DERIVED_FROM_SRTM,REAL_DERIVED_FROM_IMD
DEMO-NLG-001,Demo Nilgiris location A,11.41,76.69,Tamil Nadu,Nilgiris,2246.0,17.549813884833533,2024-07-23,8.348196029663086,16.603836059570312,112.48631477355956,11.5,76.75,DEMO,REAL_DERIVED_FROM_SRTM,REAL_DERIVED_FROM_IMD
DEMO-NLG-001,Demo Nilgiris location A,11.41,76.69,Tamil Nadu,Nilgiris,2246.0,17.549813884833533,2024-07-24,38.366512298583984,48.7333459854126,121.09881401062012,11.5,76.75,DEMO,REAL_DERIVED_FROM_SRTM,REAL_DERIVED_FROM_IMD
DEMO-NLG-001,Demo Nilgiris location A,11.41,76.69,Tamil Nadu,Nilgiris,2246.0,17.549813884833533,2024-07-25,39.08249282836914,85.79720115661621,132.98031425476074,11.5,76.75,DEMO,REAL_DERIVED_FROM_SRTM,REAL_DERIVED_FROM_IMD
DEMO-NLG-001,Demo Nilgiris location A,11.41,76.69,Tamil Nadu,Nilgiris,2246.0,17.549813884833533,2024-07-26,30.623106002807617,108.07211112976074,151.19221115112305,11.5,76.75,DEMO,REAL_DERIVED_FROM_SRTM,REAL_DERIVED_FROM_IMD
DEMO-NLG-001,Demo Nilgiris location A,11.41,76.69,Tamil Nadu,Nilgiris,2246.0,17.549813884833533,2024-07-27,25.277990341186523,94.98358917236328,149.95393753051758,11.5,76.75,DEMO,REAL_DERIVED_FROM_SRTM,REAL_DERIVED_FROM_IMD
DEMO-NLG-001,Demo Nilgiris location A,11.41,76.69,Tamil Nadu,Nilgiris,2246.0,17.549813884833533,2024-07-28,6.838931560516357,62.7400279045105,150.55586671829224,11.5,76.75,DEMO,REAL_DERIVED_FROM_SRTM,REAL_DERIVED_FROM_IMD
DEMO-NLG-001,Demo Nilgiris location A,11.41,76.69,Tamil Nadu,Nilgiris,2246.0,17.549813884833533,2024-07-29,2.691516876220703,34.808438777923584,151.2287459373474,11.5,76.75,DEMO,REAL_DERIVED_FROM_SRTM,REAL_DERIVED_FROM_IMD
DEMO-NLG-001,Demo Nilgiris location A,11.41,76.69,Tamil Nadu,Nilgiris,2246.0,17.549813884833533,2024-07-30,42.29343795776367,51.82388639450073,185.173987865448,11.5,76.75,DEMO,REAL_DERIVED_FROM_SRTM,REAL_DERIVED_FROM_IMD
DEMO-NLG-001,Demo Nilgiris location A,11.41,76.69,Tamil Nadu,Nilgiris,2246.0,17.549813884833533,2024-07-31,7.197921276092529,52.1828761100769,154.00539684295654,11.5,76.75,DEMO,REAL_DERIVED_FROM_SRTM,REAL_DERIVED_FROM_IMD
DEMO-NLG-001,Demo Nilgiris location A,11.41,76.69,Tamil Nadu,Nilgiris,2246.0,17.549813884833533,2024-08-01,22.57405662536621,72.06541585922241,137.4969606399536,11.5,76.75,DEMO,REAL_DERIVED_FROM_SRTM,REAL_DERIVED_FROM_IMD
DEMO-NLG-001,Demo Nilgiris location A,11.41,76.69,Tamil Nadu,Nilgiris,2246.0,17.549813884833533,2024-08-02,14.16943359375,43.94141149520874,121.043288230896,11.5,76.75,DEMO,REAL_DERIVED_FROM_SRTM,REAL_DERIVED_FROM_IMD
DEMO-NLG-001,Demo Nilgiris location A,11.41,76.69,Tamil Nadu,Nilgiris,2246.0,17.549813884833533,2024-08-03,2.018637657165528,38.76212787628174,97.783935546875,11.5,76.75,DEMO,REAL_DERIVED_FROM_SRTM,REAL_DERIVED_FROM_IMD
DEMO-NLG-001,Demo Nilgiris location A,11.41,76.69,Tamil Nadu,Nilgiris,2246.0,17.549813884833533,2024-08-04,9.037166595458984,25.22523784637451,99.98217058181764,11.5,76.75,DEMO,REAL_DERIVED_FROM_SRTM,REAL_DERIVED_FROM_IMD
DEMO-NLG-001,Demo Nilgiris location A,11.41,76.69,Tamil Nadu,Nilgiris,2246.0,17.549813884833533,2024-08-05,11.48723602294922,22.54304027557373,108.77788972854614,11.5,76.75,DEMO,REAL_DERIVED_FROM_SRTM,REAL_DERIVED_FROM_IMD
DEMO-NLG-001,Demo Nilgiris location A,11.41,76.69,Tamil Nadu,Nilgiris,2246.0,17.549813884833533,2024-08-06,4.131240367889404,24.655642986297607,70.61569213867188,11.5,76.75,DEMO,REAL_DERIVED_FROM_SRTM,REAL_DERIVED_FROM_IMD
DEMO-NLG-001,Demo Nilgiris location A,11.41,76.69,Tamil Nadu,Nilgiris,2246.0,17.549813884833533,2024-08-07,3.167352199554444,18.785828590393063,66.58512306213379,11.5,76.75,DEMO,REAL_DERIVED_FROM_SRTM,REAL_DERIVED_FROM_IMD
DEMO-NLG-001,Demo Nilgiris location A,11.41,76.69,Tamil Nadu,Nilgiris,2246.0,17.549813884833533,2024-08-08,3.062904357910156,10.361496925354004,47.07397079467773,11.5,76.75,DEMO,REAL_DERIVED_FROM_SRTM,REAL_DERIVED_FROM_IMD
DEMO-NLG-001,Demo Nilgiris location A,11.41,76.69,Tamil Nadu,Nilgiris,2246.0,17.549813884833533,2024-08-09,4.037275314331055,10.267531871795654,36.94181251525879,11.5,76.75,DEMO,REAL_DERIVED_FROM_SRTM,REAL_DERIVED_FROM_IMD
DEMO-NLG-001,Demo Nilgiris location A,11.41,76.69,Tamil Nadu,Nilgiris,2246.0,17.549813884833533,2024-08-10,2.018637657165528,9.118817329406738,36.94181251525879,11.5,76.75,DEMO,REAL_DERIVED_FROM_SRTM,REAL_DERIVED_FROM_IMD
DEMO-NLG-001,Demo Nilgiris location A,11.41,76.69,Tamil Nadu,Nilgiris,2246.0,17.549813884833533,2024-08-11,7.082924842834473,13.138837814331056,34.98757076263428,11.5,76.75,DEMO,REAL_DERIVED_FROM_SRTM,REAL_DERIVED_FROM_IMD
DEMO-NLG-001,Demo Nilgiris location A,11.41,76.69,Tamil Nadu,Nilgiris,2246.0,17.549813884833533,2024-08-12,8.911358833312988,18.01292133331299,32.41169357299805,11.5,76.75,DEMO,REAL_DERIVED_FROM_SRTM,REAL_DERIVED_FROM_IMD
DEMO-NLG-001,Demo Nilgiris location A,11.41,76.69,Tamil Nadu,Nilgiris,2246.0,17.549813884833533,2024-08-13,0.4691295921802521,16.463413268327713,28.74958279728889,11.5,76.75,DEMO,REAL_DERIVED_FROM_SRTM,REAL_DERIVED_FROM_IMD
DEMO-NLG-001,Demo Nilgiris location A,11.41,76.69,Tamil Nadu,Nilgiris,2246.0,17.549813884833533,2024-08-14,13.559673309326172,22.94016173481941,39.14190390706062,11.5,76.75,DEMO,REAL_DERIVED_FROM_SRTM,REAL_DERIVED_FROM_IMD
DEMO-NLG-001,Demo Nilgiris location A,11.41,76.69,Tamil Nadu,Nilgiris,2246.0,17.549813884833533,2024-08-15,24.307323455810547,38.33612635731697,60.38632300496101,11.5,76.75,DEMO,REAL_DERIVED_FROM_SRTM,REAL_DERIVED_FROM_IMD
DEMO-NLG-001,Demo Nilgiris location A,11.41,76.69,Tamil Nadu,Nilgiris,2246.0,17.549813884833533,2024-08-16,6.204802513122559,44.07179927825928,62.55385020375252,11.5,76.75,DEMO,REAL_DERIVED_FROM_SRTM,REAL_DERIVED_FROM_IMD
DEMO-NLG-001,Demo Nilgiris location A,11.41,76.69,Tamil Nadu,Nilgiris,2246.0,17.549813884833533,2024-08-17,4.553530693054199,35.065656661987305,65.08874323964119,11.5,76.75,DEMO,REAL_DERIVED_FROM_SRTM,REAL_DERIVED_FROM_IMD
DEMO-NLG-001,Demo Nilgiris location A,11.41,76.69,Tamil Nadu,Nilgiris,2246.0,17.549813884833533,2024-08-18,0.0,10.758333206176758,58.00581839680672,11.5,76.75,DEMO,REAL_DERIVED_FROM_SRTM,REAL_DERIVED_FROM_IMD
DEMO-NLG-001,Demo Nilgiris location A,11.41,76.69,Tamil Nadu,Nilgiris,2246.0,17.549813884833533,2024-08-19,9.900452613830566,14.453983306884766,58.994912177324295,11.5,76.75,DEMO,REAL_DERIVED_FROM_SRTM,REAL_DERIVED_FROM_IMD
DEMO-NLG-001,Demo Nilgiris location A,11.41,76.69,Tamil Nadu,Nilgiris,2246.0,17.549813884833533,2024-08-20,9.726573944091797,19.627026557922363,68.25235652923584,11.5,76.75,DEMO,REAL_DERIVED_FROM_SRTM,REAL_DERIVED_FROM_IMD
DEMO-NLG-001,Demo Nilgiris location A,11.41,76.69,Tamil Nadu,Nilgiris,2246.0,17.549813884833533,2024-08-21,11.48723602294922,31.114262580871586,66.17991924285889,11.5,76.75,DEMO,REAL_DERIVED_FROM_SRTM,REAL_DERIVED_FROM_IMD
DEMO-NLG-001,Demo Nilgiris location A,11.41,76.69,Tamil Nadu,Nilgiris,2246.0,17.549813884833533,2024-08-22,0.8177474737167358,22.03155744075775,42.69034326076508,11.5,76.75,DEMO,REAL_DERIVED_FROM_SRTM,REAL_DERIVED_FROM_IMD
DEMO-NLG-001,Demo Nilgiris location A,11.41,76.69,Tamil Nadu,Nilgiris,2246.0,17.549813884833533,2024-08-23,0.0,12.304983496665956,36.48554074764252,11.5,76.75,DEMO,REAL_DERIVED_FROM_SRTM,REAL_DERIVED_FROM_IMD
DEMO-NLG-001,Demo Nilgiris location A,11.41,76.69,Tamil Nadu,Nilgiris,2246.0,17.549813884833533,2024-08-24,0.0,0.8177474737167358,31.93201005458832,11.5,76.75,DEMO,REAL_DERIVED_FROM_SRTM,REAL_DERIVED_FROM_IMD
DEMO-NLG-001,Demo Nilgiris location A,11.41,76.69,Tamil Nadu,Nilgiris,2246.0,17.549813884833533,2024-08-25,1.3457584381103516,1.3457584381103516,33.27776849269867,11.5,76.75,DEMO,REAL_DERIVED_FROM_SRTM,REAL_DERIVED_FROM_IMD
DEMO-NLG-001,Demo Nilgiris location A,11.41,76.69,Tamil Nadu,Nilgiris,2246.0,17.549813884833533,2024-08-26,0.0,1.3457584381103516,23.377315878868103,11.5,76.75,DEMO,REAL_DERIVED_FROM_SRTM,REAL_DERIVED_FROM_IMD
DEMO-NLG-001,Demo Nilgiris location A,11.41,76.69,Tamil Nadu,Nilgiris,2246.0,17.549813884833533,2024-08-27,0.0,1.3457584381103516,13.650741934776306,11.5,76.75,DEMO,REAL_DERIVED_FROM_SRTM,REAL_DERIVED_FROM_IMD
DEMO-NLG-001,Demo Nilgiris location A,11.41,76.69,Tamil Nadu,Nilgiris,2246.0,17.549813884833533,2024-08-28,0.0,0.0,2.1635059118270874,11.5,76.75,DEMO,REAL_DERIVED_FROM_SRTM,REAL_DERIVED_FROM_IMD
DEMO-NLG-001,Demo Nilgiris location A,11.41,76.69,Tamil Nadu,Nilgiris,2246.0,17.549813884833533,2024-08-29,3.3643958568573,3.3643958568573,4.710154294967651,11.5,76.75,DEMO,REAL_DERIVED_FROM_SRTM,REAL_DERIVED_FROM_IMD
DEMO-NLG-001,Demo Nilgiris location A,11.41,76.69,Tamil Nadu,Nilgiris,2246.0,17.549813884833533,2024-08-30,11.4832124710083,14.8476083278656,16.193366765975952,11.5,76.75,DEMO,REAL_DERIVED_FROM_SRTM,REAL_DERIVED_FROM_IMD
DEMO-NLG-001,Demo Nilgiris location A,11.41,76.69,Tamil Nadu,Nilgiris,2246.0,17.549813884833533,2024-08-31,0.6728792190551758,15.520487546920776,16.866245985031128,11.5,76.75,DEMO,REAL_DERIVED_FROM_SRTM,REAL_DERIVED_FROM_IMD
DEMO-NLG-001,Demo Nilgiris location A,11.41,76.69,Tamil Nadu,Nilgiris,2246.0,17.549813884833533,2024-09-01,4.085564613342285,16.24165630340576,19.60605216026306,11.5,76.75,DEMO,REAL_DERIVED_FROM_SRTM,REAL_DERIVED_FROM_IMD
DEMO-NLG-001,Demo Nilgiris location A,11.41,76.69,Tamil Nadu,Nilgiris,2246.0,17.549813884833533,2024-09-02,1.3457584381103516,6.1042022705078125,20.951810598373413,11.5,76.75,DEMO,REAL_DERIVED_FROM_SRTM,REAL_DERIVED_FROM_IMD
DEMO-NLG-001,Demo Nilgiris location A,11.41,76.69,Tamil Nadu,Nilgiris,2246.0,17.549813884833533,2024-09-03,2.928941011428833,8.36026406288147,23.88075160980225,11.5,76.75,DEMO,REAL_DERIVED_FROM_SRTM,REAL_DERIVED_FROM_IMD
DEMO-NLG-001,Demo Nilgiris location A,11.41,76.69,Tamil Nadu,Nilgiris,2246.0,17.549813884833533,2024-09-04,0.9143262505531312,5.189025700092316,24.795077860355377,11.5,76.75,DEMO,REAL_DERIVED_FROM_SRTM,REAL_DERIVED_FROM_IMD
DEMO-NLG-001,Demo Nilgiris location A,11.41,76.69,Tamil Nadu,Nilgiris,2246.0,17.549813884833533,2024-09-05,0.0,3.843267261981964,21.43068200349808,11.5,76.75,DEMO,REAL_DERIVED_FROM_SRTM,REAL_DERIVED_FROM_IMD
DEMO-NLG-001,Demo Nilgiris location A,11.41,76.69,Tamil Nadu,Nilgiris,2246.0,17.549813884833533,2024-09-06,1.3457584381103516,2.2600846886634827,11.293227970600128,11.5,76.75,DEMO,REAL_DERIVED_FROM_SRTM,REAL_DERIVED_FROM_IMD
DEMO-NLG-001,Demo Nilgiris location A,11.41,76.69,Tamil Nadu,Nilgiris,2246.0,17.549813884833533,2024-09-07,4.754421234130859,6.100179672241211,15.374769985675812,11.5,76.75,DEMO,REAL_DERIVED_FROM_SRTM,REAL_DERIVED_FROM_IMD
DEMO-NLG-001,Demo Nilgiris location A,11.41,76.69,Tamil Nadu,Nilgiris,2246.0,17.549813884833533,2024-09-08,0.0,6.100179672241211,11.289205372333528,11.5,76.75,DEMO,REAL_DERIVED_FROM_SRTM,REAL_DERIVED_FROM_IMD
DEMO-NLG-001,Demo Nilgiris location A,11.41,76.69,Tamil Nadu,Nilgiris,2246.0,17.549813884833533,2024-09-09,0.0,4.754421234130859,9.943446934223177,11.5,76.75,DEMO,REAL_DERIVED_FROM_SRTM,REAL_DERIVED_FROM_IMD
DEMO-NLG-001,Demo Nilgiris location A,11.41,76.69,Tamil Nadu,Nilgiris,2246.0,17.549813884833533,2024-09-10,0.6728792190551758,0.6728792190551758,7.687385141849518,11.5,76.75,DEMO,REAL_DERIVED_FROM_SRTM,REAL_DERIVED_FROM_IMD
DEMO-NLG-001,Demo Nilgiris location A,11.41,76.69,Tamil Nadu,Nilgiris,2246.0,17.549813884833533,2024-09-11,0.0,0.6728792190551758,6.773058891296387,11.5,76.75,DEMO,REAL_DERIVED_FROM_SRTM,REAL_DERIVED_FROM_IMD
DEMO-NLG-001,Demo Nilgiris location A,11.41,76.69,Tamil Nadu,Nilgiris,2246.0,17.549813884833533,2024-09-12,2.018637657165528,2.691516876220703,8.791696548461914,11.5,76.75,DEMO,REAL_DERIVED_FROM_SRTM,REAL_DERIVED_FROM_IMD
DEMO-NLG-001,Demo Nilgiris location A,11.41,76.69,Tamil Nadu,Nilgiris,2246.0,17.549813884833533,2024-09-13,0.0,2.018637657165528,7.445938110351562,11.5,76.75,DEMO,REAL_DERIVED_FROM_SRTM,REAL_DERIVED_FROM_IMD
DEMO-NLG-001,Demo Nilgiris location A,11.41,76.69,Tamil Nadu,Nilgiris,2246.0,17.549813884833533,2024-09-14,0.6728792190551758,2.691516876220703,3.364396095275879,11.5,76.75,DEMO,REAL_DERIVED_FROM_SRTM,REAL_DERIVED_FROM_IMD
DEMO-NLG-001,Demo Nilgiris location A,11.41,76.69,Tamil Nadu,Nilgiris,2246.0,17.549813884833533,2024-09-15,2.018637657165528,2.691516876220703,5.383033752441406,11.5,76.75,DEMO,REAL_DERIVED_FROM_SRTM,REAL_DERIVED_FROM_IMD
DEMO-NLG-001,Demo Nilgiris location A,11.41,76.69,Tamil Nadu,Nilgiris,2246.0,17.549813884833533,2024-09-16,2.018637657165528,4.710154533386231,7.401671409606934,11.5,76.75,DEMO,REAL_DERIVED_FROM_SRTM,REAL_DERIVED_FROM_IMD
DEMO-NLG-001,Demo Nilgiris location A,11.41,76.69,Tamil Nadu,Nilgiris,2246.0,17.549813884833533,2024-09-17,5.383033752441406,9.42030906677246,12.111825942993164,11.5,76.75,DEMO,REAL_DERIVED_FROM_SRTM,REAL_DERIVED_FROM_IMD
DEMO-NLG-001,Demo Nilgiris location A,11.41,76.69,Tamil Nadu,Nilgiris,2246.0,17.549813884833533,2024-09-18,0.0,7.401671409606934,12.111825942993164,11.5,76.75,DEMO,REAL_DERIVED_FROM_SRTM,REAL_DERIVED_FROM_IMD
DEMO-NLG-001,Demo Nilgiris location A,11.41,76.69,Tamil Nadu,Nilgiris,2246.0,17.549813884833533,2024-09-19,0.0,5.383033752441406,10.093188285827637,11.5,76.75,DEMO,REAL_DERIVED_FROM_SRTM,REAL_DERIVED_FROM_IMD
DEMO-NLG-001,Demo Nilgiris location A,11.41,76.69,Tamil Nadu,Nilgiris,2246.0,17.549813884833533,2024-09-20,0.0,0.0,10.093188285827637,11.5,76.75,DEMO,REAL_DERIVED_FROM_SRTM,REAL_DERIVED_FROM_IMD
DEMO-NLG-001,Demo Nilgiris location A,11.41,76.69,Tamil Nadu,Nilgiris,2246.0,17.549813884833533,2024-09-21,0.0,0.0,9.42030906677246,11.5,76.75,DEMO,REAL_DERIVED_FROM_SRTM,REAL_DERIVED_FROM_IMD
DEMO-NLG-001,Demo Nilgiris location A,11.41,76.69,Tamil Nadu,Nilgiris,2246.0,17.549813884833533,2024-09-22,0.0,0.0,7.401671409606934,11.5,76.75,DEMO,REAL_DERIVED_FROM_SRTM,REAL_DERIVED_FROM_IMD
DEMO-NLG-001,Demo Nilgiris location A,11.41,76.69,Tamil Nadu,Nilgiris,2246.0,17.549813884833533,2024-09-23,0.0,0.0,5.383033752441406,11.5,76.75,DEMO,REAL_DERIVED_FROM_SRTM,REAL_DERIVED_FROM_IMD
DEMO-NLG-001,Demo Nilgiris location A,11.41,76.69,Tamil Nadu,Nilgiris,2246.0,17.549813884833533,2024-09-24,0.4828942120075226,0.4828942120075226,0.4828942120075226,11.5,76.75,DEMO,REAL_DERIVED_FROM_SRTM,REAL_DERIVED_FROM_IMD
DEMO-NLG-001,Demo Nilgiris location A,11.41,76.69,Tamil Nadu,Nilgiris,2246.0,17.549813884833533,2024-09-25,0.2828542292118072,0.7657484412193298,0.7657484412193298,11.5,76.75,DEMO,REAL_DERIVED_FROM_SRTM,REAL_DERIVED_FROM_IMD
DEMO-NLG-001,Demo Nilgiris location A,11.41,76.69,Tamil Nadu,Nilgiris,2246.0,17.549813884833533,2024-09-26,0.0,0.7657484412193298,0.7657484412193298,11.5,76.75,DEMO,REAL_DERIVED_FROM_SRTM,REAL_DERIVED_FROM_IMD
DEMO-NLG-001,Demo Nilgiris location A,11.41,76.69,Tamil Nadu,Nilgiris,2246.0,17.549813884833533,2024-09-27,0.3340031206607818,0.6168573498725891,1.0997515618801117,11.5,76.75,DEMO,REAL_DERIVED_FROM_SRTM,REAL_DERIVED_FROM_IMD
DEMO-NLG-001,Demo Nilgiris location A,11.41,76.69,Tamil Nadu,Nilgiris,2246.0,17.549813884833533,2024-09-28,0.1770664453506469,0.5110695660114288,1.276818007230759,11.5,76.75,DEMO,REAL_DERIVED_FROM_SRTM,REAL_DERIVED_FROM_IMD
DEMO-NLG-001,Demo Nilgiris location A,11.41,76.69,Tamil Nadu,Nilgiris,2246.0,17.549813884833533,2024-09-29,15.362366676330566,15.873436242341995,16.639184683561325,11.5,76.75,DEMO,REAL_DERIVED_FROM_SRTM,REAL_DERIVED_FROM_IMD
DEMO-NLG-001,Demo Nilgiris location A,11.41,76.69,Tamil Nadu,Nilgiris,2246.0,17.549813884833533,2024-09-30,23.57449722290039,39.1139303445816,40.21368190646172,11.5,76.75,DEMO,REAL_DERIVED_FROM_SRTM,REAL_DERIVED_FROM_IMD
DEMO-NLG-001,Demo Nilgiris location A,11.41,76.69,Tamil Nadu,Nilgiris,2246.0,17.549813884833533,2024-10-01,0.3863153457641601,39.32317924499512,40.11710304021835,11.5,76.75,DEMO,REAL_DERIVED_FROM_SRTM,REAL_DERIVED_FROM_IMD
DEMO-NLG-001,Demo Nilgiris location A,11.41,76.69,Tamil Nadu,Nilgiris,2246.0,17.549813884833533,2024-10-02,0.2828542292118072,24.24366679787636,40.11710304021835,11.5,76.75,DEMO,REAL_DERIVED_FROM_SRTM,REAL_DERIVED_FROM_IMD
DEMO-NLG-001,Demo Nilgiris location A,11.41,76.69,Tamil Nadu,Nilgiris,2246.0,17.549813884833533,2024-10-03,0.19315767288208,0.8623272478580475,40.31026071310043,11.5,76.75,DEMO,REAL_DERIVED_FROM_SRTM,REAL_DERIVED_FROM_IMD
DEMO-NLG-001,Demo Nilgiris location A,11.41,76.69,Tamil Nadu,Nilgiris,2246.0,17.549813884833533,2024-10-04,0.2897365093231201,0.7657484114170074,40.26599410176277,11.5,76.75,DEMO,REAL_DERIVED_FROM_SRTM,REAL_DERIVED_FROM_IMD
DEMO-NLG-001,Demo Nilgiris location A,11.41,76.69,Tamil Nadu,Nilgiris,2246.0,17.549813884833533,2024-10-05,1.9919817447662356,2.4748759269714355,42.08090940117836,11.5,76.75,DEMO,REAL_DERIVED_FROM_SRTM,REAL_DERIVED_FROM_IMD
DEMO-NLG-001,Demo Nilgiris location A,11.41,76.69,Tamil Nadu,Nilgiris,2246.0,17.549813884833533,2024-10-06,26.701248168945312,28.982966423034668,53.41979089379311,11.5,76.75,DEMO,REAL_DERIVED_FROM_SRTM,REAL_DERIVED_FROM_IMD
DEMO-NLG-001,Demo Nilgiris location A,11.41,76.69,Tamil Nadu,Nilgiris,2246.0,17.549813884833533,2024-10-07,7.014557838439941,35.70778775215149,36.85985150933266,11.5,76.75,DEMO,REAL_DERIVED_FROM_SRTM,REAL_DERIVED_FROM_IMD
DEMO-NLG-001,Demo Nilgiris location A,11.41,76.69,Tamil Nadu,Nilgiris,2246.0,17.549813884833533,2024-10-08,4.211685180664063,37.92749118804932,40.68522134423256,11.5,76.75,DEMO,REAL_DERIVED_FROM_SRTM,REAL_DERIVED_FROM_IMD
DEMO-NLG-001,Demo Nilgiris location A,11.41,76.69,Tamil Nadu,Nilgiris,2246.0,17.549813884833533,2024-10-09,6.726668357849121,17.952911376953125,47.12903547286987,11.5,76.75,DEMO,REAL_DERIVED_FROM_SRTM,REAL_DERIVED_FROM_IMD
DEMO-NLG-001,Demo Nilgiris location A,11.41,76.69,Tamil Nadu,Nilgiris,2246.0,17.549813884833533,2024-10-10,4.85502290725708,15.793376445770264,51.79090070724487,11.5,76.75,DEMO,REAL_DERIVED_FROM_SRTM,REAL_DERIVED_FROM_IMD
DEMO-NLG-001,Demo Nilgiris location A,11.41,76.69,Tamil Nadu,Nilgiris,2246.0,17.549813884833533,2024-10-11,24.261348724365234,35.84303998947144,75.76251292228699,11.5,76.75,DEMO,REAL_DERIVED_FROM_SRTM,REAL_DERIVED_FROM_IMD
DEMO-NLG-001,Demo Nilgiris location A,11.41,76.69,Tamil Nadu,Nilgiris,2246.0,17.549813884833533,2024-10-12,2.14084529876709,31.257216930389404,75.91137647628784,11.5,76.75,DEMO,REAL_DERIVED_FROM_SRTM,REAL_DERIVED_FROM_IMD
DEMO-NLG-001,Demo Nilgiris location A,11.41,76.69,Tamil Nadu,Nilgiris,2246.0,17.549813884833533,2024-10-13,17.81806182861328,44.220255851745605,67.02819013595581,11.5,76.75,DEMO,REAL_DERIVED_FROM_SRTM,REAL_DERIVED_FROM_IMD
DEMO-NLG-001,Demo Nilgiris location A,11.41,76.69,Tamil Nadu,Nilgiris,2246.0,17.549813884833533,2024-10-14,12.195595741271973,32.154502868652344,72.20922803878784,11.5,76.75,DEMO,REAL_DERIVED_FROM_SRTM,REAL_DERIVED_FROM_IMD
DEMO-NLG-001,Demo Nilgiris location A,11.41,76.69,Tamil Nadu,Nilgiris,2246.0,17.549813884833533,2024-10-15,16.665889739990234,46.67954730987549,84.66343259811401,11.5,76.75,DEMO,REAL_DERIVED_FROM_SRTM,REAL_DERIVED_FROM_IMD
DEMO-NLG-001,Demo Nilgiris location A,11.41,76.69,Tamil Nadu,Nilgiris,2246.0,17.549813884833533,2024-10-16,16.586259841918945,45.44774532318115,94.52302408218384,11.5,76.75,DEMO,REAL_DERIVED_FROM_SRTM,REAL_DERIVED_FROM_IMD
DEMO-NLG-001,Demo Nilgiris location A,11.41,76.69,Tamil Nadu,Nilgiris,2246.0,17.549813884833533,2024-10-17,5.496361255645752,38.74851083755493,95.16436243057252,11.5,76.75,DEMO,REAL_DERIVED_FROM_SRTM,REAL_DERIVED_FROM_IMD
DEMO-NLG-001,Demo Nilgiris location A,11.41,76.69,Tamil Nadu,Nilgiris,2246.0,17.549813884833533,2024-10-18,11.493674278259276,33.576295375823975,82.39668798446655,11.5,76.75,DEMO,REAL_DERIVED_FROM_SRTM,REAL_DERIVED_FROM_IMD
DEMO-NLG-001,Demo Nilgiris location A,11.41,76.69,Tamil Nadu,Nilgiris,2246.0,17.549813884833533,2024-10-19,6.333689689636231,23.32372522354126,86.5895323753357,11.5,76.75,DEMO,REAL_DERIVED_FROM_SRTM,REAL_DERIVED_FROM_IMD
DEMO-NLG-001,Demo Nilgiris location A,11.41,76.69,Tamil Nadu,Nilgiris,2246.0,17.549813884833533,2024-10-20,11.13662052154541,28.96398448944092,79.90809106826782,11.5,76.75,DEMO,REAL_DERIVED_FROM_SRTM,REAL_DERIVED_FROM_IMD
DEMO-NLG-001,Demo Nilgiris location A,11.41,76.69,Tamil Nadu,Nilgiris,2246.0,17.549813884833533,2024-10-21,20.20163345336914,37.67194366455078,87.91412878036499,11.5,76.75,DEMO,REAL_DERIVED_FROM_SRTM,REAL_DERIVED_FROM_IMD
DEMO-NLG-001,Demo Nilgiris location A,11.41,76.69,Tamil Nadu,Nilgiris,2246.0,17.549813884833533,2024-10-22,23.87820625305176,55.21646022796631,95.12644529342651,11.5,76.75,DEMO,REAL_DERIVED_FROM_SRTM,REAL_DERIVED_FROM_IMD
DEMO-NLG-001,Demo Nilgiris location A,11.41,76.69,Tamil Nadu,Nilgiris,2246.0,17.549813884833533,2024-10-23,20.24706268310547,64.32690238952637,98.78724813461304,11.5,76.75,DEMO,REAL_DERIVED_FROM_SRTM,REAL_DERIVED_FROM_IMD
DEMO-NLG-001,Demo Nilgiris location A,11.41,76.69,Tamil Nadu,Nilgiris,2246.0,17.549813884833533,2024-10-24,0.0,44.12526893615723,93.29088687896729,11.5,76.75,DEMO,REAL_DERIVED_FROM_SRTM,REAL_DERIVED_FROM_IMD
DEMO-NLG-001,Demo Nilgiris location A,11.41,76.69,Tamil Nadu,Nilgiris,2246.0,17.549813884833533,2024-10-25,6.438862323760986,26.68592500686645,88.236074924469,11.5,76.75,DEMO,REAL_DERIVED_FROM_SRTM,REAL_DERIVED_FROM_IMD
DEMO-NLG-001,Demo Nilgiris location A,11.41,76.69,Tamil Nadu,Nilgiris,2246.0,17.549813884833533,2024-10-26,12.954038619995115,19.392900943756104,94.85642385482788,11.5,76.75,DEMO,REAL_DERIVED_FROM_SRTM,REAL_DERIVED_FROM_IMD
DEMO-NLG-001,Demo Nilgiris location A,11.41,76.69,Tamil Nadu,Nilgiris,2246.0,17.549813884833533,2024-10-27,0.0,19.392900943756104,83.71980333328247,11.5,76.75,DEMO,REAL_DERIVED_FROM_SRTM,REAL_DERIVED_FROM_IMD
DEMO-NLG-001,Demo Nilgiris location A,11.41,76.69,Tamil Nadu,Nilgiris,2246.0,17.549813884833533,2024-10-28,0.0,12.954038619995115,63.51816987991333,11.5,76.75,DEMO,REAL_DERIVED_FROM_SRTM,REAL_DERIVED_FROM_IMD
DEMO-NLG-001,Demo Nilgiris location A,11.41,76.69,Tamil Nadu,Nilgiris,2246.0,17.549813884833533,2024-10-29,0.0,0.0,39.63996362686157,11.5,76.75,DEMO,REAL_DERIVED_FROM_SRTM,REAL_DERIVED_FROM_IMD
DEMO-NLG-001,Demo Nilgiris location A,11.41,76.69,Tamil Nadu,Nilgiris,2246.0,17.549813884833533,2024-10-30,0.0,0.0,19.392900943756104,11.5,76.75,DEMO,REAL_DERIVED_FROM_SRTM,REAL_DERIVED_FROM_IMD
DEMO-NLG-001,Demo Nilgiris location A,11.41,76.69,Tamil Nadu,Nilgiris,2246.0,17.549813884833533,2024-10-31,0.0,0.0,19.392900943756104,11.5,76.75,DEMO,REAL_DERIVED_FROM_SRTM,REAL_DERIVED_FROM_IMD
DEMO-NLG-001,Demo Nilgiris location A,11.41,76.69,Tamil Nadu,Nilgiris,2246.0,17.549813884833533,2024-11-01,6.36077880859375,6.36077880859375,19.314817428588867,11.5,76.75,DEMO,REAL_DERIVED_FROM_SRTM,REAL_DERIVED_FROM_IMD
DEMO-NLG-001,Demo Nilgiris location A,11.41,76.69,Tamil Nadu,Nilgiris,2246.0,17.549813884833533,2024-11-02,14.349248886108398,20.71002769470215,20.71002769470215,11.5,76.75,DEMO,REAL_DERIVED_FROM_SRTM,REAL_DERIVED_FROM_IMD
DEMO-NLG-001,Demo Nilgiris location A,11.41,76.69,Tamil Nadu,Nilgiris,2246.0,17.549813884833533,2024-11-03,44.682559967041016,65.39258766174316,65.39258766174316,11.5,76.75,DEMO,REAL_DERIVED_FROM_SRTM,REAL_DERIVED_FROM_IMD
DEMO-NLG-001,Demo Nilgiris location A,11.41,76.69,Tamil Nadu,Nilgiris,2246.0,17.549813884833533,2024-11-04,18.83730125427246,77.86911010742188,84.22988891601562,11.5,76.75,DEMO,REAL_DERIVED_FROM_SRTM,REAL_DERIVED_FROM_IMD
DEMO-NLG-001,Demo Nilgiris location A,11.41,76.69,Tamil Nadu,Nilgiris,2246.0,17.549813884833533,2024-11-05,6.673517227172852,70.19337844848633,90.90340614318848,11.5,76.75,DEMO,REAL_DERIVED_FROM_SRTM,REAL_DERIVED_FROM_IMD
DEMO-NLG-001,Demo Nilgiris location A,11.41,76.69,Tamil Nadu,Nilgiris,2246.0,17.549813884833533,2024-11-06,0.0,25.510818481445312,90.90340614318848,11.5,76.75,DEMO,REAL_DERIVED_FROM_SRTM,REAL_DERIVED_FROM_IMD
DEMO-NLG-001,Demo Nilgiris location A,11.41,76.69,Tamil Nadu,Nilgiris,2246.0,17.549813884833533,2024-11-07,0.0,6.673517227172852,90.90340614318848,11.5,76.75,DEMO,REAL_DERIVED_FROM_SRTM,REAL_DERIVED_FROM_IMD
DEMO-NLG-001,Demo Nilgiris location A,11.41,76.69,Tamil Nadu,Nilgiris,2246.0,17.549813884833533,2024-11-08,1.8700597286224363,1.8700597286224363,86.41268706321716,11.5,76.75,DEMO,REAL_DERIVED_FROM_SRTM,REAL_DERIVED_FROM_IMD
DEMO-NLG-001,Demo Nilgiris location A,11.41,76.69,Tamil Nadu,Nilgiris,2246.0,17.549813884833533,2024-11-09,0.0,1.8700597286224363,72.06343817710876,11.5,76.75,DEMO,REAL_DERIVED_FROM_SRTM,REAL_DERIVED_FROM_IMD
DEMO-NLG-001,Demo Nilgiris location A,11.41,76.69,Tamil Nadu,Nilgiris,2246.0,17.549813884833533,2024-11-10,0.0,1.8700597286224363,27.38087821006775,11.5,76.75,DEMO,REAL_DERIVED_FROM_SRTM,REAL_DERIVED_FROM_IMD
DEMO-NLG-001,Demo Nilgiris location A,11.41,76.69,Tamil Nadu,Nilgiris,2246.0,17.549813884833533,2024-11-11,0.234564796090126,0.234564796090126,8.778141751885414,11.5,76.75,DEMO,REAL_DERIVED_FROM_SRTM,REAL_DERIVED_FROM_IMD
DEMO-NLG-001,Demo Nilgiris location A,11.41,76.69,Tamil Nadu,Nilgiris,2246.0,17.549813884833533,2024-11-12,0.0,0.234564796090126,2.1046245247125626,11.5,76.75,DEMO,REAL_DERIVED_FROM_SRTM,REAL_DERIVED_FROM_IMD
DEMO-NLG-001,Demo Nilgiris location A,11.41,76.69,Tamil Nadu,Nilgiris,2246.0,17.549813884833533,2024-11-13,4.037275314331055,4.271840110421181,6.141899839043617,11.5,76.75,DEMO,REAL_DERIVED_FROM_SRTM,REAL_DERIVED_FROM_IMD
DEMO-NLG-001,Demo Nilgiris location A,11.41,76.69,Tamil Nadu,Nilgiris,2246.0,17.549813884833533,2024-11-14,0.7645850777626038,4.801860392093658,6.906484916806221,11.5,76.75,DEMO,REAL_DERIVED_FROM_SRTM,REAL_DERIVED_FROM_IMD
DEMO-NLG-001,Demo Nilgiris location A,11.41,76.69,Tamil Nadu,Nilgiris,2246.0,17.549813884833533,2024-11-15,2.4090850353240967,7.210945427417755,7.445510223507881,11.5,76.75,DEMO,REAL_DERIVED_FROM_SRTM,REAL_DERIVED_FROM_IMD
DEMO-NLG-001,Demo Nilgiris location A,11.41,76.69,Tamil Nadu,Nilgiris,2246.0,17.549813884833533,2024-11-16,7.531748294830322,10.705418407917024,14.977258518338203,11.5,76.75,DEMO,REAL_DERIVED_FROM_SRTM,REAL_DERIVED_FROM_IMD
DEMO-NLG-001,Demo Nilgiris location A,11.41,76.69,Tamil Nadu,Nilgiris,2246.0,17.549813884833533,2024-11-17,9.221647262573242,19.16248059272766,24.19890578091145,11.5,76.75,DEMO,REAL_DERIVED_FROM_SRTM,REAL_DERIVED_FROM_IMD
DEMO-NLG-001,Demo Nilgiris location A,11.41,76.69,Tamil Nadu,Nilgiris,2246.0,17.549813884833533,2024-11-18,3.344595193862915,20.09799075126648,27.308936178684235,11.5,76.75,DEMO,REAL_DERIVED_FROM_SRTM,REAL_DERIVED_FROM_IMD
DEMO-NLG-001,Demo Nilgiris location A,11.41,76.69,Tamil Nadu,Nilgiris,2246.0,17.549813884833533,2024-11-19,0.2414471060037613,12.80768956243992,27.550383284688,11.5,76.75,DEMO,REAL_DERIVED_FROM_SRTM,REAL_DERIVED_FROM_IMD
DEMO-NLG-001,Demo Nilgiris location A,11.41,76.69,Tamil Nadu,Nilgiris,2246.0,17.549813884833533,2024-11-20,0.0,3.5860422998666763,23.51310797035694,11.5,76.75,DEMO,REAL_DERIVED_FROM_SRTM,REAL_DERIVED_FROM_IMD
DEMO-NLG-001,Demo Nilgiris location A,11.41,76.69,Tamil Nadu,Nilgiris,2246.0,17.549813884833533,2024-11-21,0.0,0.2414471060037613,22.748522892594337,11.5,76.75,DEMO,REAL_DERIVED_FROM_SRTM,REAL_DERIVED_FROM_IMD
DEMO-NLG-001,Demo Nilgiris location A,11.41,76.69,Tamil Nadu,Nilgiris,2246.0,17.549813884833533,2024-11-22,0.0,0.0,20.33943785727024,11.5,76.75,DEMO,REAL_DERIVED_FROM_SRTM,REAL_DERIVED_FROM_IMD
DEMO-NLG-001,Demo Nilgiris location A,11.41,76.69,Tamil Nadu,Nilgiris,2246.0,17.549813884833533,2024-11-23,0.0,0.0,12.80768956243992,11.5,76.75,DEMO,REAL_DERIVED_FROM_SRTM,REAL_DERIVED_FROM_IMD
DEMO-NLG-001,Demo Nilgiris location A,11.41,76.69,Tamil Nadu,Nilgiris,2246.0,17.549813884833533,2024-11-24,0.0,0.0,3.5860422998666763,11.5,76.75,DEMO,REAL_DERIVED_FROM_SRTM,REAL_DERIVED_FROM_IMD
DEMO-NLG-001,Demo Nilgiris location A,11.41,76.69,Tamil Nadu,Nilgiris,2246.0,17.549813884833533,2024-11-25,0.0,0.0,0.2414471060037613,11.5,76.75,DEMO,REAL_DERIVED_FROM_SRTM,REAL_DERIVED_FROM_IMD
DEMO-NLG-001,Demo Nilgiris location A,11.41,76.69,Tamil Nadu,Nilgiris,2246.0,17.549813884833533,2024-11-26,0.0,0.0,0.0,11.5,76.75,DEMO,REAL_DERIVED_FROM_SRTM,REAL_DERIVED_FROM_IMD
DEMO-NLG-001,Demo Nilgiris location A,11.41,76.69,Tamil Nadu,Nilgiris,2246.0,17.549813884833533,2024-11-27,19.52969741821289,19.52969741821289,19.52969741821289,11.5,76.75,DEMO,REAL_DERIVED_FROM_SRTM,REAL_DERIVED_FROM_IMD
DEMO-NLG-001,Demo Nilgiris location A,11.41,76.69,Tamil Nadu,Nilgiris,2246.0,17.549813884833533,2024-11-28,1.3457584381103516,20.87545585632324,20.87545585632324,11.5,76.75,DEMO,REAL_DERIVED_FROM_SRTM,REAL_DERIVED_FROM_IMD
DEMO-NLG-001,Demo Nilgiris location A,11.41,76.69,Tamil Nadu,Nilgiris,2246.0,17.549813884833533,2024-11-29,0.0,20.87545585632324,20.87545585632324,11.5,76.75,DEMO,REAL_DERIVED_FROM_SRTM,REAL_DERIVED_FROM_IMD
DEMO-NLG-001,Demo Nilgiris location A,11.41,76.69,Tamil Nadu,Nilgiris,2246.0,17.549813884833533,2024-11-30,0.0,1.3457584381103516,20.87545585632324,11.5,76.75,DEMO,REAL_DERIVED_FROM_SRTM,REAL_DERIVED_FROM_IMD
DEMO-NLG-001,Demo Nilgiris location A,11.41,76.69,Tamil Nadu,Nilgiris,2246.0,17.549813884833533,2024-12-01,4.683471202850342,4.683471202850342,25.558927059173584,11.5,76.75,DEMO,REAL_DERIVED_FROM_SRTM,REAL_DERIVED_FROM_IMD
DEMO-NLG-001,Demo Nilgiris location A,11.41,76.69,Tamil Nadu,Nilgiris,2246.0,17.549813884833533,2024-12-02,47.93254852294922,52.61601972579956,73.4914755821228,11.5,76.75,DEMO,REAL_DERIVED_FROM_SRTM,REAL_DERIVED_FROM_IMD
DEMO-NLG-001,Demo Nilgiris location A,11.41,76.69,Tamil Nadu,Nilgiris,2246.0,17.549813884833533,2024-12-03,19.34300994873047,71.95902967453003,92.83448553085329,11.5,76.75,DEMO,REAL_DERIVED_FROM_SRTM,REAL_DERIVED_FROM_IMD
DEMO-NLG-001,Demo Nilgiris location A,11.41,76.69,Tamil Nadu,Nilgiris,2246.0,17.549813884833533,2024-12-04,11.752955436706545,79.02851390838623,85.05774354934692,11.5,76.75,DEMO,REAL_DERIVED_FROM_SRTM,REAL_DERIVED_FROM_IMD
DEMO-NLG-001,Demo Nilgiris location A,11.41,76.69,Tamil Nadu,Nilgiris,2246.0,17.549813884833533,2024-12-05,1.0348379611968994,32.13080334663391,84.74682307243347,11.5,76.75,DEMO,REAL_DERIVED_FROM_SRTM,REAL_DERIVED_FROM_IMD
DEMO-NLG-001,Demo Nilgiris location A,11.41,76.69,Tamil Nadu,Nilgiris,2246.0,17.549813884833533,2024-12-06,0.0,12.787793397903442,84.74682307243347,11.5,76.75,DEMO,REAL_DERIVED_FROM_SRTM,REAL_DERIVED_FROM_IMD
DEMO-NLG-001,Demo Nilgiris location A,11.41,76.69,Tamil Nadu,Nilgiris,2246.0,17.549813884833533,2024-12-07,0.0,1.0348379611968994,84.74682307243347,11.5,76.75,DEMO,REAL_DERIVED_FROM_SRTM,REAL_DERIVED_FROM_IMD
DEMO-NLG-001,Demo Nilgiris location A,11.41,76.69,Tamil Nadu,Nilgiris,2246.0,17.549813884833533,2024-12-08,0.0,0.0,80.06335186958313,11.5,76.75,DEMO,REAL_DERIVED_FROM_SRTM,REAL_DERIVED_FROM_IMD
DEMO-NLG-001,Demo Nilgiris location A,11.41,76.69,Tamil Nadu,Nilgiris,2246.0,17.549813884833533,2024-12-09,0.0,0.0,32.13080334663391,11.5,76.75,DEMO,REAL_DERIVED_FROM_SRTM,REAL_DERIVED_FROM_IMD
DEMO-NLG-001,Demo Nilgiris location A,11.41,76.69,Tamil Nadu,Nilgiris,2246.0,17.549813884833533,2024-12-10,0.0,0.0,12.787793397903442,11.5,76.75,DEMO,REAL_DERIVED_FROM_SRTM,REAL_DERIVED_FROM_IMD
DEMO-NLG-001,Demo Nilgiris location A,11.41,76.69,Tamil Nadu,Nilgiris,2246.0,17.549813884833533,2024-12-11,0.0,0.0,1.0348379611968994,11.5,76.75,DEMO,REAL_DERIVED_FROM_SRTM,REAL_DERIVED_FROM_IMD
DEMO-NLG-001,Demo Nilgiris location A,11.41,76.69,Tamil Nadu,Nilgiris,2246.0,17.549813884833533,2024-12-12,0.0,0.0,0.0,11.5,76.75,DEMO,REAL_DERIVED_FROM_SRTM,REAL_DERIVED_FROM_IMD
DEMO-NLG-001,Demo Nilgiris location A,11.41,76.69,Tamil Nadu,Nilgiris,2246.0,17.549813884833533,2024-12-13,16.737167358398438,16.737167358398438,16.737167358398438,11.5,76.75,DEMO,REAL_DERIVED_FROM_SRTM,REAL_DERIVED_FROM_IMD
DEMO-NLG-001,Demo Nilgiris location A,11.41,76.69,Tamil Nadu,Nilgiris,2246.0,17.549813884833533,2024-12-14,16.106430053710938,32.843597412109375,32.843597412109375,11.5,76.75,DEMO,REAL_DERIVED_FROM_SRTM,REAL_DERIVED_FROM_IMD
DEMO-NLG-001,Demo Nilgiris location A,11.41,76.69,Tamil Nadu,Nilgiris,2246.0,17.549813884833533,2024-12-15,0.2828542292118072,33.12645164132118,33.12645164132118,11.5,76.75,DEMO,REAL_DERIVED_FROM_SRTM,REAL_DERIVED_FROM_IMD
DEMO-NLG-001,Demo Nilgiris location A,11.41,76.69,Tamil Nadu,Nilgiris,2246.0,17.549813884833533,2024-12-16,0.0,16.389284282922745,33.12645164132118,11.5,76.75,DEMO,REAL_DERIVED_FROM_SRTM,REAL_DERIVED_FROM_IMD
DEMO-NLG-001,Demo Nilgiris location A,11.41,76.69,Tamil Nadu,Nilgiris,2246.0,17.549813884833533,2024-12-17,0.0,0.2828542292118072,33.12645164132118,11.5,76.75,DEMO,REAL_DERIVED_FROM_SRTM,REAL_DERIVED_FROM_IMD
DEMO-NLG-001,Demo Nilgiris location A,11.41,76.69,Tamil Nadu,Nilgiris,2246.0,17.549813884833533,2024-12-18,0.0,0.0,33.12645164132118,11.5,76.75,DEMO,REAL_DERIVED_FROM_SRTM,REAL_DERIVED_FROM_IMD
DEMO-NLG-001,Demo Nilgiris location A,11.41,76.69,Tamil Nadu,Nilgiris,2246.0,17.549813884833533,2024-12-19,0.0,0.0,33.12645164132118,11.5,76.75,DEMO,REAL_DERIVED_FROM_SRTM,REAL_DERIVED_FROM_IMD
DEMO-NLG-001,Demo Nilgiris location A,11.41,76.69,Tamil Nadu,Nilgiris,2246.0,17.549813884833533,2024-12-20,0.0,0.0,16.389284282922745,11.5,76.75,DEMO,REAL_DERIVED_FROM_SRTM,REAL_DERIVED_FROM_IMD
DEMO-NLG-001,Demo Nilgiris location A,11.41,76.69,Tamil Nadu,Nilgiris,2246.0,17.549813884833533,2024-12-21,0.0,0.0,0.2828542292118072,11.5,76.75,DEMO,REAL_DERIVED_FROM_SRTM,REAL_DERIVED_FROM_IMD
DEMO-NLG-001,Demo Nilgiris location A,11.41,76.69,Tamil Nadu,Nilgiris,2246.0,17.549813884833533,2024-12-22,0.0,0.0,0.0,11.5,76.75,DEMO,REAL_DERIVED_FROM_SRTM,REAL_DERIVED_FROM_IMD
DEMO-NLG-001,Demo Nilgiris location A,11.41,76.69,Tamil Nadu,Nilgiris,2246.0,17.549813884833533,2024-12-23,0.0,0.0,0.0,11.5,76.75,DEMO,REAL_DERIVED_FROM_SRTM,REAL_DERIVED_FROM_IMD
DEMO-NLG-001,Demo Nilgiris location A,11.41,76.69,Tamil Nadu,Nilgiris,2246.0,17.549813884833533,2024-12-24,0.0,0.0,0.0,11.5,76.75,DEMO,REAL_DERIVED_FROM_SRTM,REAL_DERIVED_FROM_IMD
DEMO-NLG-001,Demo Nilgiris location A,11.41,76.69,Tamil Nadu,Nilgiris,2246.0,17.549813884833533,2024-12-25,0.0,0.0,0.0,11.5,76.75,DEMO,REAL_DERIVED_FROM_SRTM,REAL_DERIVED_FROM_IMD
DEMO-NLG-001,Demo Nilgiris location A,11.41,76.69,Tamil Nadu,Nilgiris,2246.0,17.549813884833533,2024-12-26,0.0,0.0,0.0,11.5,76.75,DEMO,REAL_DERIVED_FROM_SRTM,REAL_DERIVED_FROM_IMD
DEMO-NLG-001,Demo Nilgiris location A,11.41,76.69,Tamil Nadu,Nilgiris,2246.0,17.549813884833533,2024-12-27,16.694042205810547,16.694042205810547,16.694042205810547,11.5,76.75,DEMO,REAL_DERIVED_FROM_SRTM,REAL_DERIVED_FROM_IMD
DEMO-NLG-001,Demo Nilgiris location A,11.41,76.69,Tamil Nadu,Nilgiris,2246.0,17.549813884833533,2024-12-28,1.3245744705200195,18.018616676330566,18.018616676330566,11.5,76.75,DEMO,REAL_DERIVED_FROM_SRTM,REAL_DERIVED_FROM_IMD
DEMO-NLG-001,Demo Nilgiris location A,11.41,76.69,Tamil Nadu,Nilgiris,2246.0,17.549813884833533,2024-12-29,0.0,18.018616676330566,18.018616676330566,11.5,76.75,DEMO,REAL_DERIVED_FROM_SRTM,REAL_DERIVED_FROM_IMD
DEMO-NLG-001,Demo Nilgiris location A,11.41,76.69,Tamil Nadu,Nilgiris,2246.0,17.549813884833533,2024-12-30,0.0,1.3245744705200195,18.018616676330566,11.5,76.75,DEMO,REAL_DERIVED_FROM_SRTM,REAL_DERIVED_FROM_IMD
DEMO-NLG-001,Demo Nilgiris location A,11.41,76.69,Tamil Nadu,Nilgiris,2246.0,17.549813884833533,2024-12-31,0.0,0.0,18.018616676330566,11.5,76.75,DEMO,REAL_DERIVED_FROM_SRTM,REAL_DERIVED_FROM_IMD
DEMO-NLG-002,Demo Nilgiris location B,11.42,76.7,Tamil Nadu,Nilgiris,2378.0,8.882979920444779,2024-01-01,0.0,,,11.5,76.75,DEMO,REAL_DERIVED_FROM_SRTM,REAL_DERIVED_FROM_IMD
DEMO-NLG-002,Demo Nilgiris location B,11.42,76.7,Tamil Nadu,Nilgiris,2378.0,8.882979920444779,2024-01-02,0.0,,,11.5,76.75,DEMO,REAL_DERIVED_FROM_SRTM,REAL_DERIVED_FROM_IMD
DEMO-NLG-002,Demo Nilgiris location B,11.42,76.7,Tamil Nadu,Nilgiris,2378.0,8.882979920444779,2024-01-03,0.0,0.0,,11.5,76.75,DEMO,REAL_DERIVED_FROM_SRTM,REAL_DERIVED_FROM_IMD
DEMO-NLG-002,Demo Nilgiris location B,11.42,76.7,Tamil Nadu,Nilgiris,2378.0,8.882979920444779,2024-01-04,6.9609198570251465,6.9609198570251465,,11.5,76.75,DEMO,REAL_DERIVED_FROM_SRTM,REAL_DERIVED_FROM_IMD
DEMO-NLG-002,Demo Nilgiris location B,11.42,76.7,Tamil Nadu,Nilgiris,2378.0,8.882979920444779,2024-01-05,9.0743408203125,16.035260677337646,,11.5,76.75,DEMO,REAL_DERIVED_FROM_SRTM,REAL_DERIVED_FROM_IMD
DEMO-NLG-002,Demo Nilgiris location B,11.42,76.7,Tamil Nadu,Nilgiris,2378.0,8.882979920444779,2024-01-06,2.268239498138428,18.303500175476078,,11.5,76.75,DEMO,REAL_DERIVED_FROM_SRTM,REAL_DERIVED_FROM_IMD
DEMO-NLG-002,Demo Nilgiris location B,11.42,76.7,Tamil Nadu,Nilgiris,2378.0,8.882979920444779,2024-01-07,1.611984372138977,12.954564690589905,19.91548454761505,11.5,76.75,DEMO,REAL_DERIVED_FROM_SRTM,REAL_DERIVED_FROM_IMD
DEMO-NLG-002,Demo Nilgiris location B,11.42,76.7,Tamil Nadu,Nilgiris,2378.0,8.882979920444779,2024-01-08,0.7508204579353333,4.631044328212738,20.666305005550385,11.5,76.75,DEMO,REAL_DERIVED_FROM_SRTM,REAL_DERIVED_FROM_IMD
DEMO-NLG-002,Demo Nilgiris location B,11.42,76.7,Tamil Nadu,Nilgiris,2378.0,8.882979920444779,2024-01-09,7.835325717926025,10.198130548000336,28.50163072347641,11.5,76.75,DEMO,REAL_DERIVED_FROM_SRTM,REAL_DERIVED_FROM_IMD
DEMO-NLG-002,Demo Nilgiris location B,11.42,76.7,Tamil Nadu,Nilgiris,2378.0,8.882979920444779,2024-01-10,15.92004680633545,24.506192982196808,44.42167752981186,11.5,76.75,DEMO,REAL_DERIVED_FROM_SRTM,REAL_DERIVED_FROM_IMD
DEMO-NLG-002,Demo Nilgiris location B,11.42,76.7,Tamil Nadu,Nilgiris,2378.0,8.882979920444779,2024-01-11,0.0,23.755372524261475,37.46075767278671,11.5,76.75,DEMO,REAL_DERIVED_FROM_SRTM,REAL_DERIVED_FROM_IMD
DEMO-NLG-002,Demo Nilgiris location B,11.42,76.7,Tamil Nadu,Nilgiris,2378.0,8.882979920444779,2024-01-12,0.0,15.92004680633545,28.386416852474213,11.5,76.75,DEMO,REAL_DERIVED_FROM_SRTM,REAL_DERIVED_FROM_IMD
DEMO-NLG-002,Demo Nilgiris location B,11.42,76.7,Tamil Nadu,Nilgiris,2378.0,8.882979920444779,2024-01-13,0.0,0.0,26.118177354335785,11.5,76.75,DEMO,REAL_DERIVED_FROM_SRTM,REAL_DERIVED_FROM_IMD
DEMO-NLG-002,Demo Nilgiris location B,11.42,76.7,Tamil Nadu,Nilgiris,2378.0,8.882979920444779,2024-01-14,0.0,0.0,24.506192982196808,11.5,76.75,DEMO,REAL_DERIVED_FROM_SRTM,REAL_DERIVED_FROM_IMD
DEMO-NLG-002,Demo Nilgiris location B,11.42,76.7,Tamil Nadu,Nilgiris,2378.0,8.882979920444779,2024-01-15,0.0,0.0,23.755372524261475,11.5,76.75,DEMO,REAL_DERIVED_FROM_SRTM,REAL_DERIVED_FROM_IMD
DEMO-NLG-002,Demo Nilgiris location B,11.42,76.7,Tamil Nadu,Nilgiris,2378.0,8.882979920444779,2024-01-16,0.0,0.0,15.92004680633545,11.5,76.75,DEMO,REAL_DERIVED_FROM_SRTM,REAL_DERIVED_FROM_IMD
DEMO-NLG-002,Demo Nilgiris location B,11.42,76.7,Tamil Nadu,Nilgiris,2378.0,8.882979920444779,2024-01-17,0.0,0.0,0.0,11.5,76.75,DEMO,REAL_DERIVED_FROM_SRTM,REAL_DERIVED_FROM_IMD
DEMO-NLG-002,Demo Nilgiris location B,11.42,76.7,Tamil Nadu,Nilgiris,2378.0,8.882979920444779,2024-01-18,0.0,0.0,0.0,11.5,76.75,DEMO,REAL_DERIVED_FROM_SRTM,REAL_DERIVED_FROM_IMD
DEMO-NLG-002,Demo Nilgiris location B,11.42,76.7,Tamil Nadu,Nilgiris,2378.0,8.882979920444779,2024-01-19,0.0,0.0,0.0,11.5,76.75,DEMO,REAL_DERIVED_FROM_SRTM,REAL_DERIVED_FROM_IMD
DEMO-NLG-002,Demo Nilgiris location B,11.42,76.7,Tamil Nadu,Nilgiris,2378.0,8.882979920444779,2024-01-20,0.0,0.0,0.0,11.5,76.75,DEMO,REAL_DERIVED_FROM_SRTM,REAL_DERIVED_FROM_IMD
DEMO-NLG-002,Demo Nilgiris location B,11.42,76.7,Tamil Nadu,Nilgiris,2378.0,8.882979920444779,2024-01-21,0.0,0.0,0.0,11.5,76.75,DEMO,REAL_DERIVED_FROM_SRTM,REAL_DERIVED_FROM_IMD
DEMO-NLG-002,Demo Nilgiris location B,11.42,76.7,Tamil Nadu,Nilgiris,2378.0,8.882979920444779,2024-01-22,0.0,0.0,0.0,11.5,76.75,DEMO,REAL_DERIVED_FROM_SRTM,REAL_DERIVED_FROM_IMD
DEMO-NLG-002,Demo Nilgiris location B,11.42,76.7,Tamil Nadu,Nilgiris,2378.0,8.882979920444779,2024-01-23,0.0,0.0,0.0,11.5,76.75,DEMO,REAL_DERIVED_FROM_SRTM,REAL_DERIVED_FROM_IMD
DEMO-NLG-002,Demo Nilgiris location B,11.42,76.7,Tamil Nadu,Nilgiris,2378.0,8.882979920444779,2024-01-24,0.0,0.0,0.0,11.5,76.75,DEMO,REAL_DERIVED_FROM_SRTM,REAL_DERIVED_FROM_IMD
DEMO-NLG-002,Demo Nilgiris location B,11.42,76.7,Tamil Nadu,Nilgiris,2378.0,8.882979920444779,2024-01-25,0.0,0.0,0.0,11.5,76.75,DEMO,REAL_DERIVED_FROM_SRTM,REAL_DERIVED_FROM_IMD
DEMO-NLG-002,Demo Nilgiris location B,11.42,76.7,Tamil Nadu,Nilgiris,2378.0,8.882979920444779,2024-01-26,0.0,0.0,0.0,11.5,76.75,DEMO,REAL_DERIVED_FROM_SRTM,REAL_DERIVED_FROM_IMD
DEMO-NLG-002,Demo Nilgiris location B,11.42,76.7,Tamil Nadu,Nilgiris,2378.0,8.882979920444779,2024-01-27,0.0,0.0,0.0,11.5,76.75,DEMO,REAL_DERIVED_FROM_SRTM,REAL_DERIVED_FROM_IMD
DEMO-NLG-002,Demo Nilgiris location B,11.42,76.7,Tamil Nadu,Nilgiris,2378.0,8.882979920444779,2024-01-28,0.0,0.0,0.0,11.5,76.75,DEMO,REAL_DERIVED_FROM_SRTM,REAL_DERIVED_FROM_IMD
DEMO-NLG-002,Demo Nilgiris location B,11.42,76.7,Tamil Nadu,Nilgiris,2378.0,8.882979920444779,2024-01-29,0.0,0.0,0.0,11.5,76.75,DEMO,REAL_DERIVED_FROM_SRTM,REAL_DERIVED_FROM_IMD
DEMO-NLG-002,Demo Nilgiris location B,11.42,76.7,Tamil Nadu,Nilgiris,2378.0,8.882979920444779,2024-01-30,0.0,0.0,0.0,11.5,76.75,DEMO,REAL_DERIVED_FROM_SRTM,REAL_DERIVED_FROM_IMD
DEMO-NLG-002,Demo Nilgiris location B,11.42,76.7,Tamil Nadu,Nilgiris,2378.0,8.882979920444779,2024-01-31,0.0,0.0,0.0,11.5,76.75,DEMO,REAL_DERIVED_FROM_SRTM,REAL_DERIVED_FROM_IMD
DEMO-NLG-002,Demo Nilgiris location B,11.42,76.7,Tamil Nadu,Nilgiris,2378.0,8.882979920444779,2024-02-01,0.0,0.0,0.0,11.5,76.75,DEMO,REAL_DERIVED_FROM_SRTM,REAL_DERIVED_FROM_IMD
DEMO-NLG-002,Demo Nilgiris location B,11.42,76.7,Tamil Nadu,Nilgiris,2378.0,8.882979920444779,2024-02-02,0.0,0.0,0.0,11.5,76.75,DEMO,REAL_DERIVED_FROM_SRTM,REAL_DERIVED_FROM_IMD
DEMO-NLG-002,Demo Nilgiris location B,11.42,76.7,Tamil Nadu,Nilgiris,2378.0,8.882979920444779,2024-02-03,0.0,0.0,0.0,11.5,76.75,DEMO,REAL_DERIVED_FROM_SRTM,REAL_DERIVED_FROM_IMD
DEMO-NLG-002,Demo Nilgiris location B,11.42,76.7,Tamil Nadu,Nilgiris,2378.0,8.882979920444779,2024-02-04,0.0,0.0,0.0,11.5,76.75,DEMO,REAL_DERIVED_FROM_SRTM,REAL_DERIVED_FROM_IMD
DEMO-NLG-002,Demo Nilgiris location B,11.42,76.7,Tamil Nadu,Nilgiris,2378.0,8.882979920444779,2024-02-05,0.0,0.0,0.0,11.5,76.75,DEMO,REAL_DERIVED_FROM_SRTM,REAL_DERIVED_FROM_IMD
DEMO-NLG-002,Demo Nilgiris location B,11.42,76.7,Tamil Nadu,Nilgiris,2378.0,8.882979920444779,2024-02-06,0.0,0.0,0.0,11.5,76.75,DEMO,REAL_DERIVED_FROM_SRTM,REAL_DERIVED_FROM_IMD
DEMO-NLG-002,Demo Nilgiris location B,11.42,76.7,Tamil Nadu,Nilgiris,2378.0,8.882979920444779,2024-02-07,0.0,0.0,0.0,11.5,76.75,DEMO,REAL_DERIVED_FROM_SRTM,REAL_DERIVED_FROM_IMD
DEMO-NLG-002,Demo Nilgiris location B,11.42,76.7,Tamil Nadu,Nilgiris,2378.0,8.882979920444779,2024-02-08,0.0,0.0,0.0,11.5,76.75,DEMO,REAL_DERIVED_FROM_SRTM,REAL_DERIVED_FROM_IMD
DEMO-NLG-002,Demo Nilgiris location B,11.42,76.7,Tamil Nadu,Nilgiris,2378.0,8.882979920444779,2024-02-09,0.0,0.0,0.0,11.5,76.75,DEMO,REAL_DERIVED_FROM_SRTM,REAL_DERIVED_FROM_IMD
DEMO-NLG-002,Demo Nilgiris location B,11.42,76.7,Tamil Nadu,Nilgiris,2378.0,8.882979920444779,2024-02-10,0.0,0.0,0.0,11.5,76.75,DEMO,REAL_DERIVED_FROM_SRTM,REAL_DERIVED_FROM_IMD
DEMO-NLG-002,Demo Nilgiris location B,11.42,76.7,Tamil Nadu,Nilgiris,2378.0,8.882979920444779,2024-02-11,0.0,0.0,0.0,11.5,76.75,DEMO,REAL_DERIVED_FROM_SRTM,REAL_DERIVED_FROM_IMD
DEMO-NLG-002,Demo Nilgiris location B,11.42,76.7,Tamil Nadu,Nilgiris,2378.0,8.882979920444779,2024-02-12,0.0,0.0,0.0,11.5,76.75,DEMO,REAL_DERIVED_FROM_SRTM,REAL_DERIVED_FROM_IMD
DEMO-NLG-002,Demo Nilgiris location B,11.42,76.7,Tamil Nadu,Nilgiris,2378.0,8.882979920444779,2024-02-13,0.0,0.0,0.0,11.5,76.75,DEMO,REAL_DERIVED_FROM_SRTM,REAL_DERIVED_FROM_IMD
DEMO-NLG-002,Demo Nilgiris location B,11.42,76.7,Tamil Nadu,Nilgiris,2378.0,8.882979920444779,2024-02-14,0.0,0.0,0.0,11.5,76.75,DEMO,REAL_DERIVED_FROM_SRTM,REAL_DERIVED_FROM_IMD
DEMO-NLG-002,Demo Nilgiris location B,11.42,76.7,Tamil Nadu,Nilgiris,2378.0,8.882979920444779,2024-02-15,0.0,0.0,0.0,11.5,76.75,DEMO,REAL_DERIVED_FROM_SRTM,REAL_DERIVED_FROM_IMD
DEMO-NLG-002,Demo Nilgiris location B,11.42,76.7,Tamil Nadu,Nilgiris,2378.0,8.882979920444779,2024-02-16,0.0,0.0,0.0,11.5,76.75,DEMO,REAL_DERIVED_FROM_SRTM,REAL_DERIVED_FROM_IMD
DEMO-NLG-002,Demo Nilgiris location B,11.42,76.7,Tamil Nadu,Nilgiris,2378.0,8.882979920444779,2024-02-17,0.0,0.0,0.0,11.5,76.75,DEMO,REAL_DERIVED_FROM_SRTM,REAL_DERIVED_FROM_IMD
DEMO-NLG-002,Demo Nilgiris location B,11.42,76.7,Tamil Nadu,Nilgiris,2378.0,8.882979920444779,2024-02-18,0.0,0.0,0.0,11.5,76.75,DEMO,REAL_DERIVED_FROM_SRTM,REAL_DERIVED_FROM_IMD
DEMO-NLG-002,Demo Nilgiris location B,11.42,76.7,Tamil Nadu,Nilgiris,2378.0,8.882979920444779,2024-02-19,0.0,0.0,0.0,11.5,76.75,DEMO,REAL_DERIVED_FROM_SRTM,REAL_DERIVED_FROM_IMD
DEMO-NLG-002,Demo Nilgiris location B,11.42,76.7,Tamil Nadu,Nilgiris,2378.0,8.882979920444779,2024-02-20,0.0,0.0,0.0,11.5,76.75,DEMO,REAL_DERIVED_FROM_SRTM,REAL_DERIVED_FROM_IMD
DEMO-NLG-002,Demo Nilgiris location B,11.42,76.7,Tamil Nadu,Nilgiris,2378.0,8.882979920444779,2024-02-21,0.0,0.0,0.0,11.5,76.75,DEMO,REAL_DERIVED_FROM_SRTM,REAL_DERIVED_FROM_IMD
DEMO-NLG-002,Demo Nilgiris location B,11.42,76.7,Tamil Nadu,Nilgiris,2378.0,8.882979920444779,2024-02-22,0.0,0.0,0.0,11.5,76.75,DEMO,REAL_DERIVED_FROM_SRTM,REAL_DERIVED_FROM_IMD
DEMO-NLG-002,Demo Nilgiris location B,11.42,76.7,Tamil Nadu,Nilgiris,2378.0,8.882979920444779,2024-02-23,0.0,0.0,0.0,11.5,76.75,DEMO,REAL_DERIVED_FROM_SRTM,REAL_DERIVED_FROM_IMD
DEMO-NLG-002,Demo Nilgiris location B,11.42,76.7,Tamil Nadu,Nilgiris,2378.0,8.882979920444779,2024-02-24,0.0,0.0,0.0,11.5,76.75,DEMO,REAL_DERIVED_FROM_SRTM,REAL_DERIVED_FROM_IMD
DEMO-NLG-002,Demo Nilgiris location B,11.42,76.7,Tamil Nadu,Nilgiris,2378.0,8.882979920444779,2024-02-25,0.0,0.0,0.0,11.5,76.75,DEMO,REAL_DERIVED_FROM_SRTM,REAL_DERIVED_FROM_IMD
DEMO-NLG-002,Demo Nilgiris location B,11.42,76.7,Tamil Nadu,Nilgiris,2378.0,8.882979920444779,2024-02-26,0.0,0.0,0.0,11.5,76.75,DEMO,REAL_DERIVED_FROM_SRTM,REAL_DERIVED_FROM_IMD
DEMO-NLG-002,Demo Nilgiris location B,11.42,76.7,Tamil Nadu,Nilgiris,2378.0,8.882979920444779,2024-02-27,0.0,0.0,0.0,11.5,76.75,DEMO,REAL_DERIVED_FROM_SRTM,REAL_DERIVED_FROM_IMD
DEMO-NLG-002,Demo Nilgiris location B,11.42,76.7,Tamil Nadu,Nilgiris,2378.0,8.882979920444779,2024-02-28,0.0,0.0,0.0,11.5,76.75,DEMO,REAL_DERIVED_FROM_SRTM,REAL_DERIVED_FROM_IMD
DEMO-NLG-002,Demo Nilgiris location B,11.42,76.7,Tamil Nadu,Nilgiris,2378.0,8.882979920444779,2024-02-29,0.0,0.0,0.0,11.5,76.75,DEMO,REAL_DERIVED_FROM_SRTM,REAL_DERIVED_FROM_IMD
DEMO-NLG-002,Demo Nilgiris location B,11.42,76.7,Tamil Nadu,Nilgiris,2378.0,8.882979920444779,2024-03-01,0.0,0.0,0.0,11.5,76.75,DEMO,REAL_DERIVED_FROM_SRTM,REAL_DERIVED_FROM_IMD
DEMO-NLG-002,Demo Nilgiris location B,11.42,76.7,Tamil Nadu,Nilgiris,2378.0,8.882979920444779,2024-03-02,0.0,0.0,0.0,11.5,76.75,DEMO,REAL_DERIVED_FROM_SRTM,REAL_DERIVED_FROM_IMD
DEMO-NLG-002,Demo Nilgiris location B,11.42,76.7,Tamil Nadu,Nilgiris,2378.0,8.882979920444779,2024-03-03,0.0,0.0,0.0,11.5,76.75,DEMO,REAL_DERIVED_FROM_SRTM,REAL_DERIVED_FROM_IMD
DEMO-NLG-002,Demo Nilgiris location B,11.42,76.7,Tamil Nadu,Nilgiris,2378.0,8.882979920444779,2024-03-04,0.0,0.0,0.0,11.5,76.75,DEMO,REAL_DERIVED_FROM_SRTM,REAL_DERIVED_FROM_IMD
DEMO-NLG-002,Demo Nilgiris location B,11.42,76.7,Tamil Nadu,Nilgiris,2378.0,8.882979920444779,2024-03-05,0.0,0.0,0.0,11.5,76.75,DEMO,REAL_DERIVED_FROM_SRTM,REAL_DERIVED_FROM_IMD
DEMO-NLG-002,Demo Nilgiris location B,11.42,76.7,Tamil Nadu,Nilgiris,2378.0,8.882979920444779,2024-03-06,0.0,0.0,0.0,11.5,76.75,DEMO,REAL_DERIVED_FROM_SRTM,REAL_DERIVED_FROM_IMD
DEMO-NLG-002,Demo Nilgiris location B,11.42,76.7,Tamil Nadu,Nilgiris,2378.0,8.882979920444779,2024-03-07,0.0,0.0,0.0,11.5,76.75,DEMO,REAL_DERIVED_FROM_SRTM,REAL_DERIVED_FROM_IMD
DEMO-NLG-002,Demo Nilgiris location B,11.42,76.7,Tamil Nadu,Nilgiris,2378.0,8.882979920444779,2024-03-08,0.0,0.0,0.0,11.5,76.75,DEMO,REAL_DERIVED_FROM_SRTM,REAL_DERIVED_FROM_IMD
DEMO-NLG-002,Demo Nilgiris location B,11.42,76.7,Tamil Nadu,Nilgiris,2378.0,8.882979920444779,2024-03-09,0.0,0.0,0.0,11.5,76.75,DEMO,REAL_DERIVED_FROM_SRTM,REAL_DERIVED_FROM_IMD
DEMO-NLG-002,Demo Nilgiris location B,11.42,76.7,Tamil Nadu,Nilgiris,2378.0,8.882979920444779,2024-03-10,0.0,0.0,0.0,11.5,76.75,DEMO,REAL_DERIVED_FROM_SRTM,REAL_DERIVED_FROM_IMD
DEMO-NLG-002,Demo Nilgiris location B,11.42,76.7,Tamil Nadu,Nilgiris,2378.0,8.882979920444779,2024-03-11,0.0,0.0,0.0,11.5,76.75,DEMO,REAL_DERIVED_FROM_SRTM,REAL_DERIVED_FROM_IMD
DEMO-NLG-002,Demo Nilgiris location B,11.42,76.7,Tamil Nadu,Nilgiris,2378.0,8.882979920444779,2024-03-12,0.0,0.0,0.0,11.5,76.75,DEMO,REAL_DERIVED_FROM_SRTM,REAL_DERIVED_FROM_IMD
DEMO-NLG-002,Demo Nilgiris location B,11.42,76.7,Tamil Nadu,Nilgiris,2378.0,8.882979920444779,2024-03-13,0.0,0.0,0.0,11.5,76.75,DEMO,REAL_DERIVED_FROM_SRTM,REAL_DERIVED_FROM_IMD
DEMO-NLG-002,Demo Nilgiris location B,11.42,76.7,Tamil Nadu,Nilgiris,2378.0,8.882979920444779,2024-03-14,0.0,0.0,0.0,11.5,76.75,DEMO,REAL_DERIVED_FROM_SRTM,REAL_DERIVED_FROM_IMD
DEMO-NLG-002,Demo Nilgiris location B,11.42,76.7,Tamil Nadu,Nilgiris,2378.0,8.882979920444779,2024-03-15,0.0,0.0,0.0,11.5,76.75,DEMO,REAL_DERIVED_FROM_SRTM,REAL_DERIVED_FROM_IMD
DEMO-NLG-002,Demo Nilgiris location B,11.42,76.7,Tamil Nadu,Nilgiris,2378.0,8.882979920444779,2024-03-16,0.0,0.0,0.0,11.5,76.75,DEMO,REAL_DERIVED_FROM_SRTM,REAL_DERIVED_FROM_IMD
DEMO-NLG-002,Demo Nilgiris location B,11.42,76.7,Tamil Nadu,Nilgiris,2378.0,8.882979920444779,2024-03-17,0.0,0.0,0.0,11.5,76.75,DEMO,REAL_DERIVED_FROM_SRTM,REAL_DERIVED_FROM_IMD
DEMO-NLG-002,Demo Nilgiris location B,11.42,76.7,Tamil Nadu,Nilgiris,2378.0,8.882979920444779,2024-03-18,0.0,0.0,0.0,11.5,76.75,DEMO,REAL_DERIVED_FROM_SRTM,REAL_DERIVED_FROM_IMD
DEMO-NLG-002,Demo Nilgiris location B,11.42,76.7,Tamil Nadu,Nilgiris,2378.0,8.882979920444779,2024-03-19,0.0,0.0,0.0,11.5,76.75,DEMO,REAL_DERIVED_FROM_SRTM,REAL_DERIVED_FROM_IMD
DEMO-NLG-002,Demo Nilgiris location B,11.42,76.7,Tamil Nadu,Nilgiris,2378.0,8.882979920444779,2024-03-20,0.0,0.0,0.0,11.5,76.75,DEMO,REAL_DERIVED_FROM_SRTM,REAL_DERIVED_FROM_IMD
DEMO-NLG-002,Demo Nilgiris location B,11.42,76.7,Tamil Nadu,Nilgiris,2378.0,8.882979920444779,2024-03-21,0.0,0.0,0.0,11.5,76.75,DEMO,REAL_DERIVED_FROM_SRTM,REAL_DERIVED_FROM_IMD
DEMO-NLG-002,Demo Nilgiris location B,11.42,76.7,Tamil Nadu,Nilgiris,2378.0,8.882979920444779,2024-03-22,0.0,0.0,0.0,11.5,76.75,DEMO,REAL_DERIVED_FROM_SRTM,REAL_DERIVED_FROM_IMD
DEMO-NLG-002,Demo Nilgiris location B,11.42,76.7,Tamil Nadu,Nilgiris,2378.0,8.882979920444779,2024-03-23,0.3259575068950653,0.3259575068950653,0.3259575068950653,11.5,76.75,DEMO,REAL_DERIVED_FROM_SRTM,REAL_DERIVED_FROM_IMD
DEMO-NLG-002,Demo Nilgiris location B,11.42,76.7,Tamil Nadu,Nilgiris,2378.0,8.882979920444779,2024-03-24,0.0,0.3259575068950653,0.3259575068950653,11.5,76.75,DEMO,REAL_DERIVED_FROM_SRTM,REAL_DERIVED_FROM_IMD
DEMO-NLG-002,Demo Nilgiris location B,11.42,76.7,Tamil Nadu,Nilgiris,2378.0,8.882979920444779,2024-03-25,0.0,0.3259575068950653,0.3259575068950653,11.5,76.75,DEMO,REAL_DERIVED_FROM_SRTM,REAL_DERIVED_FROM_IMD
DEMO-NLG-002,Demo Nilgiris location B,11.42,76.7,Tamil Nadu,Nilgiris,2378.0,8.882979920444779,2024-03-26,0.0,0.0,0.3259575068950653,11.5,76.75,DEMO,REAL_DERIVED_FROM_SRTM,REAL_DERIVED_FROM_IMD
DEMO-NLG-002,Demo Nilgiris location B,11.42,76.7,Tamil Nadu,Nilgiris,2378.0,8.882979920444779,2024-03-27,0.0,0.0,0.3259575068950653,11.5,76.75,DEMO,REAL_DERIVED_FROM_SRTM,REAL_DERIVED_FROM_IMD
DEMO-NLG-002,Demo Nilgiris location B,11.42,76.7,Tamil Nadu,Nilgiris,2378.0,8.882979920444779,2024-03-28,0.0,0.0,0.3259575068950653,11.5,76.75,DEMO,REAL_DERIVED_FROM_SRTM,REAL_DERIVED_FROM_IMD
DEMO-NLG-002,Demo Nilgiris location B,11.42,76.7,Tamil Nadu,Nilgiris,2378.0,8.882979920444779,2024-03-29,0.0,0.0,0.3259575068950653,11.5,76.75,DEMO,REAL_DERIVED_FROM_SRTM,REAL_DERIVED_FROM_IMD
DEMO-NLG-002,Demo Nilgiris location B,11.42,76.7,Tamil Nadu,Nilgiris,2378.0,8.882979920444779,2024-03-30,0.0,0.0,0.0,11.5,76.75,DEMO,REAL_DERIVED_FROM_SRTM,REAL_DERIVED_FROM_IMD
DEMO-NLG-002,Demo Nilgiris location B,11.42,76.7,Tamil Nadu,Nilgiris,2378.0,8.882979920444779,2024-03-31,0.0,0.0,0.0,11.5,76.75,DEMO,REAL_DERIVED_FROM_SRTM,REAL_DERIVED_FROM_IMD
DEMO-NLG-002,Demo Nilgiris location B,11.42,76.7,Tamil Nadu,Nilgiris,2378.0,8.882979920444779,2024-04-01,0.0,0.0,0.0,11.5,76.75,DEMO,REAL_DERIVED_FROM_SRTM,REAL_DERIVED_FROM_IMD
DEMO-NLG-002,Demo Nilgiris location B,11.42,76.7,Tamil Nadu,Nilgiris,2378.0,8.882979920444779,2024-04-02,0.0,0.0,0.0,11.5,76.75,DEMO,REAL_DERIVED_FROM_SRTM,REAL_DERIVED_FROM_IMD
DEMO-NLG-002,Demo Nilgiris location B,11.42,76.7,Tamil Nadu,Nilgiris,2378.0,8.882979920444779,2024-04-03,0.0,0.0,0.0,11.5,76.75,DEMO,REAL_DERIVED_FROM_SRTM,REAL_DERIVED_FROM_IMD
DEMO-NLG-002,Demo Nilgiris location B,11.42,76.7,Tamil Nadu,Nilgiris,2378.0,8.882979920444779,2024-04-04,0.0,0.0,0.0,11.5,76.75,DEMO,REAL_DERIVED_FROM_SRTM,REAL_DERIVED_FROM_IMD
DEMO-NLG-002,Demo Nilgiris location B,11.42,76.7,Tamil Nadu,Nilgiris,2378.0,8.882979920444779,2024-04-05,0.0,0.0,0.0,11.5,76.75,DEMO,REAL_DERIVED_FROM_SRTM,REAL_DERIVED_FROM_IMD
DEMO-NLG-002,Demo Nilgiris location B,11.42,76.7,Tamil Nadu,Nilgiris,2378.0,8.882979920444779,2024-04-06,0.0,0.0,0.0,11.5,76.75,DEMO,REAL_DERIVED_FROM_SRTM,REAL_DERIVED_FROM_IMD
DEMO-NLG-002,Demo Nilgiris location B,11.42,76.7,Tamil Nadu,Nilgiris,2378.0,8.882979920444779,2024-04-07,0.0,0.0,0.0,11.5,76.75,DEMO,REAL_DERIVED_FROM_SRTM,REAL_DERIVED_FROM_IMD
DEMO-NLG-002,Demo Nilgiris location B,11.42,76.7,Tamil Nadu,Nilgiris,2378.0,8.882979920444779,2024-04-08,0.0,0.0,0.0,11.5,76.75,DEMO,REAL_DERIVED_FROM_SRTM,REAL_DERIVED_FROM_IMD
DEMO-NLG-002,Demo Nilgiris location B,11.42,76.7,Tamil Nadu,Nilgiris,2378.0,8.882979920444779,2024-04-09,0.0,0.0,0.0,11.5,76.75,DEMO,REAL_DERIVED_FROM_SRTM,REAL_DERIVED_FROM_IMD
DEMO-NLG-002,Demo Nilgiris location B,11.42,76.7,Tamil Nadu,Nilgiris,2378.0,8.882979920444779,2024-04-10,0.0,0.0,0.0,11.5,76.75,DEMO,REAL_DERIVED_FROM_SRTM,REAL_DERIVED_FROM_IMD
DEMO-NLG-002,Demo Nilgiris location B,11.42,76.7,Tamil Nadu,Nilgiris,2378.0,8.882979920444779,2024-04-11,0.0,0.0,0.0,11.5,76.75,DEMO,REAL_DERIVED_FROM_SRTM,REAL_DERIVED_FROM_IMD
DEMO-NLG-002,Demo Nilgiris location B,11.42,76.7,Tamil Nadu,Nilgiris,2378.0,8.882979920444779,2024-04-12,13.7274751663208,13.7274751663208,13.7274751663208,11.5,76.75,DEMO,REAL_DERIVED_FROM_SRTM,REAL_DERIVED_FROM_IMD
DEMO-NLG-002,Demo Nilgiris location B,11.42,76.7,Tamil Nadu,Nilgiris,2378.0,8.882979920444779,2024-04-13,5.897041320800781,19.624516487121586,19.624516487121586,11.5,76.75,DEMO,REAL_DERIVED_FROM_SRTM,REAL_DERIVED_FROM_IMD
DEMO-NLG-002,Demo Nilgiris location B,11.42,76.7,Tamil Nadu,Nilgiris,2378.0,8.882979920444779,2024-04-14,1.2279956340789795,20.85251212120056,20.85251212120056,11.5,76.75,DEMO,REAL_DERIVED_FROM_SRTM,REAL_DERIVED_FROM_IMD
DEMO-NLG-002,Demo Nilgiris location B,11.42,76.7,Tamil Nadu,Nilgiris,2378.0,8.882979920444779,2024-04-15,0.0,7.125036954879761,20.85251212120056,11.5,76.75,DEMO,REAL_DERIVED_FROM_SRTM,REAL_DERIVED_FROM_IMD
DEMO-NLG-002,Demo Nilgiris location B,11.42,76.7,Tamil Nadu,Nilgiris,2378.0,8.882979920444779,2024-04-16,0.0,1.2279956340789795,20.85251212120056,11.5,76.75,DEMO,REAL_DERIVED_FROM_SRTM,REAL_DERIVED_FROM_IMD
DEMO-NLG-002,Demo Nilgiris location B,11.42,76.7,Tamil Nadu,Nilgiris,2378.0,8.882979920444779,2024-04-17,0.0,0.0,20.85251212120056,11.5,76.75,DEMO,REAL_DERIVED_FROM_SRTM,REAL_DERIVED_FROM_IMD
DEMO-NLG-002,Demo Nilgiris location B,11.42,76.7,Tamil Nadu,Nilgiris,2378.0,8.882979920444779,2024-04-18,0.0,0.0,20.85251212120056,11.5,76.75,DEMO,REAL_DERIVED_FROM_SRTM,REAL_DERIVED_FROM_IMD
DEMO-NLG-002,Demo Nilgiris location B,11.42,76.7,Tamil Nadu,Nilgiris,2378.0,8.882979920444779,2024-04-19,0.0,0.0,7.125036954879761,11.5,76.75,DEMO,REAL_DERIVED_FROM_SRTM,REAL_DERIVED_FROM_IMD
DEMO-NLG-002,Demo Nilgiris location B,11.42,76.7,Tamil Nadu,Nilgiris,2378.0,8.882979920444779,2024-04-20,0.0,0.0,1.2279956340789795,11.5,76.75,DEMO,REAL_DERIVED_FROM_SRTM,REAL_DERIVED_FROM_IMD
DEMO-NLG-002,Demo Nilgiris location B,11.42,76.7,Tamil Nadu,Nilgiris,2378.0,8.882979920444779,2024-04-21,0.0,0.0,0.0,11.5,76.75,DEMO,REAL_DERIVED_FROM_SRTM,REAL_DERIVED_FROM_IMD
DEMO-NLG-002,Demo Nilgiris location B,11.42,76.7,Tamil Nadu,Nilgiris,2378.0,8.882979920444779,2024-04-22,0.0,0.0,0.0,11.5,76.75,DEMO,REAL_DERIVED_FROM_SRTM,REAL_DERIVED_FROM_IMD
DEMO-NLG-002,Demo Nilgiris location B,11.42,76.7,Tamil Nadu,Nilgiris,2378.0,8.882979920444779,2024-04-23,0.0,0.0,0.0,11.5,76.75,DEMO,REAL_DERIVED_FROM_SRTM,REAL_DERIVED_FROM_IMD
DEMO-NLG-002,Demo Nilgiris location B,11.42,76.7,Tamil Nadu,Nilgiris,2378.0,8.882979920444779,2024-04-24,0.0,0.0,0.0,11.5,76.75,DEMO,REAL_DERIVED_FROM_SRTM,REAL_DERIVED_FROM_IMD
DEMO-NLG-002,Demo Nilgiris location B,11.42,76.7,Tamil Nadu,Nilgiris,2378.0,8.882979920444779,2024-04-25,0.0,0.0,0.0,11.5,76.75,DEMO,REAL_DERIVED_FROM_SRTM,REAL_DERIVED_FROM_IMD
DEMO-NLG-002,Demo Nilgiris location B,11.42,76.7,Tamil Nadu,Nilgiris,2378.0,8.882979920444779,2024-04-26,0.0,0.0,0.0,11.5,76.75,DEMO,REAL_DERIVED_FROM_SRTM,REAL_DERIVED_FROM_IMD
DEMO-NLG-002,Demo Nilgiris location B,11.42,76.7,Tamil Nadu,Nilgiris,2378.0,8.882979920444779,2024-04-27,0.0,0.0,0.0,11.5,76.75,DEMO,REAL_DERIVED_FROM_SRTM,REAL_DERIVED_FROM_IMD
DEMO-NLG-002,Demo Nilgiris location B,11.42,76.7,Tamil Nadu,Nilgiris,2378.0,8.882979920444779,2024-04-28,0.0,0.0,0.0,11.5,76.75,DEMO,REAL_DERIVED_FROM_SRTM,REAL_DERIVED_FROM_IMD
DEMO-NLG-002,Demo Nilgiris location B,11.42,76.7,Tamil Nadu,Nilgiris,2378.0,8.882979920444779,2024-04-29,0.0,0.0,0.0,11.5,76.75,DEMO,REAL_DERIVED_FROM_SRTM,REAL_DERIVED_FROM_IMD
DEMO-NLG-002,Demo Nilgiris location B,11.42,76.7,Tamil Nadu,Nilgiris,2378.0,8.882979920444779,2024-04-30,0.0,0.0,0.0,11.5,76.75,DEMO,REAL_DERIVED_FROM_SRTM,REAL_DERIVED_FROM_IMD
DEMO-NLG-002,Demo Nilgiris location B,11.42,76.7,Tamil Nadu,Nilgiris,2378.0,8.882979920444779,2024-05-01,0.0,0.0,0.0,11.5,76.75,DEMO,REAL_DERIVED_FROM_SRTM,REAL_DERIVED_FROM_IMD
DEMO-NLG-002,Demo Nilgiris location B,11.42,76.7,Tamil Nadu,Nilgiris,2378.0,8.882979920444779,2024-05-02,0.0,0.0,0.0,11.5,76.75,DEMO,REAL_DERIVED_FROM_SRTM,REAL_DERIVED_FROM_IMD
DEMO-NLG-002,Demo Nilgiris location B,11.42,76.7,Tamil Nadu,Nilgiris,2378.0,8.882979920444779,2024-05-03,4.710154533386231,4.710154533386231,4.710154533386231,11.5,76.75,DEMO,REAL_DERIVED_FROM_SRTM,REAL_DERIVED_FROM_IMD
DEMO-NLG-002,Demo Nilgiris location B,11.42,76.7,Tamil Nadu,Nilgiris,2378.0,8.882979920444779,2024-05-04,16.821979522705078,21.53213405609131,21.53213405609131,11.5,76.75,DEMO,REAL_DERIVED_FROM_SRTM,REAL_DERIVED_FROM_IMD
DEMO-NLG-002,Demo Nilgiris location B,11.42,76.7,Tamil Nadu,Nilgiris,2378.0,8.882979920444779,2024-05-05,4.22435474395752,25.756488800048828,25.756488800048828,11.5,76.75,DEMO,REAL_DERIVED_FROM_SRTM,REAL_DERIVED_FROM_IMD
DEMO-NLG-002,Demo Nilgiris location B,11.42,76.7,Tamil Nadu,Nilgiris,2378.0,8.882979920444779,2024-05-06,0.0,21.0463342666626,25.756488800048828,11.5,76.75,DEMO,REAL_DERIVED_FROM_SRTM,REAL_DERIVED_FROM_IMD
DEMO-NLG-002,Demo Nilgiris location B,11.42,76.7,Tamil Nadu,Nilgiris,2378.0,8.882979920444779,2024-05-07,5.6970319747924805,9.92138671875,31.45352077484131,11.5,76.75,DEMO,REAL_DERIVED_FROM_SRTM,REAL_DERIVED_FROM_IMD
DEMO-NLG-002,Demo Nilgiris location B,11.42,76.7,Tamil Nadu,Nilgiris,2378.0,8.882979920444779,2024-05-08,0.0,5.6970319747924805,31.45352077484131,11.5,76.75,DEMO,REAL_DERIVED_FROM_SRTM,REAL_DERIVED_FROM_IMD
DEMO-NLG-002,Demo Nilgiris location B,11.42,76.7,Tamil Nadu,Nilgiris,2378.0,8.882979920444779,2024-05-09,23.521541595458984,29.218573570251465,54.97506237030029,11.5,76.75,DEMO,REAL_DERIVED_FROM_SRTM,REAL_DERIVED_FROM_IMD
DEMO-NLG-002,Demo Nilgiris location B,11.42,76.7,Tamil Nadu,Nilgiris,2378.0,8.882979920444779,2024-05-10,11.498138427734377,35.01968002319336,61.76304626464844,11.5,76.75,DEMO,REAL_DERIVED_FROM_SRTM,REAL_DERIVED_FROM_IMD
DEMO-NLG-002,Demo Nilgiris location B,11.42,76.7,Tamil Nadu,Nilgiris,2378.0,8.882979920444779,2024-05-11,3.639736175537109,38.65941619873047,48.58080291748047,11.5,76.75,DEMO,REAL_DERIVED_FROM_SRTM,REAL_DERIVED_FROM_IMD
DEMO-NLG-002,Demo Nilgiris location B,11.42,76.7,Tamil Nadu,Nilgiris,2378.0,8.882979920444779,2024-05-12,0.14486825466156,15.282742857933044,44.50131642818451,11.5,76.75,DEMO,REAL_DERIVED_FROM_SRTM,REAL_DERIVED_FROM_IMD
DEMO-NLG-002,Demo Nilgiris location B,11.42,76.7,Tamil Nadu,Nilgiris,2378.0,8.882979920444779,2024-05-13,12.756638526916504,16.541242957115173,57.25795495510101,11.5,76.75,DEMO,REAL_DERIVED_FROM_SRTM,REAL_DERIVED_FROM_IMD
DEMO-NLG-002,Demo Nilgiris location B,11.42,76.7,Tamil Nadu,Nilgiris,2378.0,8.882979920444779,2024-05-14,19.725290298461918,32.62679708003998,71.28621327877045,11.5,76.75,DEMO,REAL_DERIVED_FROM_SRTM,REAL_DERIVED_FROM_IMD
DEMO-NLG-002,Demo Nilgiris location B,11.42,76.7,Tamil Nadu,Nilgiris,2378.0,8.882979920444779,2024-05-15,0.4024223089218139,32.88435113430023,71.68863558769226,11.5,76.75,DEMO,REAL_DERIVED_FROM_SRTM,REAL_DERIVED_FROM_IMD
DEMO-NLG-002,Demo Nilgiris location B,11.42,76.7,Tamil Nadu,Nilgiris,2378.0,8.882979920444779,2024-05-16,21.15396881103516,41.28168141841888,69.32106280326843,11.5,76.75,DEMO,REAL_DERIVED_FROM_SRTM,REAL_DERIVED_FROM_IMD
DEMO-NLG-002,Demo Nilgiris location B,11.42,76.7,Tamil Nadu,Nilgiris,2378.0,8.882979920444779,2024-05-17,8.543680191040039,30.10007131099701,66.3666045665741,11.5,76.75,DEMO,REAL_DERIVED_FROM_SRTM,REAL_DERIVED_FROM_IMD
DEMO-NLG-002,Demo Nilgiris location B,11.42,76.7,Tamil Nadu,Nilgiris,2378.0,8.882979920444779,2024-05-18,32.17637634277344,61.87402534484863,94.90324473381042,11.5,76.75,DEMO,REAL_DERIVED_FROM_SRTM,REAL_DERIVED_FROM_IMD
DEMO-NLG-002,Demo Nilgiris location B,11.42,76.7,Tamil Nadu,Nilgiris,2378.0,8.882979920444779,2024-05-19,24.89584732055664,65.61590385437012,119.6542237997055,11.5,76.75,DEMO,REAL_DERIVED_FROM_SRTM,REAL_DERIVED_FROM_IMD
DEMO-NLG-002,Demo Nilgiris location B,11.42,76.7,Tamil Nadu,Nilgiris,2378.0,8.882979920444779,2024-05-20,31.29872703552246,88.37095069885254,138.19631230831146,11.5,76.75,DEMO,REAL_DERIVED_FROM_SRTM,REAL_DERIVED_FROM_IMD
DEMO-NLG-002,Demo Nilgiris location B,11.42,76.7,Tamil Nadu,Nilgiris,2378.0,8.882979920444779,2024-05-21,31.169967651367188,87.36454200744629,149.64098966121674,11.5,76.75,DEMO,REAL_DERIVED_FROM_SRTM,REAL_DERIVED_FROM_IMD
DEMO-NLG-002,Demo Nilgiris location B,11.42,76.7,Tamil Nadu,Nilgiris,2378.0,8.882979920444779,2024-05-22,21.8961181640625,84.36481285095215,171.13468551635742,11.5,76.75,DEMO,REAL_DERIVED_FROM_SRTM,REAL_DERIVED_FROM_IMD
DEMO-NLG-002,Demo Nilgiris location B,11.42,76.7,Tamil Nadu,Nilgiris,2378.0,8.882979920444779,2024-05-23,50.46644592285156,103.53253173828124,200.44716262817383,11.5,76.75,DEMO,REAL_DERIVED_FROM_SRTM,REAL_DERIVED_FROM_IMD
DEMO-NLG-002,Demo Nilgiris location B,11.42,76.7,Tamil Nadu,Nilgiris,2378.0,8.882979920444779,2024-05-24,36.63263702392578,108.99520111083984,228.5361194610596,11.5,76.75,DEMO,REAL_DERIVED_FROM_SRTM,REAL_DERIVED_FROM_IMD
DEMO-NLG-002,Demo Nilgiris location B,11.42,76.7,Tamil Nadu,Nilgiris,2378.0,8.882979920444779,2024-05-25,1.2385876178741455,88.33767056465149,197.59833073616028,11.5,76.75,DEMO,REAL_DERIVED_FROM_SRTM,REAL_DERIVED_FROM_IMD
DEMO-NLG-002,Demo Nilgiris location B,11.42,76.7,Tamil Nadu,Nilgiris,2378.0,8.882979920444779,2024-05-26,0.0,37.87122464179993,172.70248341560364,11.5,76.75,DEMO,REAL_DERIVED_FROM_SRTM,REAL_DERIVED_FROM_IMD
DEMO-NLG-002,Demo Nilgiris location B,11.42,76.7,Tamil Nadu,Nilgiris,2378.0,8.882979920444779,2024-05-27,0.0,1.2385876178741455,141.40375638008118,11.5,76.75,DEMO,REAL_DERIVED_FROM_SRTM,REAL_DERIVED_FROM_IMD
DEMO-NLG-002,Demo Nilgiris location B,11.42,76.7,Tamil Nadu,Nilgiris,2378.0,8.882979920444779,2024-05-28,0.0,0.0,110.233788728714,11.5,76.75,DEMO,REAL_DERIVED_FROM_SRTM,REAL_DERIVED_FROM_IMD
DEMO-NLG-002,Demo Nilgiris location B,11.42,76.7,Tamil Nadu,Nilgiris,2378.0,8.882979920444779,2024-05-29,0.0,0.0,88.33767056465149,11.5,76.75,DEMO,REAL_DERIVED_FROM_SRTM,REAL_DERIVED_FROM_IMD
DEMO-NLG-002,Demo Nilgiris location B,11.42,76.7,Tamil Nadu,Nilgiris,2378.0,8.882979920444779,2024-05-30,0.0,0.0,37.87122464179993,11.5,76.75,DEMO,REAL_DERIVED_FROM_SRTM,REAL_DERIVED_FROM_IMD
DEMO-NLG-002,Demo Nilgiris location B,11.42,76.7,Tamil Nadu,Nilgiris,2378.0,8.882979920444779,2024-05-31,0.0,0.0,1.2385876178741455,11.5,76.75,DEMO,REAL_DERIVED_FROM_SRTM,REAL_DERIVED_FROM_IMD
DEMO-NLG-002,Demo Nilgiris location B,11.42,76.7,Tamil Nadu,Nilgiris,2378.0,8.882979920444779,2024-06-01,0.234564796090126,0.234564796090126,0.234564796090126,11.5,76.75,DEMO,REAL_DERIVED_FROM_SRTM,REAL_DERIVED_FROM_IMD
DEMO-NLG-002,Demo Nilgiris location B,11.42,76.7,Tamil Nadu,Nilgiris,2378.0,8.882979920444779,2024-06-02,2.421388864517212,2.655953660607338,2.655953660607338,11.5,76.75,DEMO,REAL_DERIVED_FROM_SRTM,REAL_DERIVED_FROM_IMD
DEMO-NLG-002,Demo Nilgiris location B,11.42,76.7,Tamil Nadu,Nilgiris,2378.0,8.882979920444779,2024-06-03,6.850889205932617,9.506842866539955,9.506842866539955,11.5,76.75,DEMO,REAL_DERIVED_FROM_SRTM,REAL_DERIVED_FROM_IMD
DEMO-NLG-002,Demo Nilgiris location B,11.42,76.7,Tamil Nadu,Nilgiris,2378.0,8.882979920444779,2024-06-04,0.8445397615432739,10.116817831993105,10.351382628083227,11.5,76.75,DEMO,REAL_DERIVED_FROM_SRTM,REAL_DERIVED_FROM_IMD
DEMO-NLG-002,Demo Nilgiris location B,11.42,76.7,Tamil Nadu,Nilgiris,2378.0,8.882979920444779,2024-06-05,1.3457584381103516,9.041187405586244,11.69714106619358,11.5,76.75,DEMO,REAL_DERIVED_FROM_SRTM,REAL_DERIVED_FROM_IMD
DEMO-NLG-002,Demo Nilgiris location B,11.42,76.7,Tamil Nadu,Nilgiris,2378.0,8.882979920444779,2024-06-06,3.2010927200317383,5.391390919685364,14.89823378622532,11.5,76.75,DEMO,REAL_DERIVED_FROM_SRTM,REAL_DERIVED_FROM_IMD
DEMO-NLG-002,Demo Nilgiris location B,11.42,76.7,Tamil Nadu,Nilgiris,2378.0,8.882979920444779,2024-06-07,11.384316444396973,15.931167602539062,26.28255023062229,11.5,76.75,DEMO,REAL_DERIVED_FROM_SRTM,REAL_DERIVED_FROM_IMD
DEMO-NLG-002,Demo Nilgiris location B,11.42,76.7,Tamil Nadu,Nilgiris,2378.0,8.882979920444779,2024-06-08,2.691516876220703,17.276926040649414,28.73950231075287,11.5,76.75,DEMO,REAL_DERIVED_FROM_SRTM,REAL_DERIVED_FROM_IMD
DEMO-NLG-002,Demo Nilgiris location B,11.42,76.7,Tamil Nadu,Nilgiris,2378.0,8.882979920444779,2024-06-09,9.099016189575195,23.17484951019287,35.41712963581085,11.5,76.75,DEMO,REAL_DERIVED_FROM_SRTM,REAL_DERIVED_FROM_IMD
DEMO-NLG-002,Demo Nilgiris location B,11.42,76.7,Tamil Nadu,Nilgiris,2378.0,8.882979920444779,2024-06-10,9.42030906677246,21.21084213256836,37.986549496650696,11.5,76.75,DEMO,REAL_DERIVED_FROM_SRTM,REAL_DERIVED_FROM_IMD
DEMO-NLG-002,Demo Nilgiris location B,11.42,76.7,Tamil Nadu,Nilgiris,2378.0,8.882979920444779,2024-06-11,14.851632118225098,33.370957374572754,51.99364185333252,11.5,76.75,DEMO,REAL_DERIVED_FROM_SRTM,REAL_DERIVED_FROM_IMD
DEMO-NLG-002,Demo Nilgiris location B,11.42,76.7,Tamil Nadu,Nilgiris,2378.0,8.882979920444779,2024-06-12,0.0,24.27194118499756,50.64788341522217,11.5,76.75,DEMO,REAL_DERIVED_FROM_SRTM,REAL_DERIVED_FROM_IMD
DEMO-NLG-002,Demo Nilgiris location B,11.42,76.7,Tamil Nadu,Nilgiris,2378.0,8.882979920444779,2024-06-13,1.3457584381103516,16.19739055633545,48.79254913330078,11.5,76.75,DEMO,REAL_DERIVED_FROM_SRTM,REAL_DERIVED_FROM_IMD
DEMO-NLG-002,Demo Nilgiris location B,11.42,76.7,Tamil Nadu,Nilgiris,2378.0,8.882979920444779,2024-06-14,0.0,1.3457584381103516,37.40823268890381,11.5,76.75,DEMO,REAL_DERIVED_FROM_SRTM,REAL_DERIVED_FROM_IMD
DEMO-NLG-002,Demo Nilgiris location B,11.42,76.7,Tamil Nadu,Nilgiris,2378.0,8.882979920444779,2024-06-15,0.0,1.3457584381103516,34.716715812683105,11.5,76.75,DEMO,REAL_DERIVED_FROM_SRTM,REAL_DERIVED_FROM_IMD
DEMO-NLG-002,Demo Nilgiris location B,11.42,76.7,Tamil Nadu,Nilgiris,2378.0,8.882979920444779,2024-06-16,0.0,0.0,25.61769962310791,11.5,76.75,DEMO,REAL_DERIVED_FROM_SRTM,REAL_DERIVED_FROM_IMD
DEMO-NLG-002,Demo Nilgiris location B,11.42,76.7,Tamil Nadu,Nilgiris,2378.0,8.882979920444779,2024-06-17,1.48320734500885,1.48320734500885,17.6805979013443,11.5,76.75,DEMO,REAL_DERIVED_FROM_SRTM,REAL_DERIVED_FROM_IMD
DEMO-NLG-002,Demo Nilgiris location B,11.42,76.7,Tamil Nadu,Nilgiris,2378.0,8.882979920444779,2024-06-18,3.359315156936645,4.842522501945496,6.188280940055847,11.5,76.75,DEMO,REAL_DERIVED_FROM_SRTM,REAL_DERIVED_FROM_IMD
DEMO-NLG-002,Demo Nilgiris location B,11.42,76.7,Tamil Nadu,Nilgiris,2378.0,8.882979920444779,2024-06-19,5.210099220275879,10.052621722221376,11.398380160331726,11.5,76.75,DEMO,REAL_DERIVED_FROM_SRTM,REAL_DERIVED_FROM_IMD
DEMO-NLG-002,Demo Nilgiris location B,11.42,76.7,Tamil Nadu,Nilgiris,2378.0,8.882979920444779,2024-06-20,3.3188555240631104,11.888269901275637,13.371477246284485,11.5,76.75,DEMO,REAL_DERIVED_FROM_SRTM,REAL_DERIVED_FROM_IMD
DEMO-NLG-002,Demo Nilgiris location B,11.42,76.7,Tamil Nadu,Nilgiris,2378.0,8.882979920444779,2024-06-21,0.234564796090126,8.763519540429115,13.606042042374613,11.5,76.75,DEMO,REAL_DERIVED_FROM_SRTM,REAL_DERIVED_FROM_IMD
DEMO-NLG-002,Demo Nilgiris location B,11.42,76.7,Tamil Nadu,Nilgiris,2378.0,8.882979920444779,2024-06-22,0.0,3.5534203201532364,13.606042042374613,11.5,76.75,DEMO,REAL_DERIVED_FROM_SRTM,REAL_DERIVED_FROM_IMD
DEMO-NLG-002,Demo Nilgiris location B,11.42,76.7,Tamil Nadu,Nilgiris,2378.0,8.882979920444779,2024-06-23,1.6643280982971191,1.8988928943872447,15.27037014067173,11.5,76.75,DEMO,REAL_DERIVED_FROM_SRTM,REAL_DERIVED_FROM_IMD
DEMO-NLG-002,Demo Nilgiris location B,11.42,76.7,Tamil Nadu,Nilgiris,2378.0,8.882979920444779,2024-06-24,4.434181213378906,6.098509311676025,18.221344009041783,11.5,76.75,DEMO,REAL_DERIVED_FROM_SRTM,REAL_DERIVED_FROM_IMD
DEMO-NLG-002,Demo Nilgiris location B,11.42,76.7,Tamil Nadu,Nilgiris,2378.0,8.882979920444779,2024-06-25,2.824316501617432,8.922825813293457,17.686345353722572,11.5,76.75,DEMO,REAL_DERIVED_FROM_SRTM,REAL_DERIVED_FROM_IMD
DEMO-NLG-002,Demo Nilgiris location B,11.42,76.7,Tamil Nadu,Nilgiris,2378.0,8.882979920444779,2024-06-26,29.95699691772461,37.21549463272095,42.4332430511713,11.5,76.75,DEMO,REAL_DERIVED_FROM_SRTM,REAL_DERIVED_FROM_IMD
DEMO-NLG-002,Demo Nilgiris location B,11.42,76.7,Tamil Nadu,Nilgiris,2378.0,8.882979920444779,2024-06-27,10.040244102478027,42.82155752182007,49.15463162958622,11.5,76.75,DEMO,REAL_DERIVED_FROM_SRTM,REAL_DERIVED_FROM_IMD
DEMO-NLG-002,Demo Nilgiris location B,11.42,76.7,Tamil Nadu,Nilgiris,2378.0,8.882979920444779,2024-06-28,2.780050039291382,42.77729105949402,51.70011687278748,11.5,76.75,DEMO,REAL_DERIVED_FROM_SRTM,REAL_DERIVED_FROM_IMD
DEMO-NLG-002,Demo Nilgiris location B,11.42,76.7,Tamil Nadu,Nilgiris,2378.0,8.882979920444779,2024-06-29,2.691516876220703,15.511811017990112,54.39163374900818,11.5,76.75,DEMO,REAL_DERIVED_FROM_SRTM,REAL_DERIVED_FROM_IMD
DEMO-NLG-002,Demo Nilgiris location B,11.42,76.7,Tamil Nadu,Nilgiris,2378.0,8.882979920444779,2024-06-30,5.062001705169678,10.533568620681764,57.78930735588074,11.5,76.75,DEMO,REAL_DERIVED_FROM_SRTM,REAL_DERIVED_FROM_IMD
DEMO-NLG-002,Demo Nilgiris location B,11.42,76.7,Tamil Nadu,Nilgiris,2378.0,8.882979920444779,2024-07-01,7.746156215667725,15.499674797058104,61.10128235816956,11.5,76.75,DEMO,REAL_DERIVED_FROM_SRTM,REAL_DERIVED_FROM_IMD
DEMO-NLG-002,Demo Nilgiris location B,11.42,76.7,Tamil Nadu,Nilgiris,2378.0,8.882979920444779,2024-07-02,5.940696239471436,18.74885416030884,64.21766209602356,11.5,76.75,DEMO,REAL_DERIVED_FROM_SRTM,REAL_DERIVED_FROM_IMD
DEMO-NLG-002,Demo Nilgiris location B,11.42,76.7,Tamil Nadu,Nilgiris,2378.0,8.882979920444779,2024-07-03,2.691516876220703,16.378369331359863,36.95218205451965,11.5,76.75,DEMO,REAL_DERIVED_FROM_SRTM,REAL_DERIVED_FROM_IMD
DEMO-NLG-002,Demo Nilgiris location B,11.42,76.7,Tamil Nadu,Nilgiris,2378.0,8.882979920444779,2024-07-04,9.489983558654783,18.122196674346924,36.40192151069641,11.5,76.75,DEMO,REAL_DERIVED_FROM_SRTM,REAL_DERIVED_FROM_IMD
DEMO-NLG-002,Demo Nilgiris location B,11.42,76.7,Tamil Nadu,Nilgiris,2378.0,8.882979920444779,2024-07-05,0.6728792190551758,12.854379653930664,34.294750690460205,11.5,76.75,DEMO,REAL_DERIVED_FROM_SRTM,REAL_DERIVED_FROM_IMD
DEMO-NLG-002,Demo Nilgiris location B,11.42,76.7,Tamil Nadu,Nilgiris,2378.0,8.882979920444779,2024-07-06,4.222166538238525,14.385029315948486,35.82540035247803,11.5,76.75,DEMO,REAL_DERIVED_FROM_SRTM,REAL_DERIVED_FROM_IMD
DEMO-NLG-002,Demo Nilgiris location B,11.42,76.7,Tamil Nadu,Nilgiris,2378.0,8.882979920444779,2024-07-07,0.0,4.895045757293701,30.76339864730835,11.5,76.75,DEMO,REAL_DERIVED_FROM_SRTM,REAL_DERIVED_FROM_IMD
DEMO-NLG-002,Demo Nilgiris location B,11.42,76.7,Tamil Nadu,Nilgiris,2378.0,8.882979920444779,2024-07-08,2.7398061752319336,6.961972713470459,25.75704860687256,11.5,76.75,DEMO,REAL_DERIVED_FROM_SRTM,REAL_DERIVED_FROM_IMD
DEMO-NLG-002,Demo Nilgiris location B,11.42,76.7,Tamil Nadu,Nilgiris,2378.0,8.882979920444779,2024-07-09,10.181721687316896,12.921527862548828,29.998074054718018,11.5,76.75,DEMO,REAL_DERIVED_FROM_SRTM,REAL_DERIVED_FROM_IMD
DEMO-NLG-002,Demo Nilgiris location B,11.42,76.7,Tamil Nadu,Nilgiris,2378.0,8.882979920444779,2024-07-10,7.490204811096191,20.41173267364502,34.796761989593506,11.5,76.75,DEMO,REAL_DERIVED_FROM_SRTM,REAL_DERIVED_FROM_IMD
DEMO-NLG-002,Demo Nilgiris location B,11.42,76.7,Tamil Nadu,Nilgiris,2378.0,8.882979920444779,2024-07-11,1.407388687133789,19.079315185546875,26.71416711807251,11.5,76.75,DEMO,REAL_DERIVED_FROM_SRTM,REAL_DERIVED_FROM_IMD
DEMO-NLG-002,Demo Nilgiris location B,11.42,76.7,Tamil Nadu,Nilgiris,2378.0,8.882979920444779,2024-07-12,2.018637657165528,10.916231155395508,28.05992555618286,11.5,76.75,DEMO,REAL_DERIVED_FROM_SRTM,REAL_DERIVED_FROM_IMD
DEMO-NLG-002,Demo Nilgiris location B,11.42,76.7,Tamil Nadu,Nilgiris,2378.0,8.882979920444779,2024-07-13,21.4522705078125,24.878296852111816,45.29002952575684,11.5,76.75,DEMO,REAL_DERIVED_FROM_SRTM,REAL_DERIVED_FROM_IMD
DEMO-NLG-002,Demo Nilgiris location B,11.42,76.7,Tamil Nadu,Nilgiris,2378.0,8.882979920444779,2024-07-14,7.635072708129883,31.10598087310791,52.92510223388672,11.5,76.75,DEMO,REAL_DERIVED_FROM_SRTM,REAL_DERIVED_FROM_IMD
DEMO-NLG-002,Demo Nilgiris location B,11.42,76.7,Tamil Nadu,Nilgiris,2378.0,8.882979920444779,2024-07-15,39.24187088012695,68.32921409606934,89.42716693878174,11.5,76.75,DEMO,REAL_DERIVED_FROM_SRTM,REAL_DERIVED_FROM_IMD
DEMO-NLG-002,Demo Nilgiris location B,11.42,76.7,Tamil Nadu,Nilgiris,2378.0,8.882979920444779,2024-07-16,43.27978515625,90.15672874450684,122.52523040771484,11.5,76.75,DEMO,REAL_DERIVED_FROM_SRTM,REAL_DERIVED_FROM_IMD
DEMO-NLG-002,Demo Nilgiris location B,11.42,76.7,Tamil Nadu,Nilgiris,2378.0,8.882979920444779,2024-07-17,29.75401306152344,112.2756690979004,144.7890386581421,11.5,76.75,DEMO,REAL_DERIVED_FROM_SRTM,REAL_DERIVED_FROM_IMD
DEMO-NLG-002,Demo Nilgiris location B,11.42,76.7,Tamil Nadu,Nilgiris,2378.0,8.882979920444779,2024-07-18,27.20099258422852,100.23479080200195,170.58264255523682,11.5,76.75,DEMO,REAL_DERIVED_FROM_SRTM,REAL_DERIVED_FROM_IMD
DEMO-NLG-002,Demo Nilgiris location B,11.42,76.7,Tamil Nadu,Nilgiris,2378.0,8.882979920444779,2024-07-19,12.411209106445312,69.36621475219727,180.9752140045166,11.5,76.75,DEMO,REAL_DERIVED_FROM_SRTM,REAL_DERIVED_FROM_IMD
DEMO-NLG-002,Demo Nilgiris location B,11.42,76.7,Tamil Nadu,Nilgiris,2378.0,8.882979920444779,2024-07-20,26.516263961791992,66.12846565246582,186.0392074584961,11.5,76.75,DEMO,REAL_DERIVED_FROM_SRTM,REAL_DERIVED_FROM_IMD
DEMO-NLG-002,Demo Nilgiris location B,11.42,76.7,Tamil Nadu,Nilgiris,2378.0,8.882979920444779,2024-07-21,6.237002372741699,45.16447544097901,184.6411371231079,11.5,76.75,DEMO,REAL_DERIVED_FROM_SRTM,REAL_DERIVED_FROM_IMD
DEMO-NLG-002,Demo Nilgiris location B,11.42,76.7,Tamil Nadu,Nilgiris,2378.0,8.882979920444779,2024-07-22,2.018637657165528,34.77190399169922,147.41790390014648,11.5,76.75,DEMO,REAL_DERIVED_FROM_SRTM,REAL_DERIVED_FROM_IMD
DEMO-NLG-002,Demo Nilgiris location B,11.42,76.7,Tamil Nadu,Nilgiris,2378.0,8.882979920444779,2024-07-23,8.348196029663086,16.603836059570312,112.48631477355956,11.5,76.75,DEMO,REAL_DERIVED_FROM_SRTM,REAL_DERIVED_FROM_IMD
DEMO-NLG-002,Demo Nilgiris location B,11.42,76.7,Tamil Nadu,Nilgiris,2378.0,8.882979920444779,2024-07-24,38.366512298583984,48.7333459854126,121.09881401062012,11.5,76.75,DEMO,REAL_DERIVED_FROM_SRTM,REAL_DERIVED_FROM_IMD
DEMO-NLG-002,Demo Nilgiris location B,11.42,76.7,Tamil Nadu,Nilgiris,2378.0,8.882979920444779,2024-07-25,39.08249282836914,85.79720115661621,132.98031425476074,11.5,76.75,DEMO,REAL_DERIVED_FROM_SRTM,REAL_DERIVED_FROM_IMD
DEMO-NLG-002,Demo Nilgiris location B,11.42,76.7,Tamil Nadu,Nilgiris,2378.0,8.882979920444779,2024-07-26,30.623106002807617,108.07211112976074,151.19221115112305,11.5,76.75,DEMO,REAL_DERIVED_FROM_SRTM,REAL_DERIVED_FROM_IMD
DEMO-NLG-002,Demo Nilgiris location B,11.42,76.7,Tamil Nadu,Nilgiris,2378.0,8.882979920444779,2024-07-27,25.277990341186523,94.98358917236328,149.95393753051758,11.5,76.75,DEMO,REAL_DERIVED_FROM_SRTM,REAL_DERIVED_FROM_IMD
DEMO-NLG-002,Demo Nilgiris location B,11.42,76.7,Tamil Nadu,Nilgiris,2378.0,8.882979920444779,2024-07-28,6.838931560516357,62.7400279045105,150.55586671829224,11.5,76.75,DEMO,REAL_DERIVED_FROM_SRTM,REAL_DERIVED_FROM_IMD
DEMO-NLG-002,Demo Nilgiris location B,11.42,76.7,Tamil Nadu,Nilgiris,2378.0,8.882979920444779,2024-07-29,2.691516876220703,34.808438777923584,151.2287459373474,11.5,76.75,DEMO,REAL_DERIVED_FROM_SRTM,REAL_DERIVED_FROM_IMD
DEMO-NLG-002,Demo Nilgiris location B,11.42,76.7,Tamil Nadu,Nilgiris,2378.0,8.882979920444779,2024-07-30,42.29343795776367,51.82388639450073,185.173987865448,11.5,76.75,DEMO,REAL_DERIVED_FROM_SRTM,REAL_DERIVED_FROM_IMD
DEMO-NLG-002,Demo Nilgiris location B,11.42,76.7,Tamil Nadu,Nilgiris,2378.0,8.882979920444779,2024-07-31,7.197921276092529,52.1828761100769,154.00539684295654,11.5,76.75,DEMO,REAL_DERIVED_FROM_SRTM,REAL_DERIVED_FROM_IMD
DEMO-NLG-002,Demo Nilgiris location B,11.42,76.7,Tamil Nadu,Nilgiris,2378.0,8.882979920444779,2024-08-01,22.57405662536621,72.06541585922241,137.4969606399536,11.5,76.75,DEMO,REAL_DERIVED_FROM_SRTM,REAL_DERIVED_FROM_IMD
DEMO-NLG-002,Demo Nilgiris location B,11.42,76.7,Tamil Nadu,Nilgiris,2378.0,8.882979920444779,2024-08-02,14.16943359375,43.94141149520874,121.043288230896,11.5,76.75,DEMO,REAL_DERIVED_FROM_SRTM,REAL_DERIVED_FROM_IMD
DEMO-NLG-002,Demo Nilgiris location B,11.42,76.7,Tamil Nadu,Nilgiris,2378.0,8.882979920444779,2024-08-03,2.018637657165528,38.76212787628174,97.783935546875,11.5,76.75,DEMO,REAL_DERIVED_FROM_SRTM,REAL_DERIVED_FROM_IMD
DEMO-NLG-002,Demo Nilgiris location B,11.42,76.7,Tamil Nadu,Nilgiris,2378.0,8.882979920444779,2024-08-04,9.037166595458984,25.22523784637451,99.98217058181764,11.5,76.75,DEMO,REAL_DERIVED_FROM_SRTM,REAL_DERIVED_FROM_IMD
DEMO-NLG-002,Demo Nilgiris location B,11.42,76.7,Tamil Nadu,Nilgiris,2378.0,8.882979920444779,2024-08-05,11.48723602294922,22.54304027557373,108.77788972854614,11.5,76.75,DEMO,REAL_DERIVED_FROM_SRTM,REAL_DERIVED_FROM_IMD
DEMO-NLG-002,Demo Nilgiris location B,11.42,76.7,Tamil Nadu,Nilgiris,2378.0,8.882979920444779,2024-08-06,4.131240367889404,24.655642986297607,70.61569213867188,11.5,76.75,DEMO,REAL_DERIVED_FROM_SRTM,REAL_DERIVED_FROM_IMD
DEMO-NLG-002,Demo Nilgiris location B,11.42,76.7,Tamil Nadu,Nilgiris,2378.0,8.882979920444779,2024-08-07,3.167352199554444,18.785828590393063,66.58512306213379,11.5,76.75,DEMO,REAL_DERIVED_FROM_SRTM,REAL_DERIVED_FROM_IMD
DEMO-NLG-002,Demo Nilgiris location B,11.42,76.7,Tamil Nadu,Nilgiris,2378.0,8.882979920444779,2024-08-08,3.062904357910156,10.361496925354004,47.07397079467773,11.5,76.75,DEMO,REAL_DERIVED_FROM_SRTM,REAL_DERIVED_FROM_IMD
DEMO-NLG-002,Demo Nilgiris location B,11.42,76.7,Tamil Nadu,Nilgiris,2378.0,8.882979920444779,2024-08-09,4.037275314331055,10.267531871795654,36.94181251525879,11.5,76.75,DEMO,REAL_DERIVED_FROM_SRTM,REAL_DERIVED_FROM_IMD
DEMO-NLG-002,Demo Nilgiris location B,11.42,76.7,Tamil Nadu,Nilgiris,2378.0,8.882979920444779,2024-08-10,2.018637657165528,9.118817329406738,36.94181251525879,11.5,76.75,DEMO,REAL_DERIVED_FROM_SRTM,REAL_DERIVED_FROM_IMD
DEMO-NLG-002,Demo Nilgiris location B,11.42,76.7,Tamil Nadu,Nilgiris,2378.0,8.882979920444779,2024-08-11,7.082924842834473,13.138837814331056,34.98757076263428,11.5,76.75,DEMO,REAL_DERIVED_FROM_SRTM,REAL_DERIVED_FROM_IMD
DEMO-NLG-002,Demo Nilgiris location B,11.42,76.7,Tamil Nadu,Nilgiris,2378.0,8.882979920444779,2024-08-12,8.911358833312988,18.01292133331299,32.41169357299805,11.5,76.75,DEMO,REAL_DERIVED_FROM_SRTM,REAL_DERIVED_FROM_IMD
DEMO-NLG-002,Demo Nilgiris location B,11.42,76.7,Tamil Nadu,Nilgiris,2378.0,8.882979920444779,2024-08-13,0.4691295921802521,16.463413268327713,28.74958279728889,11.5,76.75,DEMO,REAL_DERIVED_FROM_SRTM,REAL_DERIVED_FROM_IMD
DEMO-NLG-002,Demo Nilgiris location B,11.42,76.7,Tamil Nadu,Nilgiris,2378.0,8.882979920444779,2024-08-14,13.559673309326172,22.94016173481941,39.14190390706062,11.5,76.75,DEMO,REAL_DERIVED_FROM_SRTM,REAL_DERIVED_FROM_IMD
DEMO-NLG-002,Demo Nilgiris location B,11.42,76.7,Tamil Nadu,Nilgiris,2378.0,8.882979920444779,2024-08-15,24.307323455810547,38.33612635731697,60.38632300496101,11.5,76.75,DEMO,REAL_DERIVED_FROM_SRTM,REAL_DERIVED_FROM_IMD
DEMO-NLG-002,Demo Nilgiris location B,11.42,76.7,Tamil Nadu,Nilgiris,2378.0,8.882979920444779,2024-08-16,6.204802513122559,44.07179927825928,62.55385020375252,11.5,76.75,DEMO,REAL_DERIVED_FROM_SRTM,REAL_DERIVED_FROM_IMD
DEMO-NLG-002,Demo Nilgiris location B,11.42,76.7,Tamil Nadu,Nilgiris,2378.0,8.882979920444779,2024-08-17,4.553530693054199,35.065656661987305,65.08874323964119,11.5,76.75,DEMO,REAL_DERIVED_FROM_SRTM,REAL_DERIVED_FROM_IMD
DEMO-NLG-002,Demo Nilgiris location B,11.42,76.7,Tamil Nadu,Nilgiris,2378.0,8.882979920444779,2024-08-18,0.0,10.758333206176758,58.00581839680672,11.5,76.75,DEMO,REAL_DERIVED_FROM_SRTM,REAL_DERIVED_FROM_IMD
DEMO-NLG-002,Demo Nilgiris location B,11.42,76.7,Tamil Nadu,Nilgiris,2378.0,8.882979920444779,2024-08-19,9.900452613830566,14.453983306884766,58.994912177324295,11.5,76.75,DEMO,REAL_DERIVED_FROM_SRTM,REAL_DERIVED_FROM_IMD
DEMO-NLG-002,Demo Nilgiris location B,11.42,76.7,Tamil Nadu,Nilgiris,2378.0,8.882979920444779,2024-08-20,9.726573944091797,19.627026557922363,68.25235652923584,11.5,76.75,DEMO,REAL_DERIVED_FROM_SRTM,REAL_DERIVED_FROM_IMD
DEMO-NLG-002,Demo Nilgiris location B,11.42,76.7,Tamil Nadu,Nilgiris,2378.0,8.882979920444779,2024-08-21,11.48723602294922,31.114262580871586,66.17991924285889,11.5,76.75,DEMO,REAL_DERIVED_FROM_SRTM,REAL_DERIVED_FROM_IMD
DEMO-NLG-002,Demo Nilgiris location B,11.42,76.7,Tamil Nadu,Nilgiris,2378.0,8.882979920444779,2024-08-22,0.8177474737167358,22.03155744075775,42.69034326076508,11.5,76.75,DEMO,REAL_DERIVED_FROM_SRTM,REAL_DERIVED_FROM_IMD
DEMO-NLG-002,Demo Nilgiris location B,11.42,76.7,Tamil Nadu,Nilgiris,2378.0,8.882979920444779,2024-08-23,0.0,12.304983496665956,36.48554074764252,11.5,76.75,DEMO,REAL_DERIVED_FROM_SRTM,REAL_DERIVED_FROM_IMD
DEMO-NLG-002,Demo Nilgiris location B,11.42,76.7,Tamil Nadu,Nilgiris,2378.0,8.882979920444779,2024-08-24,0.0,0.8177474737167358,31.93201005458832,11.5,76.75,DEMO,REAL_DERIVED_FROM_SRTM,REAL_DERIVED_FROM_IMD
DEMO-NLG-002,Demo Nilgiris location B,11.42,76.7,Tamil Nadu,Nilgiris,2378.0,8.882979920444779,2024-08-25,1.3457584381103516,1.3457584381103516,33.27776849269867,11.5,76.75,DEMO,REAL_DERIVED_FROM_SRTM,REAL_DERIVED_FROM_IMD
DEMO-NLG-002,Demo Nilgiris location B,11.42,76.7,Tamil Nadu,Nilgiris,2378.0,8.882979920444779,2024-08-26,0.0,1.3457584381103516,23.377315878868103,11.5,76.75,DEMO,REAL_DERIVED_FROM_SRTM,REAL_DERIVED_FROM_IMD
DEMO-NLG-002,Demo Nilgiris location B,11.42,76.7,Tamil Nadu,Nilgiris,2378.0,8.882979920444779,2024-08-27,0.0,1.3457584381103516,13.650741934776306,11.5,76.75,DEMO,REAL_DERIVED_FROM_SRTM,REAL_DERIVED_FROM_IMD
DEMO-NLG-002,Demo Nilgiris location B,11.42,76.7,Tamil Nadu,Nilgiris,2378.0,8.882979920444779,2024-08-28,0.0,0.0,2.1635059118270874,11.5,76.75,DEMO,REAL_DERIVED_FROM_SRTM,REAL_DERIVED_FROM_IMD
DEMO-NLG-002,Demo Nilgiris location B,11.42,76.7,Tamil Nadu,Nilgiris,2378.0,8.882979920444779,2024-08-29,3.3643958568573,3.3643958568573,4.710154294967651,11.5,76.75,DEMO,REAL_DERIVED_FROM_SRTM,REAL_DERIVED_FROM_IMD
DEMO-NLG-002,Demo Nilgiris location B,11.42,76.7,Tamil Nadu,Nilgiris,2378.0,8.882979920444779,2024-08-30,11.4832124710083,14.8476083278656,16.193366765975952,11.5,76.75,DEMO,REAL_DERIVED_FROM_SRTM,REAL_DERIVED_FROM_IMD
DEMO-NLG-002,Demo Nilgiris location B,11.42,76.7,Tamil Nadu,Nilgiris,2378.0,8.882979920444779,2024-08-31,0.6728792190551758,15.520487546920776,16.866245985031128,11.5,76.75,DEMO,REAL_DERIVED_FROM_SRTM,REAL_DERIVED_FROM_IMD
DEMO-NLG-002,Demo Nilgiris location B,11.42,76.7,Tamil Nadu,Nilgiris,2378.0,8.882979920444779,2024-09-01,4.085564613342285,16.24165630340576,19.60605216026306,11.5,76.75,DEMO,REAL_DERIVED_FROM_SRTM,REAL_DERIVED_FROM_IMD
DEMO-NLG-002,Demo Nilgiris location B,11.42,76.7,Tamil Nadu,Nilgiris,2378.0,8.882979920444779,2024-09-02,1.3457584381103516,6.1042022705078125,20.951810598373413,11.5,76.75,DEMO,REAL_DERIVED_FROM_SRTM,REAL_DERIVED_FROM_IMD
DEMO-NLG-002,Demo Nilgiris location B,11.42,76.7,Tamil Nadu,Nilgiris,2378.0,8.882979920444779,2024-09-03,2.928941011428833,8.36026406288147,23.88075160980225,11.5,76.75,DEMO,REAL_DERIVED_FROM_SRTM,REAL_DERIVED_FROM_IMD
DEMO-NLG-002,Demo Nilgiris location B,11.42,76.7,Tamil Nadu,Nilgiris,2378.0,8.882979920444779,2024-09-04,0.9143262505531312,5.189025700092316,24.795077860355377,11.5,76.75,DEMO,REAL_DERIVED_FROM_SRTM,REAL_DERIVED_FROM_IMD
DEMO-NLG-002,Demo Nilgiris location B,11.42,76.7,Tamil Nadu,Nilgiris,2378.0,8.882979920444779,2024-09-05,0.0,3.843267261981964,21.43068200349808,11.5,76.75,DEMO,REAL_DERIVED_FROM_SRTM,REAL_DERIVED_FROM_IMD
DEMO-NLG-002,Demo Nilgiris location B,11.42,76.7,Tamil Nadu,Nilgiris,2378.0,8.882979920444779,2024-09-06,1.3457584381103516,2.2600846886634827,11.293227970600128,11.5,76.75,DEMO,REAL_DERIVED_FROM_SRTM,REAL_DERIVED_FROM_IMD
DEMO-NLG-002,Demo Nilgiris location B,11.42,76.7,Tamil Nadu,Nilgiris,2378.0,8.882979920444779,2024-09-07,4.754421234130859,6.100179672241211,15.374769985675812,11.5,76.75,DEMO,REAL_DERIVED_FROM_SRTM,REAL_DERIVED_FROM_IMD
DEMO-NLG-002,Demo Nilgiris location B,11.42,76.7,Tamil Nadu,Nilgiris,2378.0,8.882979920444779,2024-09-08,0.0,6.100179672241211,11.289205372333528,11.5,76.75,DEMO,REAL_DERIVED_FROM_SRTM,REAL_DERIVED_FROM_IMD
DEMO-NLG-002,Demo Nilgiris location B,11.42,76.7,Tamil Nadu,Nilgiris,2378.0,8.882979920444779,2024-09-09,0.0,4.754421234130859,9.943446934223177,11.5,76.75,DEMO,REAL_DERIVED_FROM_SRTM,REAL_DERIVED_FROM_IMD
DEMO-NLG-002,Demo Nilgiris location B,11.42,76.7,Tamil Nadu,Nilgiris,2378.0,8.882979920444779,2024-09-10,0.6728792190551758,0.6728792190551758,7.687385141849518,11.5,76.75,DEMO,REAL_DERIVED_FROM_SRTM,REAL_DERIVED_FROM_IMD
DEMO-NLG-002,Demo Nilgiris location B,11.42,76.7,Tamil Nadu,Nilgiris,2378.0,8.882979920444779,2024-09-11,0.0,0.6728792190551758,6.773058891296387,11.5,76.75,DEMO,REAL_DERIVED_FROM_SRTM,REAL_DERIVED_FROM_IMD
DEMO-NLG-002,Demo Nilgiris location B,11.42,76.7,Tamil Nadu,Nilgiris,2378.0,8.882979920444779,2024-09-12,2.018637657165528,2.691516876220703,8.791696548461914,11.5,76.75,DEMO,REAL_DERIVED_FROM_SRTM,REAL_DERIVED_FROM_IMD
DEMO-NLG-002,Demo Nilgiris location B,11.42,76.7,Tamil Nadu,Nilgiris,2378.0,8.882979920444779,2024-09-13,0.0,2.018637657165528,7.445938110351562,11.5,76.75,DEMO,REAL_DERIVED_FROM_SRTM,REAL_DERIVED_FROM_IMD
DEMO-NLG-002,Demo Nilgiris location B,11.42,76.7,Tamil Nadu,Nilgiris,2378.0,8.882979920444779,2024-09-14,0.6728792190551758,2.691516876220703,3.364396095275879,11.5,76.75,DEMO,REAL_DERIVED_FROM_SRTM,REAL_DERIVED_FROM_IMD
DEMO-NLG-002,Demo Nilgiris location B,11.42,76.7,Tamil Nadu,Nilgiris,2378.0,8.882979920444779,2024-09-15,2.018637657165528,2.691516876220703,5.383033752441406,11.5,76.75,DEMO,REAL_DERIVED_FROM_SRTM,REAL_DERIVED_FROM_IMD
DEMO-NLG-002,Demo Nilgiris location B,11.42,76.7,Tamil Nadu,Nilgiris,2378.0,8.882979920444779,2024-09-16,2.018637657165528,4.710154533386231,7.401671409606934,11.5,76.75,DEMO,REAL_DERIVED_FROM_SRTM,REAL_DERIVED_FROM_IMD
DEMO-NLG-002,Demo Nilgiris location B,11.42,76.7,Tamil Nadu,Nilgiris,2378.0,8.882979920444779,2024-09-17,5.383033752441406,9.42030906677246,12.111825942993164,11.5,76.75,DEMO,REAL_DERIVED_FROM_SRTM,REAL_DERIVED_FROM_IMD
DEMO-NLG-002,Demo Nilgiris location B,11.42,76.7,Tamil Nadu,Nilgiris,2378.0,8.882979920444779,2024-09-18,0.0,7.401671409606934,12.111825942993164,11.5,76.75,DEMO,REAL_DERIVED_FROM_SRTM,REAL_DERIVED_FROM_IMD
DEMO-NLG-002,Demo Nilgiris location B,11.42,76.7,Tamil Nadu,Nilgiris,2378.0,8.882979920444779,2024-09-19,0.0,5.383033752441406,10.093188285827637,11.5,76.75,DEMO,REAL_DERIVED_FROM_SRTM,REAL_DERIVED_FROM_IMD
DEMO-NLG-002,Demo Nilgiris location B,11.42,76.7,Tamil Nadu,Nilgiris,2378.0,8.882979920444779,2024-09-20,0.0,0.0,10.093188285827637,11.5,76.75,DEMO,REAL_DERIVED_FROM_SRTM,REAL_DERIVED_FROM_IMD
DEMO-NLG-002,Demo Nilgiris location B,11.42,76.7,Tamil Nadu,Nilgiris,2378.0,8.882979920444779,2024-09-21,0.0,0.0,9.42030906677246,11.5,76.75,DEMO,REAL_DERIVED_FROM_SRTM,REAL_DERIVED_FROM_IMD
DEMO-NLG-002,Demo Nilgiris location B,11.42,76.7,Tamil Nadu,Nilgiris,2378.0,8.882979920444779,2024-09-22,0.0,0.0,7.401671409606934,11.5,76.75,DEMO,REAL_DERIVED_FROM_SRTM,REAL_DERIVED_FROM_IMD
DEMO-NLG-002,Demo Nilgiris location B,11.42,76.7,Tamil Nadu,Nilgiris,2378.0,8.882979920444779,2024-09-23,0.0,0.0,5.383033752441406,11.5,76.75,DEMO,REAL_DERIVED_FROM_SRTM,REAL_DERIVED_FROM_IMD
DEMO-NLG-002,Demo Nilgiris location B,11.42,76.7,Tamil Nadu,Nilgiris,2378.0,8.882979920444779,2024-09-24,0.4828942120075226,0.4828942120075226,0.4828942120075226,11.5,76.75,DEMO,REAL_DERIVED_FROM_SRTM,REAL_DERIVED_FROM_IMD
DEMO-NLG-002,Demo Nilgiris location B,11.42,76.7,Tamil Nadu,Nilgiris,2378.0,8.882979920444779,2024-09-25,0.2828542292118072,0.7657484412193298,0.7657484412193298,11.5,76.75,DEMO,REAL_DERIVED_FROM_SRTM,REAL_DERIVED_FROM_IMD
DEMO-NLG-002,Demo Nilgiris location B,11.42,76.7,Tamil Nadu,Nilgiris,2378.0,8.882979920444779,2024-09-26,0.0,0.7657484412193298,0.7657484412193298,11.5,76.75,DEMO,REAL_DERIVED_FROM_SRTM,REAL_DERIVED_FROM_IMD
DEMO-NLG-002,Demo Nilgiris location B,11.42,76.7,Tamil Nadu,Nilgiris,2378.0,8.882979920444779,2024-09-27,0.3340031206607818,0.6168573498725891,1.0997515618801117,11.5,76.75,DEMO,REAL_DERIVED_FROM_SRTM,REAL_DERIVED_FROM_IMD
DEMO-NLG-002,Demo Nilgiris location B,11.42,76.7,Tamil Nadu,Nilgiris,2378.0,8.882979920444779,2024-09-28,0.1770664453506469,0.5110695660114288,1.276818007230759,11.5,76.75,DEMO,REAL_DERIVED_FROM_SRTM,REAL_DERIVED_FROM_IMD
DEMO-NLG-002,Demo Nilgiris location B,11.42,76.7,Tamil Nadu,Nilgiris,2378.0,8.882979920444779,2024-09-29,15.362366676330566,15.873436242341995,16.639184683561325,11.5,76.75,DEMO,REAL_DERIVED_FROM_SRTM,REAL_DERIVED_FROM_IMD
DEMO-NLG-002,Demo Nilgiris location B,11.42,76.7,Tamil Nadu,Nilgiris,2378.0,8.882979920444779,2024-09-30,23.57449722290039,39.1139303445816,40.21368190646172,11.5,76.75,DEMO,REAL_DERIVED_FROM_SRTM,REAL_DERIVED_FROM_IMD
DEMO-NLG-002,Demo Nilgiris location B,11.42,76.7,Tamil Nadu,Nilgiris,2378.0,8.882979920444779,2024-10-01,0.3863153457641601,39.32317924499512,40.11710304021835,11.5,76.75,DEMO,REAL_DERIVED_FROM_SRTM,REAL_DERIVED_FROM_IMD
DEMO-NLG-002,Demo Nilgiris location B,11.42,76.7,Tamil Nadu,Nilgiris,2378.0,8.882979920444779,2024-10-02,0.2828542292118072,24.24366679787636,40.11710304021835,11.5,76.75,DEMO,REAL_DERIVED_FROM_SRTM,REAL_DERIVED_FROM_IMD
DEMO-NLG-002,Demo Nilgiris location B,11.42,76.7,Tamil Nadu,Nilgiris,2378.0,8.882979920444779,2024-10-03,0.19315767288208,0.8623272478580475,40.31026071310043,11.5,76.75,DEMO,REAL_DERIVED_FROM_SRTM,REAL_DERIVED_FROM_IMD
DEMO-NLG-002,Demo Nilgiris location B,11.42,76.7,Tamil Nadu,Nilgiris,2378.0,8.882979920444779,2024-10-04,0.2897365093231201,0.7657484114170074,40.26599410176277,11.5,76.75,DEMO,REAL_DERIVED_FROM_SRTM,REAL_DERIVED_FROM_IMD
DEMO-NLG-002,Demo Nilgiris location B,11.42,76.7,Tamil Nadu,Nilgiris,2378.0,8.882979920444779,2024-10-05,1.9919817447662356,2.4748759269714355,42.08090940117836,11.5,76.75,DEMO,REAL_DERIVED_FROM_SRTM,REAL_DERIVED_FROM_IMD
DEMO-NLG-002,Demo Nilgiris location B,11.42,76.7,Tamil Nadu,Nilgiris,2378.0,8.882979920444779,2024-10-06,26.701248168945312,28.982966423034668,53.41979089379311,11.5,76.75,DEMO,REAL_DERIVED_FROM_SRTM,REAL_DERIVED_FROM_IMD
DEMO-NLG-002,Demo Nilgiris location B,11.42,76.7,Tamil Nadu,Nilgiris,2378.0,8.882979920444779,2024-10-07,7.014557838439941,35.70778775215149,36.85985150933266,11.5,76.75,DEMO,REAL_DERIVED_FROM_SRTM,REAL_DERIVED_FROM_IMD
DEMO-NLG-002,Demo Nilgiris location B,11.42,76.7,Tamil Nadu,Nilgiris,2378.0,8.882979920444779,2024-10-08,4.211685180664063,37.92749118804932,40.68522134423256,11.5,76.75,DEMO,REAL_DERIVED_FROM_SRTM,REAL_DERIVED_FROM_IMD
DEMO-NLG-002,Demo Nilgiris location B,11.42,76.7,Tamil Nadu,Nilgiris,2378.0,8.882979920444779,2024-10-09,6.726668357849121,17.952911376953125,47.12903547286987,11.5,76.75,DEMO,REAL_DERIVED_FROM_SRTM,REAL_DERIVED_FROM_IMD
DEMO-NLG-002,Demo Nilgiris location B,11.42,76.7,Tamil Nadu,Nilgiris,2378.0,8.882979920444779,2024-10-10,4.85502290725708,15.793376445770264,51.79090070724487,11.5,76.75,DEMO,REAL_DERIVED_FROM_SRTM,REAL_DERIVED_FROM_IMD
DEMO-NLG-002,Demo Nilgiris location B,11.42,76.7,Tamil Nadu,Nilgiris,2378.0,8.882979920444779,2024-10-11,24.261348724365234,35.84303998947144,75.76251292228699,11.5,76.75,DEMO,REAL_DERIVED_FROM_SRTM,REAL_DERIVED_FROM_IMD
DEMO-NLG-002,Demo Nilgiris location B,11.42,76.7,Tamil Nadu,Nilgiris,2378.0,8.882979920444779,2024-10-12,2.14084529876709,31.257216930389404,75.91137647628784,11.5,76.75,DEMO,REAL_DERIVED_FROM_SRTM,REAL_DERIVED_FROM_IMD
DEMO-NLG-002,Demo Nilgiris location B,11.42,76.7,Tamil Nadu,Nilgiris,2378.0,8.882979920444779,2024-10-13,17.81806182861328,44.220255851745605,67.02819013595581,11.5,76.75,DEMO,REAL_DERIVED_FROM_SRTM,REAL_DERIVED_FROM_IMD
DEMO-NLG-002,Demo Nilgiris location B,11.42,76.7,Tamil Nadu,Nilgiris,2378.0,8.882979920444779,2024-10-14,12.195595741271973,32.154502868652344,72.20922803878784,11.5,76.75,DEMO,REAL_DERIVED_FROM_SRTM,REAL_DERIVED_FROM_IMD
DEMO-NLG-002,Demo Nilgiris location B,11.42,76.7,Tamil Nadu,Nilgiris,2378.0,8.882979920444779,2024-10-15,16.665889739990234,46.67954730987549,84.66343259811401,11.5,76.75,DEMO,REAL_DERIVED_FROM_SRTM,REAL_DERIVED_FROM_IMD
DEMO-NLG-002,Demo Nilgiris location B,11.42,76.7,Tamil Nadu,Nilgiris,2378.0,8.882979920444779,2024-10-16,16.586259841918945,45.44774532318115,94.52302408218384,11.5,76.75,DEMO,REAL_DERIVED_FROM_SRTM,REAL_DERIVED_FROM_IMD
DEMO-NLG-002,Demo Nilgiris location B,11.42,76.7,Tamil Nadu,Nilgiris,2378.0,8.882979920444779,2024-10-17,5.496361255645752,38.74851083755493,95.16436243057252,11.5,76.75,DEMO,REAL_DERIVED_FROM_SRTM,REAL_DERIVED_FROM_IMD
DEMO-NLG-002,Demo Nilgiris location B,11.42,76.7,Tamil Nadu,Nilgiris,2378.0,8.882979920444779,2024-10-18,11.493674278259276,33.576295375823975,82.39668798446655,11.5,76.75,DEMO,REAL_DERIVED_FROM_SRTM,REAL_DERIVED_FROM_IMD
DEMO-NLG-002,Demo Nilgiris location B,11.42,76.7,Tamil Nadu,Nilgiris,2378.0,8.882979920444779,2024-10-19,6.333689689636231,23.32372522354126,86.5895323753357,11.5,76.75,DEMO,REAL_DERIVED_FROM_SRTM,REAL_DERIVED_FROM_IMD
DEMO-NLG-002,Demo Nilgiris location B,11.42,76.7,Tamil Nadu,Nilgiris,2378.0,8.882979920444779,2024-10-20,11.13662052154541,28.96398448944092,79.90809106826782,11.5,76.75,DEMO,REAL_DERIVED_FROM_SRTM,REAL_DERIVED_FROM_IMD
DEMO-NLG-002,Demo Nilgiris location B,11.42,76.7,Tamil Nadu,Nilgiris,2378.0,8.882979920444779,2024-10-21,20.20163345336914,37.67194366455078,87.91412878036499,11.5,76.75,DEMO,REAL_DERIVED_FROM_SRTM,REAL_DERIVED_FROM_IMD
DEMO-NLG-002,Demo Nilgiris location B,11.42,76.7,Tamil Nadu,Nilgiris,2378.0,8.882979920444779,2024-10-22,23.87820625305176,55.21646022796631,95.12644529342651,11.5,76.75,DEMO,REAL_DERIVED_FROM_SRTM,REAL_DERIVED_FROM_IMD
DEMO-NLG-002,Demo Nilgiris location B,11.42,76.7,Tamil Nadu,Nilgiris,2378.0,8.882979920444779,2024-10-23,20.24706268310547,64.32690238952637,98.78724813461304,11.5,76.75,DEMO,REAL_DERIVED_FROM_SRTM,REAL_DERIVED_FROM_IMD
DEMO-NLG-002,Demo Nilgiris location B,11.42,76.7,Tamil Nadu,Nilgiris,2378.0,8.882979920444779,2024-10-24,0.0,44.12526893615723,93.29088687896729,11.5,76.75,DEMO,REAL_DERIVED_FROM_SRTM,REAL_DERIVED_FROM_IMD
DEMO-NLG-002,Demo Nilgiris location B,11.42,76.7,Tamil Nadu,Nilgiris,2378.0,8.882979920444779,2024-10-25,6.438862323760986,26.68592500686645,88.236074924469,11.5,76.75,DEMO,REAL_DERIVED_FROM_SRTM,REAL_DERIVED_FROM_IMD
DEMO-NLG-002,Demo Nilgiris location B,11.42,76.7,Tamil Nadu,Nilgiris,2378.0,8.882979920444779,2024-10-26,12.954038619995115,19.392900943756104,94.85642385482788,11.5,76.75,DEMO,REAL_DERIVED_FROM_SRTM,REAL_DERIVED_FROM_IMD
DEMO-NLG-002,Demo Nilgiris location B,11.42,76.7,Tamil Nadu,Nilgiris,2378.0,8.882979920444779,2024-10-27,0.0,19.392900943756104,83.71980333328247,11.5,76.75,DEMO,REAL_DERIVED_FROM_SRTM,REAL_DERIVED_FROM_IMD
DEMO-NLG-002,Demo Nilgiris location B,11.42,76.7,Tamil Nadu,Nilgiris,2378.0,8.882979920444779,2024-10-28,0.0,12.954038619995115,63.51816987991333,11.5,76.75,DEMO,REAL_DERIVED_FROM_SRTM,REAL_DERIVED_FROM_IMD
DEMO-NLG-002,Demo Nilgiris location B,11.42,76.7,Tamil Nadu,Nilgiris,2378.0,8.882979920444779,2024-10-29,0.0,0.0,39.63996362686157,11.5,76.75,DEMO,REAL_DERIVED_FROM_SRTM,REAL_DERIVED_FROM_IMD
DEMO-NLG-002,Demo Nilgiris location B,11.42,76.7,Tamil Nadu,Nilgiris,2378.0,8.882979920444779,2024-10-30,0.0,0.0,19.392900943756104,11.5,76.75,DEMO,REAL_DERIVED_FROM_SRTM,REAL_DERIVED_FROM_IMD
DEMO-NLG-002,Demo Nilgiris location B,11.42,76.7,Tamil Nadu,Nilgiris,2378.0,8.882979920444779,2024-10-31,0.0,0.0,19.392900943756104,11.5,76.75,DEMO,REAL_DERIVED_FROM_SRTM,REAL_DERIVED_FROM_IMD
DEMO-NLG-002,Demo Nilgiris location B,11.42,76.7,Tamil Nadu,Nilgiris,2378.0,8.882979920444779,2024-11-01,6.36077880859375,6.36077880859375,19.314817428588867,11.5,76.75,DEMO,REAL_DERIVED_FROM_SRTM,REAL_DERIVED_FROM_IMD
DEMO-NLG-002,Demo Nilgiris location B,11.42,76.7,Tamil Nadu,Nilgiris,2378.0,8.882979920444779,2024-11-02,14.349248886108398,20.71002769470215,20.71002769470215,11.5,76.75,DEMO,REAL_DERIVED_FROM_SRTM,REAL_DERIVED_FROM_IMD
DEMO-NLG-002,Demo Nilgiris location B,11.42,76.7,Tamil Nadu,Nilgiris,2378.0,8.882979920444779,2024-11-03,44.682559967041016,65.39258766174316,65.39258766174316,11.5,76.75,DEMO,REAL_DERIVED_FROM_SRTM,REAL_DERIVED_FROM_IMD
DEMO-NLG-002,Demo Nilgiris location B,11.42,76.7,Tamil Nadu,Nilgiris,2378.0,8.882979920444779,2024-11-04,18.83730125427246,77.86911010742188,84.22988891601562,11.5,76.75,DEMO,REAL_DERIVED_FROM_SRTM,REAL_DERIVED_FROM_IMD
DEMO-NLG-002,Demo Nilgiris location B,11.42,76.7,Tamil Nadu,Nilgiris,2378.0,8.882979920444779,2024-11-05,6.673517227172852,70.19337844848633,90.90340614318848,11.5,76.75,DEMO,REAL_DERIVED_FROM_SRTM,REAL_DERIVED_FROM_IMD
DEMO-NLG-002,Demo Nilgiris location B,11.42,76.7,Tamil Nadu,Nilgiris,2378.0,8.882979920444779,2024-11-06,0.0,25.510818481445312,90.90340614318848,11.5,76.75,DEMO,REAL_DERIVED_FROM_SRTM,REAL_DERIVED_FROM_IMD
DEMO-NLG-002,Demo Nilgiris location B,11.42,76.7,Tamil Nadu,Nilgiris,2378.0,8.882979920444779,2024-11-07,0.0,6.673517227172852,90.90340614318848,11.5,76.75,DEMO,REAL_DERIVED_FROM_SRTM,REAL_DERIVED_FROM_IMD
DEMO-NLG-002,Demo Nilgiris location B,11.42,76.7,Tamil Nadu,Nilgiris,2378.0,8.882979920444779,2024-11-08,1.8700597286224363,1.8700597286224363,86.41268706321716,11.5,76.75,DEMO,REAL_DERIVED_FROM_SRTM,REAL_DERIVED_FROM_IMD
DEMO-NLG-002,Demo Nilgiris location B,11.42,76.7,Tamil Nadu,Nilgiris,2378.0,8.882979920444779,2024-11-09,0.0,1.8700597286224363,72.06343817710876,11.5,76.75,DEMO,REAL_DERIVED_FROM_SRTM,REAL_DERIVED_FROM_IMD
DEMO-NLG-002,Demo Nilgiris location B,11.42,76.7,Tamil Nadu,Nilgiris,2378.0,8.882979920444779,2024-11-10,0.0,1.8700597286224363,27.38087821006775,11.5,76.75,DEMO,REAL_DERIVED_FROM_SRTM,REAL_DERIVED_FROM_IMD
DEMO-NLG-002,Demo Nilgiris location B,11.42,76.7,Tamil Nadu,Nilgiris,2378.0,8.882979920444779,2024-11-11,0.234564796090126,0.234564796090126,8.778141751885414,11.5,76.75,DEMO,REAL_DERIVED_FROM_SRTM,REAL_DERIVED_FROM_IMD
DEMO-NLG-002,Demo Nilgiris location B,11.42,76.7,Tamil Nadu,Nilgiris,2378.0,8.882979920444779,2024-11-12,0.0,0.234564796090126,2.1046245247125626,11.5,76.75,DEMO,REAL_DERIVED_FROM_SRTM,REAL_DERIVED_FROM_IMD
DEMO-NLG-002,Demo Nilgiris location B,11.42,76.7,Tamil Nadu,Nilgiris,2378.0,8.882979920444779,2024-11-13,4.037275314331055,4.271840110421181,6.141899839043617,11.5,76.75,DEMO,REAL_DERIVED_FROM_SRTM,REAL_DERIVED_FROM_IMD
DEMO-NLG-002,Demo Nilgiris location B,11.42,76.7,Tamil Nadu,Nilgiris,2378.0,8.882979920444779,2024-11-14,0.7645850777626038,4.801860392093658,6.906484916806221,11.5,76.75,DEMO,REAL_DERIVED_FROM_SRTM,REAL_DERIVED_FROM_IMD
DEMO-NLG-002,Demo Nilgiris location B,11.42,76.7,Tamil Nadu,Nilgiris,2378.0,8.882979920444779,2024-11-15,2.4090850353240967,7.210945427417755,7.445510223507881,11.5,76.75,DEMO,REAL_DERIVED_FROM_SRTM,REAL_DERIVED_FROM_IMD
DEMO-NLG-002,Demo Nilgiris location B,11.42,76.7,Tamil Nadu,Nilgiris,2378.0,8.882979920444779,2024-11-16,7.531748294830322,10.705418407917024,14.977258518338203,11.5,76.75,DEMO,REAL_DERIVED_FROM_SRTM,REAL_DERIVED_FROM_IMD
DEMO-NLG-002,Demo Nilgiris location B,11.42,76.7,Tamil Nadu,Nilgiris,2378.0,8.882979920444779,2024-11-17,9.221647262573242,19.16248059272766,24.19890578091145,11.5,76.75,DEMO,REAL_DERIVED_FROM_SRTM,REAL_DERIVED_FROM_IMD
DEMO-NLG-002,Demo Nilgiris location B,11.42,76.7,Tamil Nadu,Nilgiris,2378.0,8.882979920444779,2024-11-18,3.344595193862915,20.09799075126648,27.308936178684235,11.5,76.75,DEMO,REAL_DERIVED_FROM_SRTM,REAL_DERIVED_FROM_IMD
DEMO-NLG-002,Demo Nilgiris location B,11.42,76.7,Tamil Nadu,Nilgiris,2378.0,8.882979920444779,2024-11-19,0.2414471060037613,12.80768956243992,27.550383284688,11.5,76.75,DEMO,REAL_DERIVED_FROM_SRTM,REAL_DERIVED_FROM_IMD
DEMO-NLG-002,Demo Nilgiris location B,11.42,76.7,Tamil Nadu,Nilgiris,2378.0,8.882979920444779,2024-11-20,0.0,3.5860422998666763,23.51310797035694,11.5,76.75,DEMO,REAL_DERIVED_FROM_SRTM,REAL_DERIVED_FROM_IMD
DEMO-NLG-002,Demo Nilgiris location B,11.42,76.7,Tamil Nadu,Nilgiris,2378.0,8.882979920444779,2024-11-21,0.0,0.2414471060037613,22.748522892594337,11.5,76.75,DEMO,REAL_DERIVED_FROM_SRTM,REAL_DERIVED_FROM_IMD
DEMO-NLG-002,Demo Nilgiris location B,11.42,76.7,Tamil Nadu,Nilgiris,2378.0,8.882979920444779,2024-11-22,0.0,0.0,20.33943785727024,11.5,76.75,DEMO,REAL_DERIVED_FROM_SRTM,REAL_DERIVED_FROM_IMD
DEMO-NLG-002,Demo Nilgiris location B,11.42,76.7,Tamil Nadu,Nilgiris,2378.0,8.882979920444779,2024-11-23,0.0,0.0,12.80768956243992,11.5,76.75,DEMO,REAL_DERIVED_FROM_SRTM,REAL_DERIVED_FROM_IMD
DEMO-NLG-002,Demo Nilgiris location B,11.42,76.7,Tamil Nadu,Nilgiris,2378.0,8.882979920444779,2024-11-24,0.0,0.0,3.5860422998666763,11.5,76.75,DEMO,REAL_DERIVED_FROM_SRTM,REAL_DERIVED_FROM_IMD
DEMO-NLG-002,Demo Nilgiris location B,11.42,76.7,Tamil Nadu,Nilgiris,2378.0,8.882979920444779,2024-11-25,0.0,0.0,0.2414471060037613,11.5,76.75,DEMO,REAL_DERIVED_FROM_SRTM,REAL_DERIVED_FROM_IMD
DEMO-NLG-002,Demo Nilgiris location B,11.42,76.7,Tamil Nadu,Nilgiris,2378.0,8.882979920444779,2024-11-26,0.0,0.0,0.0,11.5,76.75,DEMO,REAL_DERIVED_FROM_SRTM,REAL_DERIVED_FROM_IMD
DEMO-NLG-002,Demo Nilgiris location B,11.42,76.7,Tamil Nadu,Nilgiris,2378.0,8.882979920444779,2024-11-27,19.52969741821289,19.52969741821289,19.52969741821289,11.5,76.75,DEMO,REAL_DERIVED_FROM_SRTM,REAL_DERIVED_FROM_IMD
DEMO-NLG-002,Demo Nilgiris location B,11.42,76.7,Tamil Nadu,Nilgiris,2378.0,8.882979920444779,2024-11-28,1.3457584381103516,20.87545585632324,20.87545585632324,11.5,76.75,DEMO,REAL_DERIVED_FROM_SRTM,REAL_DERIVED_FROM_IMD
DEMO-NLG-002,Demo Nilgiris location B,11.42,76.7,Tamil Nadu,Nilgiris,2378.0,8.882979920444779,2024-11-29,0.0,20.87545585632324,20.87545585632324,11.5,76.75,DEMO,REAL_DERIVED_FROM_SRTM,REAL_DERIVED_FROM_IMD
DEMO-NLG-002,Demo Nilgiris location B,11.42,76.7,Tamil Nadu,Nilgiris,2378.0,8.882979920444779,2024-11-30,0.0,1.3457584381103516,20.87545585632324,11.5,76.75,DEMO,REAL_DERIVED_FROM_SRTM,REAL_DERIVED_FROM_IMD
DEMO-NLG-002,Demo Nilgiris location B,11.42,76.7,Tamil Nadu,Nilgiris,2378.0,8.882979920444779,2024-12-01,4.683471202850342,4.683471202850342,25.558927059173584,11.5,76.75,DEMO,REAL_DERIVED_FROM_SRTM,REAL_DERIVED_FROM_IMD
DEMO-NLG-002,Demo Nilgiris location B,11.42,76.7,Tamil Nadu,Nilgiris,2378.0,8.882979920444779,2024-12-02,47.93254852294922,52.61601972579956,73.4914755821228,11.5,76.75,DEMO,REAL_DERIVED_FROM_SRTM,REAL_DERIVED_FROM_IMD
DEMO-NLG-002,Demo Nilgiris location B,11.42,76.7,Tamil Nadu,Nilgiris,2378.0,8.882979920444779,2024-12-03,19.34300994873047,71.95902967453003,92.83448553085329,11.5,76.75,DEMO,REAL_DERIVED_FROM_SRTM,REAL_DERIVED_FROM_IMD
DEMO-NLG-002,Demo Nilgiris location B,11.42,76.7,Tamil Nadu,Nilgiris,2378.0,8.882979920444779,2024-12-04,11.752955436706545,79.02851390838623,85.05774354934692,11.5,76.75,DEMO,REAL_DERIVED_FROM_SRTM,REAL_DERIVED_FROM_IMD
DEMO-NLG-002,Demo Nilgiris location B,11.42,76.7,Tamil Nadu,Nilgiris,2378.0,8.882979920444779,2024-12-05,1.0348379611968994,32.13080334663391,84.74682307243347,11.5,76.75,DEMO,REAL_DERIVED_FROM_SRTM,REAL_DERIVED_FROM_IMD
DEMO-NLG-002,Demo Nilgiris location B,11.42,76.7,Tamil Nadu,Nilgiris,2378.0,8.882979920444779,2024-12-06,0.0,12.787793397903442,84.74682307243347,11.5,76.75,DEMO,REAL_DERIVED_FROM_SRTM,REAL_DERIVED_FROM_IMD
DEMO-NLG-002,Demo Nilgiris location B,11.42,76.7,Tamil Nadu,Nilgiris,2378.0,8.882979920444779,2024-12-07,0.0,1.0348379611968994,84.74682307243347,11.5,76.75,DEMO,REAL_DERIVED_FROM_SRTM,REAL_DERIVED_FROM_IMD
DEMO-NLG-002,Demo Nilgiris location B,11.42,76.7,Tamil Nadu,Nilgiris,2378.0,8.882979920444779,2024-12-08,0.0,0.0,80.06335186958313,11.5,76.75,DEMO,REAL_DERIVED_FROM_SRTM,REAL_DERIVED_FROM_IMD
DEMO-NLG-002,Demo Nilgiris location B,11.42,76.7,Tamil Nadu,Nilgiris,2378.0,8.882979920444779,2024-12-09,0.0,0.0,32.13080334663391,11.5,76.75,DEMO,REAL_DERIVED_FROM_SRTM,REAL_DERIVED_FROM_IMD
DEMO-NLG-002,Demo Nilgiris location B,11.42,76.7,Tamil Nadu,Nilgiris,2378.0,8.882979920444779,2024-12-10,0.0,0.0,12.787793397903442,11.5,76.75,DEMO,REAL_DERIVED_FROM_SRTM,REAL_DERIVED_FROM_IMD
DEMO-NLG-002,Demo Nilgiris location B,11.42,76.7,Tamil Nadu,Nilgiris,2378.0,8.882979920444779,2024-12-11,0.0,0.0,1.0348379611968994,11.5,76.75,DEMO,REAL_DERIVED_FROM_SRTM,REAL_DERIVED_FROM_IMD
DEMO-NLG-002,Demo Nilgiris location B,11.42,76.7,Tamil Nadu,Nilgiris,2378.0,8.882979920444779,2024-12-12,0.0,0.0,0.0,11.5,76.75,DEMO,REAL_DERIVED_FROM_SRTM,REAL_DERIVED_FROM_IMD
DEMO-NLG-002,Demo Nilgiris location B,11.42,76.7,Tamil Nadu,Nilgiris,2378.0,8.882979920444779,2024-12-13,16.737167358398438,16.737167358398438,16.737167358398438,11.5,76.75,DEMO,REAL_DERIVED_FROM_SRTM,REAL_DERIVED_FROM_IMD
DEMO-NLG-002,Demo Nilgiris location B,11.42,76.7,Tamil Nadu,Nilgiris,2378.0,8.882979920444779,2024-12-14,16.106430053710938,32.843597412109375,32.843597412109375,11.5,76.75,DEMO,REAL_DERIVED_FROM_SRTM,REAL_DERIVED_FROM_IMD
DEMO-NLG-002,Demo Nilgiris location B,11.42,76.7,Tamil Nadu,Nilgiris,2378.0,8.882979920444779,2024-12-15,0.2828542292118072,33.12645164132118,33.12645164132118,11.5,76.75,DEMO,REAL_DERIVED_FROM_SRTM,REAL_DERIVED_FROM_IMD
DEMO-NLG-002,Demo Nilgiris location B,11.42,76.7,Tamil Nadu,Nilgiris,2378.0,8.882979920444779,2024-12-16,0.0,16.389284282922745,33.12645164132118,11.5,76.75,DEMO,REAL_DERIVED_FROM_SRTM,REAL_DERIVED_FROM_IMD
DEMO-NLG-002,Demo Nilgiris location B,11.42,76.7,Tamil Nadu,Nilgiris,2378.0,8.882979920444779,2024-12-17,0.0,0.2828542292118072,33.12645164132118,11.5,76.75,DEMO,REAL_DERIVED_FROM_SRTM,REAL_DERIVED_FROM_IMD
DEMO-NLG-002,Demo Nilgiris location B,11.42,76.7,Tamil Nadu,Nilgiris,2378.0,8.882979920444779,2024-12-18,0.0,0.0,33.12645164132118,11.5,76.75,DEMO,REAL_DERIVED_FROM_SRTM,REAL_DERIVED_FROM_IMD
DEMO-NLG-002,Demo Nilgiris location B,11.42,76.7,Tamil Nadu,Nilgiris,2378.0,8.882979920444779,2024-12-19,0.0,0.0,33.12645164132118,11.5,76.75,DEMO,REAL_DERIVED_FROM_SRTM,REAL_DERIVED_FROM_IMD
DEMO-NLG-002,Demo Nilgiris location B,11.42,76.7,Tamil Nadu,Nilgiris,2378.0,8.882979920444779,2024-12-20,0.0,0.0,16.389284282922745,11.5,76.75,DEMO,REAL_DERIVED_FROM_SRTM,REAL_DERIVED_FROM_IMD
DEMO-NLG-002,Demo Nilgiris location B,11.42,76.7,Tamil Nadu,Nilgiris,2378.0,8.882979920444779,2024-12-21,0.0,0.0,0.2828542292118072,11.5,76.75,DEMO,REAL_DERIVED_FROM_SRTM,REAL_DERIVED_FROM_IMD
DEMO-NLG-002,Demo Nilgiris location B,11.42,76.7,Tamil Nadu,Nilgiris,2378.0,8.882979920444779,2024-12-22,0.0,0.0,0.0,11.5,76.75,DEMO,REAL_DERIVED_FROM_SRTM,REAL_DERIVED_FROM_IMD
DEMO-NLG-002,Demo Nilgiris location B,11.42,76.7,Tamil Nadu,Nilgiris,2378.0,8.882979920444779,2024-12-23,0.0,0.0,0.0,11.5,76.75,DEMO,REAL_DERIVED_FROM_SRTM,REAL_DERIVED_FROM_IMD
DEMO-NLG-002,Demo Nilgiris location B,11.42,76.7,Tamil Nadu,Nilgiris,2378.0,8.882979920444779,2024-12-24,0.0,0.0,0.0,11.5,76.75,DEMO,REAL_DERIVED_FROM_SRTM,REAL_DERIVED_FROM_IMD
DEMO-NLG-002,Demo Nilgiris location B,11.42,76.7,Tamil Nadu,Nilgiris,2378.0,8.882979920444779,2024-12-25,0.0,0.0,0.0,11.5,76.75,DEMO,REAL_DERIVED_FROM_SRTM,REAL_DERIVED_FROM_IMD
DEMO-NLG-002,Demo Nilgiris location B,11.42,76.7,Tamil Nadu,Nilgiris,2378.0,8.882979920444779,2024-12-26,0.0,0.0,0.0,11.5,76.75,DEMO,REAL_DERIVED_FROM_SRTM,REAL_DERIVED_FROM_IMD
DEMO-NLG-002,Demo Nilgiris location B,11.42,76.7,Tamil Nadu,Nilgiris,2378.0,8.882979920444779,2024-12-27,16.694042205810547,16.694042205810547,16.694042205810547,11.5,76.75,DEMO,REAL_DERIVED_FROM_SRTM,REAL_DERIVED_FROM_IMD
DEMO-NLG-002,Demo Nilgiris location B,11.42,76.7,Tamil Nadu,Nilgiris,2378.0,8.882979920444779,2024-12-28,1.3245744705200195,18.018616676330566,18.018616676330566,11.5,76.75,DEMO,REAL_DERIVED_FROM_SRTM,REAL_DERIVED_FROM_IMD
DEMO-NLG-002,Demo Nilgiris location B,11.42,76.7,Tamil Nadu,Nilgiris,2378.0,8.882979920444779,2024-12-29,0.0,18.018616676330566,18.018616676330566,11.5,76.75,DEMO,REAL_DERIVED_FROM_SRTM,REAL_DERIVED_FROM_IMD
DEMO-NLG-002,Demo Nilgiris location B,11.42,76.7,Tamil Nadu,Nilgiris,2378.0,8.882979920444779,2024-12-30,0.0,1.3245744705200195,18.018616676330566,11.5,76.75,DEMO,REAL_DERIVED_FROM_SRTM,REAL_DERIVED_FROM_IMD
DEMO-NLG-002,Demo Nilgiris location B,11.42,76.7,Tamil Nadu,Nilgiris,2378.0,8.882979920444779,2024-12-31,0.0,0.0,18.018616676330566,11.5,76.75,DEMO,REAL_DERIVED_FROM_SRTM,REAL_DERIVED_FROM_IMD
